window_id,session_id,num_frames,posture_shoulder_tilt_mean,posture_shoulder_tilt_std,posture_body_lean_mean,posture_body_lean_std,posture_head_height_mean,posture_head_height_std,posture_torso_height_mean,posture_torso_height_std,hands_left_height_mean,hands_right_height_mean,hands_spread_mean,hands_spread_std,hands_left_movement_mean,hands_right_movement_mean,hands_left_visible_ratio,hands_right_visible_ratio,sway_x_std,sway_y_std,sway_crossing_count,movement_path_length,movement_net_displacement,movement_displacement_ratio,posture_label,hands_label,sway_label,movement_label
0,0,90,0.004037236836221485,0.0028965173871441097,1.068824090127205,0.1439542668884977,0.19142400324344636,0.002968805921379207,0.3563355964091089,0.002199299669880985,0.28547281159294974,0.2830750839577781,0.09469853168372809,0.004330560371903343,0.0008972479509857342,0.0014430712215081102,0.0,0.0,0.0031448567901756503,0.002180457716396669,1,0.04651976235821225,0.007442982714504357,0.15999270728181555,low,low,low,low
1,0,90,0.0038733015457789108,0.0012264020213083957,0.7979683447586372,0.05152249115554395,0.17350362572405073,0.007429961807658334,0.3587409461537997,0.0015697912339594892,0.2879329330391354,0.2930555797285504,0.11332492259596313,0.00834224505088783,0.0005629004704317954,0.0005126707404495459,0.0,0.0,0.000326805223408944,0.00147520401422883,3,0.01762761252285957,0.003996564426211554,0.22670896084584563,low,low,low,low
2,0,90,0.001224922802713181,0.0031728373702795743,0.8254647059096152,0.224461078478845,0.1701737536324395,0.00312787660517671,0.3606240260932181,0.0018825028524116784,0.2877892010741764,0.2930224753088421,0.1165422448882009,0.006833065578504214,0.0007018058473212431,0.0007081760395078225,0.0,0.0,0.0005961716681904999,0.003014783173034154,3,0.019480388707826753,0.005893942609954171,0.3025422211090243,low,low,low,low
3,0,90,0.002543774909443319,0.003340871778551402,0.796783751660183,0.1263452732825075,0.1730436482363277,0.007795856658274071,0.36093073205815424,0.0028993897643593996,0.28636923498577543,0.2901995403899087,0.11022992065762664,0.005183232106936286,0.0006753224912864918,0.000991570493606548,0.0,0.0,0.000491098037606635,0.001395115347472661,2,0.018172154396084418,0.0001600088555455607,0.008804682558578612,low,low,low,low
4,0,90,0.004712828331523477,0.005051419314698154,0.9003210631388499,0.22852225376186924,0.16479706068833672,0.001313446763538184,0.35844242490000194,0.001753837063288026,0.2902742819653617,0.29972461925612554,0.11741362437171105,0.004639590914650984,0.0005204452066607845,0.0009006178570551125,0.0,0.0,0.0010214215004932148,0.00184039826369555,1,0.02148477869545628,0.0033738041056074193,0.15702498631436138,low,low,low,low
5,0,90,0.00399017035961152,0.001526198576033991,0.7084083449533546,0.06966485047905692,0.16445500089062584,0.0031427857865133145,0.3541400487224261,0.0018236705010515632,0.2873713360892402,0.29837882816791533,0.12057286124414278,0.0038405595198259678,0.000388697965382647,0.0005401089599787406,0.0,0.0,0.0004960969510290634,0.0019310125683692327,2,0.017839857054601723,0.005496701370036009,0.3080962620356983,low,low,low,low
6,0,90,0.005268713500764634,0.001707585201416764,0.7661656567686432,0.06245769206094199,0.16793665422333612,0.004794620089204149,0.355331234799491,0.001517441107049073,0.2917486502064599,0.29625774423281354,0.10611601216307055,0.011745081679097977,0.0005415839813669103,0.0008881616827288199,0.0,0.0,0.0017018211873545356,0.002324975617805121,1,0.022419428702936586,0.005140572016086331,0.22928071912438627,low,low,low,low
7,0,90,0.005051315161916939,0.0008179938285769105,0.877456653638496,0.04818604999639751,0.17078363680177264,0.001078116968457386,0.35623008592261207,0.001221193331061441,0.28577593796783024,0.2973141955004798,0.12217053793588646,0.007576643315357242,0.00045669509773232453,0.0003267404024819143,0.0,0.0,0.00026939743888038694,0.000645679209745683,3,0.012353575702205943,0.0013998189707420427,0.11330368638172668,low,low,low,low
8,0,90,0.0076324270831214115,0.0008827608936501533,1.022504518150495,0.049375186056725674,0.16658766766389213,0.0015115403201998358,0.35766135586632625,0.0004998157898305401,0.2829365097814136,0.2936356620656119,0.12114384350399826,0.005812967331745568,0.000375586315054535,0.00046206292658861433,0.0,0.0,0.00017736167981804833,0.0016059042048234989,5,0.015244473952533392,0.0009211442474770006,0.06042083377302488,low,low,low,low
9,0,90,0.009870550367567277,0.001609594516117466,0.838796407229634,0.04555323963843933,0.16215214298831093,0.0014058074922074786,0.36128850248124866,0.0028967138980727537,0.28464010622766284,0.2981790204842885,0.10819387162664798,0.003493839713274572,0.0005031420308873819,0.0005912079479597084,0.0,0.0,0.00018074476860911403,0.002934842479059907,5,0.014852638094604353,0.009184254429917126,0.6183168306257135,low,low,low,low
10,0,90,0.011483138468530439,0.0006814470646790714,1.0936989487503361,0.07404389929452153,0.16278082827727,0.0020401032220080466,0.37194862647189036,0.005823580796191021,0.26766035755475365,0.2714168498913447,0.10075740412027365,0.00858009282680626,0.00292610505250438,0.004409044172381619,0.0,0.0,0.0004847288433534118,0.008075433891010524,1,0.03025153028239075,0.019974470766988824,0.6602578554764879,low,low,low,low
11,0,90,0.011027652025222774,0.0018834308717927308,1.249544284941815,0.07406010089454738,0.16008699867460463,0.0008575215161139414,0.3820402794414096,0.002030614390380587,0.2773403525352478,0.2806298706266615,0.08950795686261453,0.003301038001355685,0.0008944680744216156,0.0008569787239213911,0.0,0.0,0.00027866508897978685,0.001948129993105209,3,0.020318481313106634,0.0021944136346165686,0.10799555366608253,low,low,low,low
12,0,90,0.013097675972514678,0.0011540388033259227,1.173181116849171,0.041925269795960944,0.1611349763141738,0.0014217147286624222,0.3790577880210347,0.0018748923674741784,0.2831468668248918,0.29320432709323035,0.09894605602145465,0.003003467865324661,0.000559429930058638,0.0008541212710428848,0.0,0.0,0.00019750095197729875,0.0021483938988053845,3,0.0215485587535493,0.006983543040047506,0.3240689575092709,low,low,low,low
13,0,90,-0.017404805620511374,0.037531805900124206,-2.5175155391077255,4.41678954672734,0.15073368400335313,0.014723668617961825,0.38047803392012913,0.004963341827323644,0.27600645224253334,0.2810109625260035,0.10646005505710941,0.02020096849721173,0.008621245149494831,0.002678606521979548,0.0,0.0,0.00751673440566594,0.008125374265991263,1,0.08174423266743662,0.021787567008611695,0.26653012411439153,low,low,low,low
14,0,90,0.04421838555071089,0.06525284005079496,3.3897029473693583,5.7892614896391486,0.17483826163742278,0.022504055085989787,0.38471866796414056,0.010547066679298528,0.2767764253748788,0.3122649159696367,0.12565452677111782,0.01757314119461967,0.003415362132226452,0.004824735750634205,0.0,0.0,0.007984063094527559,0.007821063284344504,1,0.11484099658568751,0.025051498315845258,0.21813882604482138,low,low,low,low
15,0,90,0.0066696938541200524,0.006576725737477637,-1.0402495254075883,0.8898257672964804,0.18527816153234905,0.010596462626560233,0.3913089750541581,0.003830834915976737,0.28523811962869433,0.30923443271054163,0.1120914931707364,0.007242072281556844,0.0012381334129374915,0.0011162499303517667,0.0,0.0,0.001554862160059147,0.005942205555040391,2,0.06286093652137666,0.005168988272851112,0.08222763342795461,low,low,low,low
16,0,90,0.01192280186547174,0.0014320071093581676,0.04313358275102049,0.09956269204275146,0.17300863017638524,0.004248866065476367,0.38848276635011036,0.005426530839965744,0.28615443309148153,0.3071608311600155,0.11310357894405018,0.005945459460089218,0.0005818815149824754,0.000720489672065311,0.0,0.0,0.0003877077160580574,0.0069198502288947816,5,0.03701761129926726,0.0236462884746357,0.6387675724373741,low,low,low,low
17,0,90,0.010726097557279806,0.0011952840556590484,0.02068475138251744,0.036870865585054806,0.175708702703317,0.0008837456626653212,0.39596967531575095,0.0011922753324592856,0.2904881580008401,0.31576275328795117,0.11613844689298444,0.006635150748906681,0.00034254136464000853,0.0003648486631062199,0.0,0.0,0.0007354676035231238,0.0010199731386676305,1,0.013888059006634944,0.003553805531902261,0.2558708642683837,low,low,low,low
18,0,90,0.014735868573188787,0.001670248802220498,0.2677671463892611,0.15044048345863326,0.17177879313627878,0.005640511038642353,0.3900923846496476,0.0009033891870736204,0.29270965258280435,0.31149623427126144,0.11727440470176899,0.0031964527662138656,0.0002489607714938617,0.00028551710748957757,0.0,0.0,0.00012501418993698127,0.001997742225828125,3,0.01729807629694086,0.005403581790197798,0.3123624462627151,low,low,low,low
19,0,90,0.012860371337996588,0.002712361133006463,0.30607428130394004,0.13332045125610995,0.17127295401361253,0.00564601576847517,0.38955514017078613,0.004859417080861116,0.2891465362575319,0.31118463741408453,0.11423098253649759,0.0032811405046600994,0.0006935969136983765,0.0004745433536044573,0.0,0.0,0.00015968052484532837,0.006911434125643881,5,0.032437351340498334,0.02228378029209029,0.6869578560939267,low,low,low,low
20,0,90,0.0056009905205832485,0.004772386714497469,-0.1953373015292534,0.16350994989461257,0.1820183085070716,0.0032486931629352495,0.37412107470962735,0.0029191591455590836,0.28200625578562416,0.29444439378049636,0.10375992467423231,0.004073584875960187,0.0014350233535531673,0.0017378424716981244,0.0,0.0,0.0008147992735337325,0.0055992567435069664,2,0.03859137464909734,0.003968872225522762,0.10284083997447387,low,low,low,low
21,0,90,0.007014806071917219,0.004370878463464345,0.4044879161369241,0.4042224368282584,0.16886433611313503,0.00555508783241303,0.3720783483650949,0.0032475019486283684,0.28479776084423064,0.2912746197647519,0.09986210496828123,0.0034437018097862983,0.0004400294181060258,0.000564752472382272,0.0,0.0,0.0010669653170018185,0.0035961475849183027,1,0.024811509951939342,0.010396930338669272,0.4190196944528237,low,low,low,low
22,0,90,0.015150019857618548,0.0037392218079860358,0.7371828823543285,0.07763991120907206,0.1708352310789956,0.003548152227913446,0.3768510791990492,0.0025184700224865782,0.28361546165413326,0.2942099216911528,0.09190183920052569,0.004128786015954397,0.00044187912518198983,0.0005891653195573223,0.0,0.0,0.0004318861548892053,0.0026387966317237294,2,0.024153080573022324,0.004149571335213854,0.1717958720336682,low,low,low,low
23,0,90,0.013774210876888699,0.0016024387372596339,0.5719546008162808,0.07511550816716132,0.16977808872858682,0.0022099727439703603,0.37678911950853133,0.0017529175775600953,0.29015011588732403,0.3067499061425527,0.11486509027216028,0.005903327819403857,0.0005647584739177531,0.0007231266966601839,0.0,0.0,0.00029958251963361056,0.002356492903401182,4,0.028678072653856888,0.0037487826647361468,0.1307149192019636,low,low,low,low
24,0,90,0.010271637307273021,0.0022249235166134835,0.3499309107271865,0.11368775774248731,0.1768176957964897,0.0035549124705809352,0.38433213697539437,0.009558829489905121,0.28320072028372023,0.2947697493765089,0.09919794316904329,0.010305640661524593,0.0022414520481529626,0.0013254024898463578,0.0,0.0,0.0011924480074966674,0.018887417240533368,3,0.06951102211653758,0.054106811266021744,0.7783806256608555,low,low,low,low
25,0,90,0.002688739366001562,0.0037383863577843575,0.013678913866764019,0.26360445930117143,0.14227025757233303,0.01069238671935076,0.3755738985207346,0.00960794450382123,0.22132911152309842,0.21854592992199792,0.09953090817584569,0.006475981948402017,0.002768674916254675,0.001931780591190542,0.0,0.0,0.000789624298102632,0.002466031633592021,1,0.02659868120407445,0.008766969789332136,0.32958928049067143,low,low,low,low
26,0,90,0.0033546378215153993,0.002122702325053095,0.466651102425934,0.0689564367968157,0.13076179905070198,0.004283686502119442,0.3679430161913236,0.0029853776790304837,0.21298545400301616,0.21184959643416934,0.10364170788302572,0.003191809346833149,0.0012799953448377093,0.0009372094204886006,0.0,0.0,0.0008134417436895511,0.0012609063773074127,1,0.012980137895722176,0.003459058610253349,0.26646805835051274,low,low,low,low
27,0,90,0.0037351230780283628,0.0016977418752092569,0.1793139812075843,0.16297649690052046,0.16156483391920726,0.003455771908359114,0.3822076439857483,0.003315254337317663,0.2700588266054789,0.2769123136997223,0.09887623927892633,0.010095379595122689,0.003217389191266058,0.0014444122519027384,0.0,0.0,0.0017181977590587226,0.012923330590011111,1,0.052881625726589394,0.03415435470974366,0.645852096798795,low,low,low,low
28,0,90,-0.0008471041917800884,0.0018188233418021005,0.009625501587099156,0.10619248592590932,0.16867674870623484,0.0035627652103482972,0.3860686492588785,0.002522757338449265,0.2884412195947435,0.2915860523780187,0.10158149127784782,0.005811160433298428,0.000536378388809122,0.0005763079699955513,0.0,0.0,0.000354504884917852,0.0030637228654777533,4,0.016297267135445936,0.009132842939693681,0.5603566847810043,low,low,low,low
29,0,90,-0.0026741074191199347,0.001518443263636974,-0.11644215528866896,0.1040455874253895,0.16968938344054751,0.0028773679306349216,0.38872176011403403,0.0009013176053543928,0.2919232656558355,0.2911291218466229,0.10295391430882253,0.00518126180449315,0.00022093489514469147,0.00041208987842382617,0.0,0.0,0.000778345381698879,0.0016007342871210996,1,0.016779578432877827,0.006791740836317176,0.4047381836975455,low,low,low,low
30,0,90,0.005037851797209833,0.00276412282557428,0.5303481964174512,0.19261609058053802,0.17133908553255928,0.002316792326674892,0.37518359704150095,0.007480824602123619,0.2917836636304855,0.30057693322499596,0.10582357308815195,0.004339137596693591,0.0009454310760710365,0.0012362937942437563,0.0,0.0,0.0007227657357266167,0.01129354630816488,5,0.048867925733501176,0.029228593733046062,0.5981018263515653,low,low,low,low
31,0,90,0.004738413956430226,0.0013741740358569916,0.47780305881507945,0.08303752685335575,0.16602236661646103,0.001496738459892261,0.374720708363586,0.0011299549163844224,0.27698720263110266,0.2858340832922194,0.09909287624461507,0.005100532655014053,0.0004910219159946684,0.0006190693761180608,0.0,0.0,0.00030410366218003304,0.001561012350485277,2,0.015277213604690901,0.00492274850295229,0.32220707409411065,low,low,low,low
32,0,90,0.0007725632852978127,0.0032912690001105126,0.4874238957334078,0.12410562447907186,0.16880725108914904,0.0011741370013562788,0.37330917533901004,0.0013682897754124994,0.2783855146831936,0.27583906683656906,0.09524966125494914,0.004264031140064167,0.0008286181780806153,0.0011970626951412775,0.0,0.0,0.0004969107283804562,0.0023881167038183977,4,0.0285254256887415,0.002304907721944022,0.08079903690330534,low,low,low,low
33,0,90,0.0030693269438213803,0.0008346079985829231,0.3255304214793149,0.13220378845133904,0.17039026849799685,0.0008336456216253432,0.37349230067597494,0.0024599626714581014,0.2900946905215581,0.29767217768563164,0.09576514509131324,0.0029762303958903954,0.0002764696157311334,0.0004835583398288736,0.0,0.0,0.0005048348665259535,0.0025145137720066417,1,0.01827796013908316,0.005408068060589084,0.29586300421027906,low,low,low,low
34,0,90,0.005951718820465936,0.0019821562621753597,0.4201597742071166,0.15592111870562084,0.1686845514509413,0.0005844311953912267,0.37321606328090035,0.001010209510239711,0.28579525649547577,0.2940806746482849,0.10003687238811557,0.002106669169268839,0.00021651270685539906,0.00031448796947487143,0.0,0.0,0.000582766192256397,0.0018353511890881649,1,0.011105220762834135,0.004307558440492891,0.3878509650112221,low,low,low,low
35,0,90,0.004288382662667168,0.0008167782542171864,0.41807580653321835,0.03818245937603381,0.1696329630083508,0.001972130130886716,0.3745761318339242,0.00042351529397475905,0.2890414966477288,0.2916705985864004,0.10383114333259716,0.00216609560804102,0.00023184106865005064,0.0004143740786413108,0.0,0.0,0.0003697003925544522,0.0007451948071448873,1,0.01050092754181808,0.001844321790745472,0.17561745531013115,low,low,low,low
36,0,90,0.006830191943380563,0.0003896521080916959,0.3582308390639938,0.043040133992380755,0.16981553700235155,0.0009454410043625126,0.3724903909696473,0.0013170181755154913,0.28883890906969706,0.29913024140728844,0.10645574314100899,0.0007740371848328649,0.00017116203312365842,0.0001953563333091754,0.0,0.0,0.0002832453352200845,0.0011575020704950977,2,0.012963132017034857,0.00200085987137699,0.15433812836431024,low,low,low,low
37,0,90,0.008849038018120663,0.0016716085878563085,0.4173348929948917,0.06581510390465095,0.15575374447637133,0.01016870823532346,0.3723012304968304,0.0014504620235904619,0.284676021999783,0.2987669825553894,0.10768463643758827,0.002388362443694883,0.000501501427950942,0.0005098441142244149,0.0,0.0,0.0005399076562935586,0.000948377202218729,1,0.015518012214501678,0.0041798442452043475,0.2693370033756729,low,low,low,low
38,0,90,0.005265458093749151,0.0018022848896097445,0.13767456893124594,0.16764944280604296,0.15364802165163888,0.007189077441860932,0.3781088340613577,0.0032871022765655466,0.275127555264367,0.2786602215634452,0.10234306611753016,0.00829471323520192,0.0028193423064771183,0.0021225822200897854,0.0,0.0,0.0009162375111751743,0.0037382313523587423,2,0.03614304949577549,0.009329320454992261,0.25811497563610497,low,low,low,low
39,0,90,0.004232761926121182,0.002315260087152834,0.4707585684720926,0.1932285493309753,0.16382420890861088,0.0024365801308767645,0.38294300585985186,0.0020114395156329954,0.2840111434459686,0.2837857163614697,0.1114940507341481,0.009196801223730901,0.002641791515838075,0.0030097574178723453,0.0,0.0,0.0015332485443599005,0.0018803172549161993,1,0.032086543092988945,0.0034939538914241525,0.10888817137849277,low,low,low,low
40,0,90,0.005400371551513667,0.0019775876804108933,0.55019394822279,0.18133740227724102,0.1638526568810145,0.0032550489289181663,0.384317652715577,0.0021426406908450755,0.29116341372330984,0.28398281302717,0.1060135072417928,0.0048905060247274295,0.0004605422711314531,0.0014062865320655451,0.0,0.0,0.0009684577074231615,0.0038745112415401973,3,0.02894585946194378,0.004076394460427341,0.14082337553013466,low,low,low,low
41,0,90,0.00421008202764723,0.0018699940547295278,0.21267333598244495,0.17370162256811694,0.1608139650689231,0.0012451196701802642,0.38133299814330207,0.003652855523583825,0.2930656174818675,0.29656605786747403,0.11170891861931147,0.002719611184025229,0.0005398853696630479,0.0005570014928741578,0.0,0.0,0.0010760782704397592,0.004857383803482953,2,0.03210653621574293,0.0004516868935802683,0.014067940017110304,low,low,low,low
42,0,90,-0.0006284680631425627,0.003401487781544528,0.030751256761474815,0.18569818220798365,0.16350655489497715,0.0007749973909899563,0.38049011793401505,0.0017661716587936797,0.28720408115122054,0.28188043269846175,0.10645330926590124,0.003028674463587142,0.0003958837878155568,0.000770468205559301,0.0,0.0,0.0008045580060113133,0.001765193930888964,2,0.016628773822802312,0.003478814433654355,0.20919192712556892,low,low,low,low
43,0,90,0.0011040230592091966,0.0011747888700778138,0.07003562824092328,0.06891449679927326,0.1644256172908677,0.004479203976158489,0.37852878206306034,0.0009397363012366612,0.288825249671936,0.293389669391844,0.11090445341488894,0.0030215993614669057,0.00028961166012616673,0.00043564184959688656,0.0,0.0,0.0007811216749555352,0.0014464304725760268,1,0.014641786608218958,0.005800624477921016,0.39614211646471315,low,low,low,low
44,0,90,0.0012011004818810345,0.0008982228282577198,-0.0017277577372978173,0.10574515381021855,0.1759067932764689,0.00264115031336692,0.3746845775180393,0.0014910967479117192,0.2853524019320806,0.29819391204251183,0.11522356673043858,0.003390494350521376,0.00041302483195054595,0.0004968561998337978,0.0,0.0,0.0007786162872834851,0.0017170561474514944,2,0.014935940789055385,0.004428069625400074,0.2964509057065163,low,low,low,low
45,0,90,0.0018929349051581426,0.0007195315571111419,0.02122138402297994,0.09061181933348432,0.1675653335120943,0.0036352675708898933,0.3713315152459674,0.002593371977833657,0.2793531146314409,0.28578283455636766,0.11179781797520207,0.010072305164766655,0.002506079660687232,0.0012310500150618264,0.0,0.0,0.0009520481040127581,0.0025507991628500363,1,0.026723643914570695,0.002806274120867704,0.10500697894566442,low,low,low,low
46,0,90,0.0032506773869196612,0.0023804740818172986,0.3277306585244556,0.18798144517097337,0.16906182368596395,0.0017793063038032565,0.3687826343708568,0.0014612566403199262,0.28333596057362026,0.2851213173733817,0.108802923511087,0.0012570252220700294,0.00042866139661552183,0.0006672263010896424,0.0,0.0,0.00031027163608986046,0.0006984826893956287,4,0.01695537752095696,0.001768418851057395,0.10429225516309402,low,low,low,low
47,0,90,0.004662228624025986,0.0018697209355392765,0.2212076453515426,0.06436810325155402,0.17254718393087387,0.007471651885112336,0.37296585357851453,0.0016655457963582218,0.2824548151757982,0.28864451613691117,0.10893466944694183,0.0022625928120217254,0.00025113389128529466,0.0003918371991902396,0.0,0.0,0.00043748399051546865,0.0018399196141595793,2,0.015508107030461803,0.00451850892066619,0.2913455243935889,low,low,low,low
48,0,90,0.004571546448601615,0.0004753231545366019,-0.02089115211738822,0.08075215734021701,0.15751706494225395,0.002004223881788245,0.3710767169793447,0.0008891345184087514,0.28546004692713417,0.2897588557667202,0.10854574602150362,0.0018147473843712029,0.00030634325840399177,0.0009245454038727606,0.0,0.0,0.00018327709576856574,0.0006313453882256763,1,0.011589526584036027,0.0008724194007236301,0.0752700400968183,low,low,low,low
49,0,90,0.005132642057206897,0.000490931311686829,0.16011379712441548,0.034422205452545714,0.17158547126584583,0.007067983270168131,0.37340605821874406,0.0016949311325579694,0.2824734565284517,0.2905735363562902,0.1148300904779859,0.004324603707162666,0.00038397303928497514,0.0006097763023840476,0.0,0.0,0.0005139681892439061,0.0012020010204703163,1,0.015776243819444407,0.0016069698050972519,0.10185364588945302,low,low,low,low
50,0,90,0.003753220041592915,0.0009519904904235741,0.15046067524558324,0.04415873283338217,0.17871785362561543,0.001556582541509172,0.3731911167502403,0.0012822271705287566,0.2799123124943839,0.285466065009435,0.10835878779433586,0.0015737157143686266,0.00022132593584734463,0.0004709386183251512,0.0,0.0,0.0001625115832817919,0.0010057295865312683,5,0.011359904787272258,0.000853368636568617,0.07511449594442997,low,low,low,low
51,0,90,0.006739993558989631,0.004289493378202039,0.5341848132682389,0.2320805733844038,0.17095558808909525,0.0028310072565307723,0.37062618517213397,0.0012004388725646502,0.2816072507037057,0.28814519908693104,0.11123822764397785,0.002701767406981734,0.0003981969966967571,0.000646390359169301,0.0,0.0,0.0006903686273474734,0.002192286362561929,1,0.024753563336123358,0.003625316876926957,0.14645044744686225,low,low,low,low
52,0,90,0.00997603403197395,0.001533818217836441,0.7966864508886911,0.14576190776357517,0.17152789880832037,0.0022101215179598597,0.3743332558208042,0.0012225870929871384,0.28513078192869823,0.2907021856970257,0.11270122561197658,0.002521695301776895,0.0004962427057477437,0.0005446952974297556,0.0,0.0,0.000246428955573427,0.0019315789130500095,5,0.02135777227339236,0.0034544147540639374,0.16173283322877438,low,low,low,low
53,0,90,0.007752039035161341,0.0006312993458800647,0.36049564541899276,0.03650500175010471,0.17202765809165108,0.0008147788752972279,0.3722365356153912,0.0017145389693378548,0.2852115872833464,0.2886696639988158,0.11506081693827619,0.002304416375590332,0.00016307008237308418,0.000332100302340461,0.0,0.0,0.00033496354037983986,0.0011060729226676236,1,0.013677100836078178,0.0015418523450491607,0.11272415399821287,low,low,low,low
54,0,90,0.0073727862702475605,0.0011894828933514694,0.29353987587377506,0.06804952923074843,0.17355929729011324,0.0031756304715513106,0.37224912924898995,0.001427799375620713,0.2858827650547028,0.2945049242840873,0.11199202693003514,0.0018392286498326593,0.0003592363055140088,0.0006659807425775314,0.0,0.0,0.00031849344339995726,0.0023062058562425664,4,0.022145010984979934,0.0037615057397790306,0.1698502607232604,low,low,low,low
55,0,90,0.007579215367635091,0.0011050203140943794,0.3565716779825173,0.11978603205817687,0.16710038251347012,0.004693038363488076,0.37169893582661945,0.0009674406665391998,0.2829637289047241,0.29288894600338405,0.11032607221579337,0.0027999864800349003,0.0003111855601078691,0.00046874937561775567,0.0,0.0,0.000427575005438428,0.0010882920958535081,1,0.013842739026158868,0.003738405107524845,0.2700430209252591,low,low,low,low
56,0,90,0.004797667596075267,0.002424963292139974,0.40972134745829414,0.14888472726478144,0.16807555821206835,0.009159578954509185,0.3786419916484091,0.0054424917736348,0.2860746373732885,0.28784801032808094,0.10705801439900288,0.005195210296556697,0.0008166972614405539,0.0019046682480256788,0.0,0.0,0.0008811187839753605,0.004385555432659342,1,0.04594546923030953,0.012129230656465595,0.2639861312447551,low,low,low,low
57,0,90,0.0038817663987477584,0.0025430791390521814,0.23278089702548574,0.15928267072975918,0.17347346742947897,0.005529851069297474,0.38284635974301234,0.0033355088638627258,0.2880736781491174,0.2908843557039897,0.10034098971214185,0.003161394867261297,0.0004447810857752161,0.0007704211819833932,0.0,0.0,0.0008593077558368375,0.004472607016290189,2,0.03090440747337397,0.006443102529965568,0.208478161484087,low,low,low,low
58,0,90,0.004527760545412699,0.00316041787440629,0.36253967709723844,0.24986462290380906,0.16669948051373165,0.004709172996900736,0.37643797712193594,0.002759968617160935,0.28310750987794664,0.2854349027077357,0.10831394705928064,0.004341233785731609,0.002095608831969074,0.0012569795123057183,0.0,0.0,0.002208004617346801,0.003867687816742062,1,0.04268686555283789,0.011812442990578986,0.27671664623188674,low,low,low,low
59,0,90,0.0033596081866158287,0.001472708101268709,0.27345631699938167,0.10780369933494359,0.17685304681460062,0.0031374104876032635,0.3757084728942977,0.0031494130390399776,0.292179255021943,0.29558211432562936,0.11117553018608825,0.006109290312732337,0.000496111229529331,0.0006719138086177671,0.0,0.0,0.0003866228337363032,0.004388656755569693,3,0.031040350344016535,0.0015792621183848838,0.05087607661659922,low,low,low,low
60,0,90,0.0039950228399700605,0.001052547721516178,0.2963021209299302,0.13297922049912214,0.17194894303878147,0.004046805869587281,0.37277630849017035,0.0017918652272032021,0.2875719010829926,0.29116047653887006,0.11339969813701373,0.0036036549821289897,0.0006287046443201532,0.0009561831798825633,0.0,0.0,0.0003070284705492937,0.001947784458053809,4,0.017502972370103752,0.002311176445919701,0.13203725400453212,low,low,low,low
61,0,90,0.0033879915873209635,0.00156977969577967,0.5741130803511381,0.08258107702117377,0.17772204627593358,0.003196457506589849,0.3721895072195265,0.0016863680121498171,0.28297466701931423,0.296212097009023,0.11356098630465505,0.0037997612395155086,0.0005066028126223519,0.0006510171440892935,0.0,0.0,0.001039973420751463,0.0019559221434209324,1,0.021188062665739336,0.0046722757956924885,0.22050412844580927,low,low,low,low
62,0,90,0.004191762871212433,0.0009714281338798827,0.5341714325716382,0.03803412567729315,0.172496388024754,0.0013995555242084883,0.36923025945822396,0.0018336307146866238,0.27955609295103284,0.28089460531870525,0.11322660234059513,0.002741338806849203,0.0002093387118872264,0.0003803450034785958,0.0,0.0,0.0007511402652671267,0.0010864116864382819,1,0.013956687660527024,0.0027056068229985132,0.19384348531097256,low,low,low,low
63,0,90,0.005463594198226928,0.0007555927297780302,0.4950389547647896,0.018774758504644874,0.17786974989705615,0.002670441962464685,0.36919204460250005,0.0007501025883778553,0.2805795715914832,0.27943814860449895,0.11476122341045145,0.0019328990120471388,0.0001453061068507094,0.0003898329844103402,0.0,0.0,0.00010747162056821277,0.0009870514728618715,11,0.011752194299910394,0.00098834900251708,0.08409194788216981,low,low,low,low
64,0,90,0.007653429441981841,0.0008935125661150054,0.45548790460900646,0.0456616280344404,0.17992043147484463,0.002645724829318172,0.3710921656754282,0.0014540531926924278,0.2824643310573366,0.290192061662674,0.11247921831272115,0.0036804300746707936,0.00032719384499913033,0.00041335647695738903,0.0,0.0,0.0002558795879298619,0.0018564646006245182,4,0.01567903623003345,0.005708236652520339,0.3640448637221141,low,low,low,low
65,0,90,0.009188536471790737,0.0005983868593381132,0.7091422231139833,0.08511763579054624,0.1815783937772115,0.002165424944219256,0.3706519936521848,0.0017706813135254,0.2830055127541224,0.2922224164009094,0.11733382679086975,0.005224099499811598,0.0005232254124175527,0.0006703398546268445,0.0,0.0,0.00043699628402073156,0.0024883786055554698,3,0.0154806189755203,0.0032589057496321024,0.2105016119299357,low,low,low,low
66,0,90,0.008558917376730178,0.0005364015929984423,0.9014996121644893,0.0726488216207381,0.17680130087667043,0.0022110410836943986,0.37022053880823985,0.0013230527063404418,0.2843278126584159,0.2904115160306295,0.11561909038252292,0.006959817138573411,0.00046499521582820064,0.0005860955339947574,0.0,0.0,0.00047478618347728056,0.0015488493025832164,2,0.015912452552862614,0.004765311730075042,0.29945178233606046,low,low,low,low
67,0,90,0.0060850547419654,0.002937496441105627,0.7764526283412715,0.1360822687021533,0.1678828885157903,0.004848097595033497,0.37054081161816915,0.0008272480880092942,0.278972190618515,0.27369634773996143,0.10353266330846975,0.009935380761262,0.0011431642765791564,0.0016939091203735017,0.0,0.0,0.0007478232108467608,0.001999475009474277,3,0.01816168684288151,0.006309414967717461,0.34738334819610156,low,low,low,low
68,0,90,0.0001246343056360856,0.0027409034941996728,0.04418554995323003,0.36150999199978334,0.17016717063056097,0.0035496935004151946,0.3751767921778891,0.001810817621930213,0.2859241952498754,0.28381787472301057,0.10602388911918834,0.003073651231355304,0.0005599964931227038,0.0008550846565020363,0.0,0.0,0.0006181646276031402,0.0016535751952693445,2,0.023232697415007917,0.005836357853131479,0.25120228385867915,low,low,low,low
69,0,90,0.00048643516169654614,0.001609887590113697,0.2614298629836649,0.10238569793412058,0.1766193873352475,0.008918575639355551,0.37574241707722345,0.002837031411450984,0.28680477539698285,0.29119525651137035,0.11408931655128397,0.007211558710731148,0.00074010363727541,0.0012892873700537269,0.0,0.0,0.0003009756714449045,0.003715236402059352,3,0.024223231174255653,0.009368577038283992,0.3867440403326593,low,low,low,low
70,0,90,0.006043644083870782,0.003733773634071677,0.8255708553940824,0.5469229243093442,0.18415535936752955,0.002274758376724494,0.37280807462003496,0.0018612417634181445,0.28804151680734424,0.28310453957981535,0.12399351429526774,0.0040370113534660005,0.0003226341075666358,0.0009733628806426232,0.0,0.0,0.00043533980522803955,0.0029403302856436126,2,0.021309970819147858,0.001502485095502544,0.07050289300535124,low,low,low,low
71,0,90,0.008062745796309575,0.002685489681352915,1.399171770489308,0.165584202136978,0.17935480011834037,0.0029116918156443473,0.37888326197862626,0.007199678592490597,0.2821980294254091,0.28562554319699607,0.11247414785334768,0.011841972489692418,0.0008430506866010503,0.0013528073716389593,0.0,0.0,0.0004966178241612231,0.01077918956694827,4,0.03795551534167598,0.023168470898887482,0.6103950979253532,low,low,low,low
72,0,90,0.005655438701311747,0.0013620304501475475,1.298855421992601,0.06867831605447484,0.17718447032901977,0.0033123533247807232,0.381048127843274,0.0035691127394690994,0.2803627636697557,0.26993202997578514,0.11445795415405195,0.01242675892108519,0.001900971928206209,0.002816781178026025,0.0,0.0,0.0002703649732769345,0.008465577268573051,6,0.037868030718087614,0.02341927662770499,0.6184282033001468,low,low,low,low
73,0,90,0.005980181031756926,0.004304347831228453,1.0511410442658047,0.29229782475850535,0.17598890264829,0.009103407696338934,0.391174974044164,0.006397878180549289,0.2899575432141622,0.16899923351075913,0.2494904567098807,0.07300224218435027,0.0019485042649159553,0.012631174774444554,0.0,0.4888888888888889,0.001973349366586193,0.005371954011889678,3,0.07436152730544042,0.013781671507443392,0.18533086497767692,low,low,low,low
74,0,90,0.0047864549689822684,0.003029186567384326,1.165138285030348,0.2283769947916981,0.18193546185890833,0.010108169377371936,0.3862181762854258,0.0022831381918107783,0.2828872803184721,0.2725280288192961,0.10847412812767056,0.009314464953765958,0.0014948929776716267,0.002912410127377468,0.0,0.0,0.0006952211310212162,0.0030806904068306977,6,0.04001756894394619,0.005062154862772433,0.12649514953578095,low,low,low,low
75,0,90,0.011169911424318956,0.006045892908593996,1.755700221728245,0.6616435107917065,0.1655323189165857,0.0019900958817725507,0.3821007776591513,0.001837468552154737,0.2853971242904663,0.2822285920381546,0.1076520720782118,0.003312255527456219,0.0004971489036434247,0.0008687831092476501,0.0,0.0,0.000800982999484911,0.0027381253188082538,1,0.028839330971525776,0.0023708409698601127,0.08220574764557513,low,low,low,low
76,0,90,0.014906655748685198,0.004386723177142354,1.456137788769452,0.956429586076658,0.1642456455363168,0.0043332426702697956,0.3803362238738272,0.0031842866455553515,0.2783334791660309,0.29391022755040064,0.11123221198443996,0.00787846601780973,0.001481526514558906,0.0017184701880627417,0.0,0.0,0.0002222086183514243,0.0018738328373587997,9,0.022550814509370513,0.002665158482373907,0.11817933680088162,low,low,low,low
77,0,90,0.009238199392954508,0.0010315948647118653,0.6456544224225832,0.05975212754510121,0.17263691955142552,0.003987784196281393,0.37818118664953443,0.0024641923237507086,0.28365438083807626,0.29276669919490816,0.10640379811270646,0.006600761633074348,0.0006299545701354801,0.000799007526360244,0.0,0.0,0.0010604744034000283,0.002625011826781121,1,0.02743100775038386,0.008760091759233072,0.3193383378622912,low,low,low,low
78,0,90,0.011828790770636668,0.0025914673353016147,0.6330234459002186,0.08081682190574938,0.1535837643676334,0.0036644116069384012,0.37709309458732604,0.001455124590879576,0.2703581876224942,0.2790294733312395,0.10333992037554879,0.005065195963937574,0.0022289019377976543,0.001971331800643436,0.0,0.0,0.0005900230127408076,0.004059234445348558,3,0.03232849154447821,0.0015923539468280514,0.04925391247299158,low,low,low,low
79,0,90,0.006676274206903251,0.0008064122447119671,0.5481049498938646,0.08696534469117227,0.16105183793438804,0.008219915576967687,0.3811350310842196,0.004401157414028025,0.2844486888911989,0.2795033693313599,0.10397672333052932,0.009489778859901416,0.0015748671180440843,0.003623222988063244,0.0,0.0,0.000986671995795326,0.004110136767889362,5,0.0375968918574093,0.007119337031050158,0.18935468664175045,low,low,low,low
80,0,90,0.0031773616870244383,0.0014565856577006887,0.3373266812023782,0.08210677831778966,0.1681368672185474,0.0025233627259448085,0.38432496041059494,0.0005495561418275976,0.29388948910766177,0.2872252768940396,0.11031812261635134,0.005160411311891632,0.0005182111480064504,0.0007143229208987989,0.0,0.0,0.0004788355532627948,0.001118847256836984,1,0.017599851142533752,0.0015131898960690374,0.08597254097628851,low,low,low,low
81,0,90,0.007920800646146134,0.002171225234203034,0.5340674251542724,0.25628573851870984,0.15616066753864288,0.007367030418455919,0.39409424513578417,0.005069530554690768,0.28868233495288426,0.293452724814415,0.10925235313403314,0.0038873764201684037,0.0005761766746401483,0.0008907515203713111,0.0,0.0,0.002574678743592717,0.01137778426611398,1,0.04685574839365553,0.029021779199230102,0.6193724531504131,low,low,low,low
82,0,90,0.01002755959828695,0.001245176605619875,0.7461965555283349,0.1654751900722756,0.15927514334519705,0.002972242405697739,0.3971901992956797,0.0013281908508924248,0.2931041154596541,0.3031753189033932,0.10881531094530765,0.0020891854632313117,0.0002322325936679964,0.00036212718034531725,0.0,0.0,0.0010492816938507917,0.0012259417612881934,1,0.014083825039507891,0.005355581519946237,0.38023770298344833,low,low,low,low
83,0,90,0.01054509017202589,0.0011957093464458216,0.7226053468020939,0.09878625367017738,0.1711563436521424,0.009999275806070034,0.38978386322657266,0.006970230255998111,0.29008606010013155,0.3064661774370405,0.10854439570107088,0.0039631006044287395,0.00044676429669445887,0.000475169352566958,0.0,0.0,0.0004583098598070879,0.009742001587047057,2,0.029603993438742034,0.01978791344746921,0.668397832562061,low,low,low,low
84,0,90,0.008512625429365374,0.0012312984061382275,0.8138746993100181,0.0816148123131009,0.17671462545792263,0.005915487209274896,0.380823642677731,0.0013347303163050743,0.2853208260403739,0.2943716310792499,0.11050260621844611,0.001600995943886602,0.00023436767621917771,0.00028710565913298616,0.0,0.0,0.00040362925503394326,0.0017099410605204018,1,0.014952408618059545,0.0018856623432903505,0.12610250889639948,low,low,low,low
85,0,90,0.005957748492558792,0.0011025264382773011,0.6135805168568165,0.0982996832120187,0.17322145617670484,0.003026596974853931,0.3715065121650696,0.003286040866503667,0.285084577732616,0.2877180215385225,0.10438485001105055,0.005026020831853824,0.00039167689485521194,0.0005994745197643765,0.0,0.0,0.0006146288491607324,0.0031958394139285063,2,0.031952030510370176,0.007306427731830672,0.22866149517365536,low,low,low,low
86,0,90,0.005118857158554931,0.0011495650234830286,0.7020881478185202,0.07799396073448009,0.1661808101667298,0.0007072255016214475,0.37451004998551474,0.002048097697495314,0.2854435043202506,0.29276497628953724,0.10482664083828354,0.0026932471800842944,0.00036330543451085434,0.0003258240930661321,0.0,0.0,0.00016279745304023348,0.0020731340804770694,6,0.02102050419260361,0.00030575926747467745,0.01454507083190833,low,low,low,low
87,0,90,0.0063769549131393434,0.0011214773959512736,0.6286162317715042,0.10926479879379633,0.16399010866880417,0.002134345132496284,0.37560108486149046,0.00323352524086166,0.2898683014843199,0.2965052564938863,0.10873549829064741,0.003278214655092081,0.00041350816755147545,0.0004758303268770115,0.0,0.0,0.00026399764391534897,0.006179478192045445,4,0.026928132163641788,0.016912567093749026,0.6280398117167485,low,low,low,low
88,0,90,0.009294147292772923,0.005480449800459324,0.6598292915574321,0.3029442788940325,0.15248239785432816,0.014622060752807834,0.39166692048311236,0.009343881488225632,0.28455576731099025,0.29035520553588867,0.15594026033765407,0.049705519950398985,0.001970367606799619,0.0017704874031028261,0.3,0.3111111111111111,0.0008349542656599279,0.010126359528641835,2,0.03748631114924763,0.027128324944528746,0.7236668652100221,low,low,low,low
89,0,90,0.00647203326225281,0.0029845807323258602,0.13809437422478646,0.2548270085468601,0.1422048067053159,0.004030105082642564,0.4153771741522683,0.0040464502938169266,0.3205823603603575,0.3559475458330578,0.18260897269111542,0.012327812413102263,0.001526695863581533,0.0013895251150541992,0.18888888888888888,0.18888888888888888,0.0014107519629496948,0.009349255406821456,3,0.04668172974291148,0.030900665112991995,0.6619292677006339,low,low,low,low
90,0,90,0.006633551584349741,0.0027978044353980606,0.5753829060011802,0.08091826078588042,0.148698481089539,0.004953661061438405,0.41307928446266384,0.0023140471430926,0.35296902590327794,0.3907954133219189,0.17537735103898963,0.002583326846430553,0.0009526790559248976,0.0008690113819193135,0.0,0.011111111111111112,0.0009250078373491515,0.003924194712978071,1,0.03346815947390108,0.01189277333767969,0.35533528551721044,low,low,low,low
91,0,90,0.01087122294637892,0.0022354412653346895,0.5322802389037549,0.16764598063214384,0.1535579452912013,0.0021719248997044004,0.4125924646854401,0.0043764896168240015,0.3475920210282008,0.38093092872036827,0.17728260342339877,0.0012635209065010942,0.0011456342989021246,0.00038841730454251925,0.044444444444444446,0.011111111111111112,0.0008646645913681026,0.004518130235421182,3,0.035670194544510064,0.01476787347133474,0.4139999700012169,low,low,low,low
92,0,90,0.013567386070887257,0.0031738896977499664,0.9646881646985316,0.15196382850259452,0.159108091559675,0.007250981680794561,0.4086629506614473,0.0034031751609206605,0.34827175471517774,0.3772624300585853,0.17201388834957992,0.0038085589277319027,0.0006256015875218048,0.0004717982149588283,0.0,0.022222222222222223,0.0003894361460876068,0.0038148197673335427,3,0.037356747068970714,0.008185877307155844,0.21912127870138667,low,low,low,low
93,0,90,0.007146415445539681,0.002194321867125353,0.6076833963364282,0.09071101275963808,0.15718485911687216,0.0022267275058432817,0.41009362902906205,0.0013074432047302832,0.3467267135779063,0.36748249663247,0.17259060436330062,0.004582630673180993,0.0005418706305652114,0.0004948159640761674,0.0,0.3,0.0008369377672651056,0.0022541592196051344,2,0.019440956382443773,0.005666924324533559,0.2914791193365104,low,low,low,low
94,0,90,0.004587044318517051,0.0013549380192651127,0.5095336157698073,0.1288404422877676,0.1608669423394733,0.001735368408607846,0.41287416683302985,0.0020504647742328394,0.3445052355527878,0.36567344897323184,0.17532129667320728,0.003147539314179216,0.0003193232277835911,0.00025744003158275497,0.0,0.15555555555555556,0.0005001406095190206,0.0017986643091621706,2,0.015143339084207097,0.0075026390860881784,0.49540881542411597,low,low,low,low
95,0,90,0.010047037733925719,0.002413427120863073,0.8792951809951156,0.12537761978082132,0.16224745346440209,0.002196009153886217,0.4135734134250217,0.0015013283098820325,0.33942334254582723,0.3592432538668315,0.17055676412336596,0.0020531082084188964,0.0007211559440844752,0.0005553970134399706,0.0,0.011111111111111112,0.007053078847908396,0.0016100897900227303,1,0.04256712086548044,0.025192986963796894,0.5918275566687399,low,low,low,low
96,0,90,0.007710225052303738,0.004053789377409364,0.5957305643455809,0.3033453640795884,0.16429829531245763,0.0014656144128103634,0.40918966829776765,0.0035140132766995984,0.3412871840927336,0.358264089624087,0.16867656081008342,0.001985528764442543,0.0009139597886428923,0.001221750314376572,0.0,0.0,0.02051270707567362,0.002483613037082347,1,0.07297953249483008,0.04145279361133985,0.5679979604735873,low,low,low,low
97,0,90,0.007377556297514173,0.004643774998719837,0.6926484650447933,0.3760380857270684,0.16747340394390953,0.0017460185214042117,0.40677392217848035,0.0010803917797621019,0.3406308611234029,0.3671803587012821,0.17245020332363506,0.0017063264114739465,0.00023132741673856586,0.00021633479944451164,0.0,0.011111111111111112,0.00040038083472242414,0.0015235396514781058,3,0.01429354503803085,0.0038482909328752275,0.2692139499813945,low,low,low,low
98,0,90,0.012810284230444162,0.0007734813535493799,1.0416499626232507,0.1145160607461463,0.1709688161810239,0.0023719532319829606,0.4085321683022711,0.0007487475858768402,0.3381316579050488,0.36782276034355166,0.17658891907047083,0.0008435946213495553,0.0001375262846421178,0.0001903200865833947,0.0,0.0,0.001153075445572645,0.000665901674082727,1,0.01190226810884026,0.0020618126626740195,0.17321399835922058,low,low,low,low
99,0,90,0.007357661922772724,0.004617724547829651,1.1709999261351534,0.21924964928215915,0.16846127228604424,0.0022195135551093875,0.4070760443806648,0.003151731070799611,0.3496062288681666,0.37436815632714165,0.16965321570284086,0.0038234716315289257,0.0012815695556285228,0.0007997035181709925,0.0,0.011111111111111112,0.009265710086680671,0.004545335766744696,1,0.04970635891118622,0.019900611983820978,0.4003554487652031,low,low,low,low
100,0,90,0.006373987264103367,0.0028338531081761324,1.2133394038436063,0.12360742117609044,0.17025916245248582,0.002368783831136468,0.4115906574659877,0.0017912011734498845,0.36467444896698,0.3703221105866962,0.16429018630104592,0.0018541592777437947,0.0008563779766134386,0.00042485858459112964,0.022222222222222223,0.022222222222222223,0.003301448693830353,0.004476852525051519,1,0.030889391850971667,0.011043347272844261,0.3575010419460538,low,low,low,low
101,0,90,0.009766882326867848,0.0010679417506925795,1.1835985159673066,0.14235515341742774,0.16529496676392025,0.002530075516485619,0.40934514486127427,0.0017973678799446057,0.3536802457438575,0.36458255483044516,0.1694578385993679,0.0032924376859042918,0.00039391081930679453,0.0004013723042494091,0.044444444444444446,0.0,0.0017829306309177426,0.002126448375592452,1,0.024758341072983987,0.003537459979883613,0.1428737529587769,low,low,low,low
102,0,90,0.010831568307346768,0.003510652536837688,1.1320845771318597,0.17693464606392997,0.16971053762568367,0.003154684107989545,0.4048713646001286,0.0011057154613071597,0.339690253800816,0.3604497916168637,0.17164804561514654,0.0008918102437692502,0.00015456527341312754,0.00018273763923650394,0.0,0.0,0.0006957693621275783,0.0010831819385717513,1,0.011602762255530568,0.0015637219063533397,0.13475990561664955,low,low,low,low
103,0,90,0.010697498586442733,0.00411926367545464,1.3609039187817877,0.33328058560375845,0.1723872342043453,0.00276917369867862,0.40402258435885113,0.0019849659640978823,0.3535149484872818,0.36353747414218057,0.1685688247828476,0.001998411712867094,0.0005754620345227337,0.00032417969297938385,0.011111111111111112,0.011111111111111112,0.0015802131426970328,0.0034457974584762656,1,0.02718671450723234,0.006098185707936321,0.22429931380639265,low,low,low,low
104,0,90,0.015139877796173094,0.001278879348458829,1.676819607719507,0.07823491740852022,0.173472365240256,0.000698521797534431,0.4063218633333842,0.0014695131160681757,0.3511329975393083,0.36394927501678465,0.16925887877094054,0.0009928137260450279,0.0003007865998246143,0.00023276873266055574,0.0,0.14444444444444443,0.0004590681951977092,0.0012196485993741133,1,0.013228498061861027,0.0010093261714913988,0.07629361044325324,low,low,low,low
105,0,90,0.013833654589123192,0.0013809037690098644,1.566322031733097,0.0856620140010938,0.17446700351105796,0.001928957964016762,0.40584404899014365,0.0020736256521450675,0.35090769595570037,0.36553882360458373,0.16933203452145393,0.0008157606333681704,0.00011130856063016728,0.00016623382441478945,0.0,0.0,0.00011985312915583949,0.001983984293472428,5,0.013852322499630733,0.006831733186479227,0.4931476320327727,low,low,low,low
106,0,90,0.016758345895343356,0.0018336101311434243,1.393302950615151,0.11477747809048829,0.16738604969448515,0.002909148921372616,0.40518111056751677,0.003385914416445856,0.3456944525241852,0.3561560140715705,0.16811497916063858,0.0013472919401439731,0.00013704185991504763,0.00017808328630566176,0.0,0.011111111111111112,0.0002446889790798061,0.002786474150834629,2,0.013466162075028716,0.005778101211447362,0.4290511378162828,low,low,low,low
107,0,90,0.01642589569091797,0.0015268088893726844,1.5531331784872107,0.04787283752591868,0.17314713531070286,0.0009519068028883725,0.40488944980833264,0.0010346113779921002,0.34482851094669764,0.3552139189508226,0.16998981463232182,0.0004517965064607321,8.296957799786584e-05,0.00010887828934693288,0.0,0.011111111111111112,0.00013628111495909317,0.0007988452769827529,4,0.009422475095368334,0.002069728608554726,0.21963538796552917,low,low,low,low
108,0,90,0.019371740023295083,0.0005640287082737513,1.635104714900811,0.07794100874013499,0.17213443186548022,0.001521051728074425,0.404310980770323,0.0013380960521168841,0.340601662463612,0.35208682517210643,0.17018277248537325,0.0007986335183772818,0.0001782324771177965,0.0001381097700598258,0.0,0.0,0.0009453221926551983,0.0017916381958306832,1,0.012428293487477059,0.003704299661013702,0.29802978461695445,low,low,low,low
109,0,90,0.017532319161627032,0.001647140162152813,1.6405889712280186,0.0635780853929924,0.16711978763341903,0.002655183613199018,0.4050204768776894,0.0019575261204286894,0.34102177686161467,0.353315207362175,0.16852001451846535,0.0018516436334793085,0.00017566336521509263,0.00010513304669622181,0.0,0.0,0.0008132744490989526,0.0018642182683780287,1,0.01272050135295992,0.002697677218449951,0.21205651311134602,low,low,low,low
110,0,90,0.012851753830909732,0.0013531735792267415,1.4051812726180333,0.04871066194966682,0.16606400161981583,0.0011538400854510314,0.4004325590199894,0.0012240921311345596,0.34220060772365996,0.3552272574769126,0.1649173440909061,0.0019342598033482543,0.00020410170691203628,0.00012423334882816884,0.0,0.011111111111111112,0.00020500219848054857,0.0028275811795250194,3,0.011192620136799706,0.006778105355999464,0.6055329083140879,low,low,low,low
111,0,90,0.009044392903645844,0.0012665312328336465,1.427132332055857,0.0830340524852276,0.16955201857619814,0.0027343910276154135,0.4025037990676032,0.001922014017496614,0.3524913171927134,0.3559539039929708,0.1662328273435949,0.0011327521278861085,0.00015527600096219938,0.00020756448138984157,0.0,0.0,0.0009690675094739619,0.0010410113537937743,1,0.010666395499780863,0.004405364501143585,0.4129747042034847,low,low,low,low
112,0,90,0.011247036523289154,0.002657223747584949,1.255801748246688,0.10786174271017115,0.17468449274698894,0.0008544682209396631,0.40612444993522434,0.0008650865448684753,0.35027504662672676,0.35993799898359513,0.16805132615023685,0.0015217913789634502,0.00019853391706885857,0.00016999773449627992,0.0,0.0,0.000717890572625789,0.0009516206337780358,1,0.01150549930028096,0.0018195308280432294,0.15813070340158114,low,low,low,low
113,0,90,0.013281861941019697,0.0023003488286039123,1.5572433981569864,0.23167338733372617,0.17471801423364217,0.0008528307963920549,0.40548749036259124,0.0037912018593314954,0.35985548463132644,0.3689980536699295,0.1716641091681299,0.001691672123034234,0.00037872180111661277,0.0005273177855473897,0.011111111111111112,0.044444444444444446,0.0009581126306821703,0.0019761448401098025,4,0.030557945946741022,0.0033604131633876177,0.10996495655459579,low,low,low,low
114,0,90,0.012914200292693254,0.0019585540770725276,1.691325463408108,0.16333116492808938,0.16251842147774168,0.004467215033684665,0.40852552271551557,0.002574245892987594,0.35227583216296304,0.36926498214403786,0.16797896520912556,0.003591658662946539,0.00036435310184026196,0.0005033757100415746,0.0,0.0,0.00046746348072754045,0.0015572569386986613,3,0.0226033559434009,0.003619654638781005,0.16013084592386823,low,low,low,low
115,0,90,0.011989568339453803,0.0014993434482603813,1.5725637829697752,0.11326095151765922,0.16145904395315383,0.0019976930834624293,0.40762290391657086,0.0013189378684839593,0.35152549114492204,0.3701161401139365,0.1676218950112123,0.0016513712541550377,0.00026638820923822353,0.0002621271441062176,0.08888888888888889,0.16666666666666666,0.0007485369587350049,0.00042316060926486095,1,0.010346715140612224,0.002499023118142707,0.24150482344983185,low,low,low,low
116,0,90,0.015869799256324757,0.002005664082698809,1.5400982859158399,0.05558361918102399,0.16566933708058462,0.0008309604290009073,0.41121027022600176,0.0015898142605793256,0.3468980650107066,0.36175084279643166,0.16992618343302793,0.0014576760114357649,0.0002468054137051532,0.00021751109380450245,0.011111111111111112,0.03333333333333333,0.00032146223532233254,0.002210161655804198,3,0.01474591588829958,0.0027017840285463736,0.18321010637146232,low,low,low,low
117,0,90,0.005246207118034361,0.0032141898973499176,0.7209619487799671,0.187268835976176,0.16100211607085335,0.0020061749400553004,0.4096270112527741,0.0013337070163518534,0.35495420429441665,0.3629494994878769,0.1698511053050016,0.0006958350082252404,0.00014881894022036128,0.0001780981464337433,0.044444444444444446,0.12222222222222222,0.0009855351293021587,0.0027215416407549518,2,0.013719851817186891,0.00579900907614432,0.4226420599397785,low,low,low,low
118,0,90,0.0076548957162433226,0.0021314998628186254,0.9115959160066545,0.07043672937201675,0.164720524681939,0.0016083763394487821,0.4106876434551345,0.0006292268778045017,0.35618253416485257,0.36389586759938136,0.1690071066519715,0.001264510500164982,0.00017846214515172075,0.0002821444585227898,0.0,0.03333333333333333,0.0005731452707572212,0.002850503339403154,2,0.01407944031982556,0.007757007162647097,0.5509065758210037,low,low,low,low
119,0,90,0.007537199722396008,0.001002912426260321,0.8062426967809334,0.08036064600357247,0.165556633969148,0.004683646886043059,0.407697204583221,0.0012268731206086462,0.35596022407213845,0.3670583516359329,0.16710115211648585,0.0024439874797811826,0.00017434261694752965,0.0003152562265551193,0.022222222222222223,0.03333333333333333,0.00029083111277320784,0.001445053564115206,4,0.013536345638968212,0.004814495476537932,0.35564545701478323,low,low,low,low
120,0,90,0.0022324293851852385,0.001960840694196738,0.6378011526961411,0.18446191820931632,0.18350050664610332,0.0057884394242935745,0.4153420999646187,0.005771202033882759,0.37049670418103536,0.3789838661750158,0.17204049090453527,0.002333745870672184,0.00038794064299353545,0.0005935135941454404,0.0,0.15555555555555556,0.0007274092281209539,0.004686948367244652,1,0.01960805494870724,0.011800133878606995,0.6017696370107289,low,low,low,low
121,0,90,0.004580580857064995,0.002871486513916692,0.8703423217706961,0.21156914417022973,0.18488952269156775,0.0019433882380894816,0.41844829734828737,0.003508504195600561,0.3707148078415129,0.3819204310576121,0.1732443607031846,0.0018558694885144203,0.0003215072884621937,0.0004856495987674324,0.07777777777777778,0.12222222222222222,0.0011390954223214653,0.0038226132317958853,1,0.01801055481998158,0.010104675736200292,0.5610107421148568,low,low,low,low
122,0,90,0.0008863273594114479,0.0016619811188820005,0.7202647123763591,0.14125480429372575,0.1846806675195694,0.003048269232605099,0.4180581524968147,0.003272037223102064,0.37201663023895687,0.3822762515809801,0.17388021176273538,0.001612756715582789,0.0004017746736933684,0.00042763097201102486,0.0,0.2,0.0016383062774450088,0.0022032674217407748,1,0.020674233749821767,0.0048940682630256895,0.2367116291039698,low,low,low,low
123,0,90,0.004654332995414729,0.0032252635667142197,1.025728334294893,0.548093463443105,0.1846131756901741,0.008954688140359933,0.42123422738578586,0.005624939544615211,0.37396083407931857,0.3786217123270035,0.1750915943729771,0.0041406574918153895,0.0004256024839694055,0.0006479034143199168,0.022222222222222223,0.14444444444444443,0.004024610264415435,0.0036672948001244526,1,0.03483127978224096,0.009284118874136993,0.26653779000909517,low,low,low,low
124,0,90,0.0034857001569535977,0.002243984390803138,0.5506713805773304,0.10151963570172033,0.17036699006954828,0.0022821970803975815,0.4107919428083632,0.0025839317023730614,0.35952093137635127,0.3762895113892025,0.17134867549191446,0.0013287798843934907,0.0002377460196012535,0.0004177248701903881,0.14444444444444443,0.0,0.0006764434349557527,0.0015332401926884222,2,0.018541588690883508,0.0030456386160465612,0.1642509935812767,low,low,low,low
125,0,90,0.002775773737165661,0.0018120507773993631,0.004278556571156921,0.23957274905755202,0.16109397610028584,0.002720135543570397,0.4085702846447627,0.0022519097494974696,0.34490545789400734,0.3624420543511709,0.16889281815574111,0.0016298668029846924,0.0003999144533912875,0.0004828355007792357,0.0,0.2222222222222222,0.002519282359134698,0.0027695843254032853,1,0.03597218586810129,0.004547165377782096,0.1264042999820661,low,low,low,low
126,0,90,0.006347101926803586,0.002035825404657369,0.21121300467394163,0.09740462338735664,0.1629342433479097,0.004352949400895035,0.4057532098558214,0.0009326708338441614,0.34352674186229704,0.36091611683368685,0.1665069009167192,0.0011301908601302833,0.0001977540860672527,0.0001750936668284273,0.0,0.011111111111111112,0.0011884583417587692,0.0011309539364981187,1,0.015161811147827902,0.0033257535029795763,0.2193362082107048,low,low,low,low
127,0,90,0.004097699125607811,0.0014833110233842734,0.3607749515048608,0.10499908188462224,0.177152423063914,0.004075086136188422,0.40890016340547136,0.004221782770621513,0.35112014214197795,0.3596877737177743,0.16862836263429418,0.0032526595073263404,0.0003514890775672772,0.000287567562396422,0.0,0.05555555555555555,0.0009606551699715912,0.0023593317349906366,5,0.019200164689410482,0.0029442548486984335,0.15333730512306898,low,low,low,low
128,0,90,0.004899398816956413,0.0027319545692576263,0.38245023934216965,0.08075725449564765,0.17767078363233144,0.00409143987809721,0.4099826635585891,0.0015128012924583223,0.35108510421382055,0.3647958874702454,0.16414602839731143,0.0022952009338715403,0.00034011041653846824,0.0002119721014256664,0.0,0.05555555555555555,0.002756201595575827,0.0015790605856204774,1,0.018099983247989098,0.006339242873451728,0.35021538811467473,low,low,low,low
129,0,90,0.004442814985911054,0.0017895916583551051,0.28817092467252076,0.14792162954340332,0.1767329015665584,0.001717738016075797,0.40986817909611595,0.0009437089051048964,0.3438252164257897,0.3581321974595388,0.16346692897240667,0.0022336289902773255,0.00047831802228921413,0.0002915691248148759,0.0,0.0,0.001560250282896669,0.0013766864288860966,2,0.01768090830890447,0.003670097618098691,0.20756230345626542,low,low,low,low
130,0,90,0.005128057797749834,0.0044275434999638255,0.3141143730833155,0.19467036821745068,0.16737907727559406,0.00840078648489161,0.4066659490267436,0.0021835532858328873,0.3425090534819497,0.35962014496326444,0.15757999185915156,0.00274229695250625,0.0003445156866535236,0.0002983733949871465,0.0,0.0,0.0014768910989728273,0.002373931459534019,1,0.02042253111974512,0.004785008896852893,0.23428901049470469,low,low,low,low
131,0,90,0.00788972410890791,0.0013704619274095744,0.35868018570443194,0.08156095995475128,0.16083751767873763,0.003944696677721737,0.40312064107921386,0.0031029884858498075,0.3354987326595518,0.35828740398089093,0.16184894352849932,0.0026053847033211596,0.0001822819958315499,0.00029281746482491083,0.0,0.0,0.0007321065701560212,0.0010561568580901325,1,0.014718296036851273,0.002765023676672909,0.18785026605554964,low,low,low,low
132,0,90,0.006406408548355105,0.00167966132530966,0.6945246071881676,0.08594253254324084,0.16778255750735602,0.0015754207575484546,0.4112860020664003,0.0016350028092010217,0.3495233562257555,0.3628602034515805,0.16226751640963025,0.002316765209650115,0.0002606074306119881,0.0003010561320107542,0.0,0.0,0.001088071279764065,0.0018776022064075602,2,0.01604206642450559,0.002936165008215969,0.18301769315939576,low,low,low,low
133,0,90,0.007990074157714846,0.005653362425709875,1.0848322068874798,0.5258578459630923,0.17816256284713744,0.0037935474039933917,0.4113768713341819,0.0017587330141244594,0.34769340654214226,0.36167308125231,0.1642077258217115,0.003647714770821938,0.0006292252737421207,0.0005861843949014449,0.0,0.03333333333333333,0.00583714461454593,0.0028145083597168534,1,0.034253720679925215,0.015166756725086071,0.44276398767935254,low,low,low,low
134,0,90,0.015715938475396894,0.004828222023770832,1.7202895111463243,0.5322106525634246,0.178825733727879,0.0016608428790296343,0.41825855986939536,0.003329599326288688,0.34785030484199525,0.36799616913000743,0.1696427966534169,0.0025946256979052246,0.0005069229005578425,0.0007321295018905047,0.0,0.0,0.006204016024293738,0.004957319435111845,1,0.05174903333518628,0.014427369012690875,0.2787895597910911,low,low,low,low
135,0,90,0.003773771391974553,0.0017269831608543807,0.7268281677376992,0.14896120481701314,0.17728508760531744,0.0020002120060613375,0.4121284673611323,0.00132713380010838,0.36410654220316147,0.3695138418012195,0.16611136727635845,0.003537952749642213,0.0008264232664630595,0.00074420091322166,0.0,0.0,0.0010682376214767146,0.0020518081405588974,1,0.028209946961402815,0.006760250572368717,0.23963217475889215,low,low,low,low
136,0,90,0.004664709832933211,0.0012787927533062559,0.4785236751126859,0.2557830914828232,0.17518465469280878,0.002065790767644825,0.4134662300348282,0.003051500557514558,0.35633616546789804,0.3722246451510323,0.1664114113519626,0.002529468951797398,0.0002994633023825377,0.0005555943117588911,0.011111111111111112,0.0,0.0035128799231090363,0.0029789368359576336,1,0.026223855517491113,0.010278352536722131,0.39193171264058285,low,low,low,low
137,0,90,0.0010344313250647656,0.0008295148023551961,0.06593015124387769,0.11521294009407622,0.17228761497471068,0.004090538430283452,0.41182133621639677,0.002900821880748461,0.34806563821103836,0.3625311781962713,0.16828221818797606,0.001677706154375589,0.0003818548693659985,0.00023549837926586999,0.0,0.0,0.0017164443125932832,0.0014159460076882263,1,0.01586068116315654,0.005113151819825425,0.32235875675664427,low,low,low,low
138,0,90,0.0023160666227340734,0.0011859162079123696,0.2827548067169089,0.08538490009896506,0.17158368594116635,0.0011723890589980868,0.41740658697154787,0.0033347423013863732,0.3611805621120665,0.37716794941160414,0.17293455221581708,0.002009215107357549,0.0004230545700004357,0.0005800490973830576,0.011111111111111112,0.022222222222222223,0.0014735086408572801,0.00149426683343874,1,0.023098310189538448,0.00638369313174721,0.27635860462354195,low,low,low,low
139,0,90,0.005790279640091798,0.0014651081903572073,0.8855612222335111,0.11766699497172377,0.17036547164122265,0.0016287427261436494,0.4182428682843844,0.0032560216687483527,0.3617910600370831,0.3774220956696404,0.17443698935358534,0.0022058998971773765,0.0003444818588960386,0.00039401579509095765,0.0,0.28888888888888886,0.0005162439391936569,0.003720154189316267,3,0.025977103914023154,0.003321551995061985,0.12785967775227,low,low,low,low
140,0,90,0.0064934647745556375,0.0026986779346422447,1.0163658223220753,0.1315021619032857,0.1717304858896468,0.0008742522331671436,0.412804097102748,0.00144420080659696,0.3559404058588876,0.3686406883928511,0.17448623476445146,0.002320595326373284,0.00023995397360334424,0.0003943228289691268,0.0,0.14444444444444443,0.002566788339473734,0.001195389434694292,1,0.013556681200832742,0.007231724297120023,0.5334042149239971,low,low,low,low
141,0,90,0.003987993465529536,0.0010481870622495101,0.9013070444192035,0.10042611193857527,0.18191621204217276,0.003796012185650019,0.4102896711892552,0.0022641715634444067,0.3513982170157962,0.36764126188225216,0.17121666848241024,0.0016518157363076364,0.00029347627706318406,0.0003611546750622804,0.0,0.022222222222222223,0.0013483644950826,0.0031237164785263196,2,0.029123382820916543,0.00029374375104233185,0.010085836079292676,low,low,low,low
142,0,90,0.006018696890936952,0.0016390069082790587,0.8027106576347743,0.15378596744019365,0.17723385608858533,0.0008480794054400132,0.41191076702541773,0.0022612800876128116,0.34597825076844957,0.3712517844306098,0.17053950141331647,0.0017078102590626515,0.00022383075160467547,0.0005298456644611423,0.0,0.011111111111111112,0.0007750752783719935,0.0021263900307462863,3,0.025271347170239357,0.0025834638987417137,0.10222492914247368,low,low,low,low
143,0,90,0.011262822813457918,0.002479523352094052,1.1420871528866428,0.21737657084865689,0.1748798174990548,0.0030560734952566806,0.4094817012548447,0.001608992587244352,0.3398670974704954,0.36302408807807496,0.16764971748249455,0.002378048356752815,0.00042358335267178793,0.00034125213831865347,0.0,0.06666666666666667,0.0013256387051763711,0.0012442533122723426,1,0.015792213278614048,0.0058792593888409616,0.3722649270368685,low,low,low,low
144,0,90,0.013209686014387347,0.0006886375722423485,1.527407132881676,0.05058196813470513,0.18131628069612715,0.0018689157763357883,0.41025590731037986,0.001974495748889277,0.3539479076862335,0.3718541039360894,0.17011719513398552,0.0009210587078261495,0.00021377399892417504,0.0005176683910349586,0.0,0.13333333333333333,0.0011632303710928634,0.002099282712879096,1,0.02662765549897238,0.007891959476450727,0.29637093306326645,low,low,low,low
145,0,90,0.014148819115426807,0.0004914719466635493,1.4750643618700048,0.03634250878492097,0.178633733259307,0.00031932984273599327,0.4076270740893152,0.0010066647744653473,0.348357547322909,0.37233501540289987,0.167406851929078,0.0008063416481432164,0.00018541131943718164,0.00017349424390519997,0.0,0.07777777777777778,0.0004459004184068301,0.001567328304612876,4,0.01716486654277604,0.0061572008511704725,0.358688612417392,low,low,low,low
146,0,90,0.01185449990961286,0.0017391210554127034,1.507467290755374,0.25902741816461305,0.17702347652779687,0.0019430603089084435,0.4114390282167329,0.0007715944193986844,0.34542470177014667,0.36951983008119793,0.16832412999481822,0.002110810387011307,0.00020267243671798007,0.0003887044539004852,0.0,0.0,0.00016420572998494912,0.001473908841239352,5,0.016557338284145826,0.0023272234603409635,0.1405469208567395,low,low,low,low
147,0,90,0.011869327227274571,0.003870284207243741,1.7979828783466967,0.2821404660548636,0.18555870834324095,0.004294330775896688,0.4160666568411721,0.0052932374076650555,0.36600404447979396,0.37276997831132674,0.16983032027447834,0.004111129419333656,0.0006701475105641091,0.000811553888692021,0.0,0.022222222222222223,0.0016580430775595507,0.007236980431085169,2,0.0474369779512758,0.018761333159660724,0.3954918394483582,low,low,low,low
148,0,90,0.006375252869394098,0.004582686263379295,1.0664410742986625,0.5783012336622784,0.18016345997651417,0.0065180017560339054,0.42532092250055736,0.003685426667976983,0.3692597018347846,0.3842881841792001,0.17470482082895325,0.002380640884388643,0.000570817577566733,0.0004254639857914069,0.0,0.022222222222222223,0.003903200257935156,0.0038586045034234707,1,0.03520492684923565,0.013091483298711341,0.37185452764171634,low,low,low,low
149,0,90,0.0102867090039783,0.0011966413354524755,1.5286853535146974,0.10171753067647792,0.17736518581708272,0.002887225761348403,0.41390999803940454,0.0011158411130182547,0.352280690934923,0.36347414884302354,0.16662523345080665,0.001330610107611535,0.0003075598767415027,0.0003581104776890256,0.0,0.1111111111111111,0.0004497983704013892,0.0011201867028606022,3,0.014436932819664444,0.0025667677096856403,0.17777944680485744,low,low,low,low
150,0,90,0.014579320285055375,0.0014775301014131803,1.8921093066724524,0.1404999634656733,0.174283837278684,0.0032223413374287443,0.41345003859864343,0.001812307352674488,0.3519268794192208,0.36938151518503826,0.16988943775188176,0.0016267937944074431,0.0002922050227942584,0.0003286359469157239,0.0,0.022222222222222223,0.0029095911637427693,0.0015350255082641387,1,0.01693877923352938,0.008769054900551434,0.5176605184555533,low,low,low,low
151,0,90,0.01168229083220165,0.0033462331940156903,1.8203397730271649,0.14048556511323407,0.1665527199705442,0.0026345399217395466,0.41226611816220815,0.0011690413421891175,0.34719296826256646,0.36393124560515083,0.16852040173005214,0.0013844984665604273,0.00031849867250978057,0.0003607412151636129,0.022222222222222223,0.0,0.0015754346911408055,0.0014511018013228375,1,0.013834023046294396,0.006085526868647855,0.439863876502744,low,low,low,low
152,0,90,0.011930395828353037,0.0009438275370688868,1.6778369147354173,0.1554154795841046,0.1627560007903311,0.002049621783143202,0.4110468498534626,0.0010729740936388104,0.34572932057910494,0.366769520772828,0.16681037756006745,0.0008638906903447133,0.0002890793710890819,0.0003952667948664414,0.08888888888888889,0.0,0.00024110478719983485,0.0022979286662891023,2,0.017695850158793793,0.0032473054974376057,0.18349624189048,low,low,low,low
153,0,90,0.009502818518214762,0.0030738077743707004,0.9275205578644257,0.28859016825382505,0.1629723173048761,0.0017984348262087579,0.4065938812163141,0.0034412520550725274,0.33800560666455165,0.35657366381751165,0.16815299129638037,0.00207182584551845,0.000322932492671417,0.0006262599293559901,0.0,0.0,0.0005342652947384391,0.0029372173539573042,3,0.020346203845832602,0.0038812541337447473,0.19075122867753072,low,low,low,low
154,0,90,0.004604015085432262,0.0014356215855222771,1.0876300829268313,0.08111011231687672,0.16489637427859835,0.002574380402177409,0.4055730299817191,0.0014302137512686667,0.3572398073143429,0.3718263328075409,0.16524891549036763,0.0019045296925436122,0.000319039546025301,0.00048319397412269725,0.0,0.022222222222222223,0.00044178691796445727,0.0009603656826861647,2,0.014964753511822021,0.001764360120717054,0.11789316985097466,low,low,low,low
155,0,90,0.00680767099062602,0.0037274666425962263,1.153560185831925,0.18117102259069218,0.16547414726681178,0.00160351014647169,0.40380651122993894,0.0018063030531733166,0.3613164133495755,0.3726828032069736,0.16509271208455625,0.0013437509751290087,0.00017586029870605518,0.00027050241251963785,0.0,0.07777777777777778,0.0006917384372177599,0.0014409614674593596,1,0.012097287327508017,0.003010218553633774,0.24881361073227326,low,low,low,low
156,0,90,0.0070602350764804415,0.001143779710081219,1.1746989126376313,0.06869463800867479,0.1688162111573749,0.0012207654252379906,0.40517830782466463,0.0019888710934013354,0.3581719699833128,0.37599616017606524,0.1623775136296365,0.0016977439082784345,0.0003943086818861166,0.0002972006839163149,0.0,0.022222222222222223,0.0004269572247993242,0.001135214354998805,3,0.0180245831144945,0.0038095734187916213,0.21134258983989904,low,low,low,low
157,0,90,0.008538043167856002,0.0011191400082796123,1.0496425895019004,0.09780997524862971,0.16676856908533308,0.004087331057461812,0.40536992533339394,0.0026940690617037557,0.35826388829284245,0.3756102204322815,0.16430362762372072,0.0029152894161172073,0.000498237908082727,0.000478966135347213,0.0,0.05555555555555555,0.001013449687229043,0.002667245202380861,2,0.022389433860754874,0.00782450597161305,0.3494575415676761,low,low,low,low
158,0,90,0.003729770249790616,0.004006098012877629,0.6878623868539879,0.26847301621216985,0.17736025783750747,0.00547312015753352,0.4094406583242946,0.0037734153269564914,0.37099042369259727,0.38216507567299735,0.1715567585370645,0.0022205233405230076,0.0003145440918106269,0.0006263015157641226,0.0,0.044444444444444446,0.002706846150801398,0.0032139255061763225,1,0.02245371175477122,0.01140691729114112,0.5079966029275507,low,low,low,low
159,0,90,0.005274071627193031,0.0035359248166853415,0.7487274106980938,0.18703388731459236,0.1846900756160418,0.00262548053259763,0.41222431477573185,0.0009040731385444578,0.37131424215104847,0.37976059152020347,0.17129390276952475,0.0014036735899876035,0.000336376721148952,0.0005444526820605011,0.0,0.0,0.0013592340889790257,0.0007998274975163298,1,0.013967075496972072,0.00351077921832746,0.2513430872483836,low,low,low,low
160,0,90,0.008379893170462721,0.001641081986940714,0.8099759259922202,0.13120040181040757,0.17442054582966698,0.0029424686039832286,0.4148225728008482,0.002061384565621054,0.3629244801070955,0.37659390999211206,0.16875116728845396,0.0013620051174526137,0.00031837871526403444,0.00041494197621543336,0.0,0.0,0.0008354559643830331,0.0024613326748820366,1,0.012945090574735578,0.007222841524650771,0.5579168076226979,low,low,low,low
161,0,90,0.00506144430902269,0.0017030152505935088,0.757443101161772,0.1739540986356057,0.1752252161502838,0.00272107842686516,0.41281862954298654,0.002331379682806803,0.36181722614500256,0.36845206750763787,0.17195013297419035,0.001509748324171441,0.0002817044142004484,0.0003981917390708086,0.0,0.08888888888888889,0.0009260686461667392,0.0029497476022478054,3,0.02227249949164291,0.0030953601210289695,0.13897053411792604,low,low,low,low
162,0,90,0.0075149469905429365,0.0007805847112605468,0.9919625165027259,0.08392649797431292,0.1721707958314154,0.0045625818689675884,0.41232993536525303,0.0022578210027911438,0.35768636763095857,0.3696496052874459,0.16516005383326335,0.0019770187322549018,0.00034419245502911573,0.00020698418807265975,0.0,0.0,0.00032916551340571066,0.0016346634481919625,2,0.01372743406371981,0.0056772325595581645,0.41353824720340177,low,low,low,low
163,0,90,0.010190773010253909,0.0011911742505216012,0.9360613663085793,0.060371283052466536,0.1635715646876229,0.0030588445268307242,0.4093729363547431,0.001018640342868492,0.34581365750895604,0.37308864957756466,0.16080099738286405,0.0035278708637315956,0.00023199215031684432,0.00020078443926143083,0.0,0.0,0.0003569786445931572,0.002655788305113197,2,0.010910633097808679,0.007620156535198272,0.69835160941478,low,low,low,low
164,0,90,0.010799986455175613,0.0011565900175366684,1.0338228060238974,0.08581566341296923,0.1709066230389807,0.0013699641790706001,0.408895596033997,0.0008364747090489363,0.3498792115184996,0.36701778769493104,0.15551804671036668,0.002191986147924552,0.00023426306969711607,0.000231151058743591,0.0,0.0,0.0008085106874941158,0.0018157473078390985,1,0.010348974986004225,0.005750382657318703,0.5555938700426494,low,low,low,low
165,0,90,0.011669554313023895,0.003566463410685741,1.0993599798378508,0.10769096452416049,0.16876763585540983,0.0019377718737836219,0.4074353327353795,0.002211858959993103,0.34763111505243516,0.37346513834264544,0.1627282907717214,0.0035982274622065437,0.0002775454734773777,0.0003811814486719273,0.0,0.03333333333333333,0.0006800053056642663,0.002516524433744679,4,0.019685192109003092,0.004852460572582007,0.246490562812441,low,low,low,low
166,0,90,0.01168123847908444,0.0018213521798756854,1.1981454605294484,0.09076960813893604,0.17853889183865654,0.0046613333367925966,0.415540707608064,0.0030681469158048754,0.36192085908518895,0.3818838470511966,0.16695879000435807,0.0025142414330397655,0.0003626829526468068,0.0006346915844807576,0.0,0.0,0.0007772872093087003,0.0017747344203121445,4,0.01951464621156003,0.0013863086885467456,0.0710357563115471,low,low,low,low
167,0,90,0.007945910427305431,0.0014414640648747166,1.0503579716048728,0.160182182047606,0.18170735388994216,0.0019138161713718657,0.42472403711742823,0.001603021323736644,0.3796756221188439,0.39965137640635173,0.17484445530560516,0.0017290393319130337,0.0002771696292169898,0.0003789197306942944,0.0,0.0,0.0016408636527590061,0.0024644258839534973,1,0.017671555285787663,0.006451679680136566,0.365067732187265,low,low,low,low
168,0,90,0.0064241124524010524,0.0015594575424228278,0.7135578452034155,0.0905311761242197,0.17821470167901785,0.0016538626774727084,0.4184006174405416,0.0027114712738353962,0.36704273720582326,0.38662468559212154,0.16945028690301556,0.003933024567653108,0.00034520795664774316,0.0002563896910046513,0.0,0.0,0.001107877061760637,0.001047793388588595,1,0.011467061804060203,0.0034207612419024,0.2982859091927198,low,low,low,low
169,0,90,0.008917476071251769,0.00020322816198775534,0.7186447082133443,0.021373292498240153,0.17553192410204146,0.001295980849474231,0.41265711685021716,0.000429199988982804,0.35264732870790694,0.3799241062667635,0.16455527866586703,0.0012601108734810196,0.00015329211008591426,0.00017696191821678313,0.0,0.0,0.00010121885535375758,0.0004309606862970333,3,0.006720751402693623,0.001525066536259833,0.2268852929682418,low,low,low,low
170,0,90,0.006952917906973099,0.0011938781251351063,0.44490266041091486,0.13761213422675603,0.17131418502993054,0.001376735855558108,0.41138920237620674,0.0012394596391530686,0.35209800601005553,0.3776331381665336,0.1639233192094785,0.003190847452638843,0.0002517910805668249,0.00032756475511983084,0.0,0.044444444444444446,0.0014175389926960743,0.003028562865683372,1,0.014802502209494329,0.010360486262824221,0.6998672419678805,low,low,low,low
171,0,90,0.009403363532490197,0.0007068909369952605,1.0168807809217568,0.12123627247117294,0.17417048364877702,0.0035689012394803247,0.41055314126941894,0.0029625138333593966,0.35992750889725156,0.37888479232788086,0.1690666268266216,0.0016196415942268574,0.00025571928312180655,0.00031057475560505036,0.0,0.0,0.000557448040963446,0.003047677474616352,3,0.015882742102195358,0.00506933589305711,0.3191524931871348,low,low,low,low
172,0,90,0.007470411393377515,0.0015160332824332501,1.199380992762943,0.056414780036735425,0.18807357533110514,0.0037507568288927635,0.41054038885566924,0.0013754917661270181,0.35254341959953306,0.369450737701522,0.16679399494093103,0.0014020773223051032,0.00031595274055331896,0.00038841207446894434,0.0,0.0,0.0002685108161292443,0.0012445127377292051,3,0.011258265158562432,0.0038832200484314057,0.344891073595358,low,low,low,low
173,0,90,0.007916511760817639,0.0005477182842491124,1.188847898431289,0.04820923902532757,0.18410699350966347,0.004715062714871751,0.414616802169217,0.0026329731693000053,0.36116471621725293,0.3774580157465405,0.16798824270442408,0.0010533749540090527,0.0003531052466762192,0.0003891964321330615,0.0,0.0,0.0005687338892527403,0.002820836291493589,2,0.01668169368617204,0.004925210381177366,0.29522872467890343,low,low,low,low
174,0,90,0.008863840831650625,0.0014786920521754334,1.1864859261377498,0.04586662160574883,0.18587560488118066,0.002868048984643813,0.411848182645109,0.0021165162625118063,0.35550548765394424,0.3746594465441174,0.16733372215131967,0.0010418219265040057,0.0002552164938117961,0.0002539870816178493,0.0,0.044444444444444446,0.0002209579425910034,0.0019184926471409233,6,0.01525571949498137,0.00328785975754259,0.21550240591525047,low,low,low,low
175,0,90,0.011740586492750374,0.0020312066219849365,1.2255032571428486,0.06408059443763048,0.1626161217689514,0.006094940917484759,0.41300964487923514,0.0014973596001598723,0.354573314388593,0.38043191068702276,0.16809444033323107,0.002274954003271567,0.00036588061489970967,0.0004427581777997717,0.0,0.07777777777777778,0.0007156197712388739,0.0012436648200592516,1,0.015189195968256032,0.0028062945923581785,0.18474380437373422,low,low,low,low
176,0,90,0.011372645033730401,0.0011689427103654365,1.246691380991345,0.08406948937133661,0.16389374401834275,0.0005093837212761629,0.4141701221466064,0.001347818486433397,0.35867693788475463,0.38302375111314985,0.16655998764770089,0.0005331735821619357,0.00017250977016079608,0.00025571627216908985,0.0,0.044444444444444446,0.000751329136564362,0.0015174181610676898,3,0.012942030074461566,0.0023717126557139707,0.18324245884228427,low,low,low,low
177,0,90,0.010851031872961261,0.002657772326623386,1.2036975124607794,0.08398475697361941,0.16503001269367007,0.0009724563643209892,0.4149302653140492,0.00114669124002524,0.35795126822259693,0.379567931426896,0.16688417565421115,0.0011649661346673976,0.0003252986420910666,0.0002973970129695113,0.0,0.0,0.0007672611140542461,0.0018371223958950956,1,0.011606467751076413,0.00410413196540191,0.35357685702131847,low,low,low,low
178,0,90,0.009636933273739292,0.0011133124410508913,1.2632239829082599,0.12045437806001824,0.16656896422306697,0.0015024147718457163,0.4130549798409144,0.0006989536696934642,0.3600198537111282,0.37989915245109135,0.16798587058284598,0.0009244931841849037,0.00033031646062531067,0.00032478114135137674,0.0,0.03333333333333333,0.000630236277738401,0.0010694755467934368,1,0.010192196970242465,0.0026388268118312077,0.2588811753108346,low,low,low,low
179,0,90,0.011012866761949328,0.0008100523019312675,1.4062338410178263,0.09152876659709142,0.16887733770741356,0.001154254060716214,0.4173962672551473,0.0007884593983823094,0.3664028028647105,0.3892093625333574,0.16818284051695423,0.0010502904284830788,0.0002790711403361919,0.00028373379716499676,0.0,0.0,0.00040930279073143774,0.0011845881873410718,6,0.012074418305884562,0.002046786978065847,0.169500296074084,low,low,low,low
180,0,90,0.009128407306141326,0.002490041736003278,1.304093209938383,0.08041311985589476,0.1706425103876326,0.002325773183699072,0.4129288678367933,0.0017179363244478783,0.35732078850269317,0.3806291593445672,0.1671940836173038,0.0008304732424996796,0.00014312586923127194,0.00015210733038061028,0.0,0.1,0.0002800163266371747,0.0020187074070226892,1,0.012003894096838538,0.007380974023547438,0.614830415329628,low,low,low,low
181,0,90,0.012077554066975917,0.001423994899437289,1.5506644405189394,0.12169879529746598,0.17317833917008507,0.0023390403887355833,0.41422592865096197,0.002349300473116448,0.35583248204655116,0.3725115590625339,0.1674858188631229,0.001966801122979121,0.0005712807673087575,0.0004600939906841834,0.0,0.0,0.00031607653436206056,0.0018674173940408862,2,0.01922315620092596,0.005213743004262206,0.2712078985298235,low,low,low,low
182,0,90,0.010189118650224474,0.00416274538159698,1.3810107316816416,0.31519905790125485,0.16777749939097297,0.008559666473493113,0.4164209604263306,0.004470643669002585,0.34823473029666474,0.35676233238644073,0.23611285418166178,0.03622661461952368,0.003931696401149587,0.004024262097586869,0.7666666666666667,0.8222222222222222,0.001069473325227698,0.009062375313787577,6,0.06577829775427785,0.02414023275400749,0.3669883014589886,low,low,low,low
183,0,90,0.005047075947125752,0.0014489618244741666,1.0932950782698465,0.19951530913471796,0.18124896354145473,0.002390680101650797,0.4218212205502722,0.001819852383483333,0.458635981215371,0.45788911283016204,0.20131685221444282,0.007947084001010938,0.0010668661492032206,0.0005982319656623909,1.0,1.0,0.0017072868697428788,0.001705336938833256,3,0.030285358447709257,0.002463110813231005,0.08132740083241354,low,low,low,low
184,0,90,0.006249335077073837,0.0006734752850389264,1.3192524588340524,0.13220744873571563,0.18319424208667542,0.00227324892270714,0.42553792860772877,0.0011009529564596548,0.4648620641893811,0.4608254628049003,0.19536842214571365,0.0007510668460301487,0.00010760825852466557,0.00011232992500615199,1.0,1.0,0.0006872747710606578,0.0019483391697983662,4,0.01243753135146598,0.005828628153560631,0.4685945622409579,low,low,low,low
185,0,90,0.006193253066804679,0.000951937475246346,1.227936482476545,0.19090194542763858,0.17580846630864674,0.0026369834066857275,0.42440890239344703,0.0014978174197742729,0.46220868130524956,0.45632866389221616,0.19706660206947346,0.002644656131322416,0.0004558196300798319,0.00033626394089188107,1.0,1.0,0.001427976444428526,0.0017997248642930015,1,0.024246251732426182,0.004106539563699245,0.1693610314692907,low,low,low,low
186,0,90,0.0031521035565270313,0.0007485934912401655,0.7553610552890095,0.132590007963832,0.17056589424610138,0.001760453519613017,0.42810687025388083,0.0018289056895040442,0.4617871108982298,0.4612122909890281,0.19756728838838014,0.0008403006083838649,0.00016153222602452298,0.00013201461426520984,1.0,1.0,0.0004914450462681658,0.001855813942278296,3,0.015616305547465856,0.0038015169052557996,0.2434169513877926,low,low,low,low
187,0,90,-0.0004466676049762296,0.0009384141141288189,0.8605629024592013,0.0804956591809228,0.1725210130214691,0.0006998135635529122,0.43066468520296947,0.0006017182368530159,0.4680344972345564,0.4651567978991403,0.19507600345680412,0.0009418552983097418,9.953474007717683e-05,0.00014080672144408621,1.0,1.0,0.0006117179881194732,0.0013006285388746021,1,0.01299697941537857,0.002911937198726379,0.22402999002145813,low,low,low,low
188,0,90,0.0012792388598124266,0.0007151228512808852,0.8946820732762021,0.0560043826168294,0.17504547817839516,0.0017965176189675594,0.43027726709842684,0.0002591923969969066,0.46540706819958155,0.46070069471995034,0.19382380778680902,0.0006190395890129176,7.789868997640928e-05,0.0001251962225652715,1.0,1.0,0.0008424886396560863,0.0009517982076010375,1,0.009240961894311124,0.0028534504667771174,0.3087494299812635,low,low,low,low
189,0,90,0.004225818978415596,0.00125644111888887,1.139977682415507,0.10696832648411303,0.17788063784440358,0.0020060337472122135,0.42818620999654133,0.0008948180098253527,0.4654246250788371,0.46076657242245145,0.19331006265633435,0.00016781308390618032,9.034679296760865e-05,7.124591959927832e-05,1.0,1.0,0.00023627710931566553,0.0008333124369723653,7,0.012801873082674803,0.002845963453867988,0.2222909994881714,low,low,low,low
190,0,90,0.004908547798792521,0.00156088091099709,1.3126522994042655,0.08229443050048044,0.1751042985253864,0.0011891215379936319,0.42643676267729863,0.002140989121362212,0.46645485295189754,0.45786373880174425,0.19225877396613958,0.0010473237283499667,0.0001327670740034477,0.0003506929127750728,1.0,1.0,0.000774591741544279,0.002934512419634224,2,0.026601452705855778,0.00929112618022335,0.3492582538518402,low,low,low,low
191,0,90,0.005308309528562753,0.002142240589617278,1.270942137752334,0.1494548112713563,0.1726082369685173,0.0018197488095094633,0.42729754944642384,0.0024149700860651734,0.46355119744936624,0.45424854689174227,0.18812050153024668,0.0021881487017612077,0.0002688359057095027,0.0002650724010562393,1.0,1.0,0.0010004173133637418,0.005378649395004143,1,0.03184955329073366,0.02111213860010788,0.6628499796344219,low,low,low,low
192,0,90,0.005285199152098768,0.002318379268393069,0.9034229249262413,0.1949685797903755,0.17276780820555157,0.0016522722092462705,0.4281408331460423,0.0014089597314751669,0.4621595541636149,0.4582618246475855,0.18533102092880588,0.0030243880416040633,0.00023363597813048353,0.0005028324034652699,1.0,1.0,0.003369839266783039,0.003772369743906391,1,0.0284979881836507,0.012060948727138514,0.42320620821400384,low,low,low,low
193,0,90,0.00640032887458801,0.002197018644165582,1.0926331959975348,0.33859395819203636,0.1700332052177853,0.003018854290720414,0.4274330212010278,0.004120933666229833,0.4613045245409012,0.4541964865393109,0.18750865321689417,0.0032073327203994,0.00045813219687026123,0.0005009283707905172,1.0,1.0,0.008118820192357594,0.003819952798238869,1,0.0503830039443609,0.016096165762732664,0.31946976227827534,low,low,low,low
194,0,90,0.008849342332945934,0.0020689872919858886,0.9970389849940514,0.28507665811005967,0.1580219512184461,0.005380029125066093,0.3999815233879619,0.0076584814773306914,0.4306852228111691,0.42707353863451214,0.18616400713617598,0.0050206051593147906,0.0005919653965571286,0.0008142885599528964,1.0,1.0,0.009197509543348815,0.004397790752984086,1,0.0475893775684501,0.037676556425452645,0.7916843351633799,low,low,low,low
195,0,90,0.0036856846676932447,0.0032924344312811092,0.6037940844639206,0.4498169278632737,0.159561944173442,0.0017697900435781591,0.38626507437891433,0.0019467297233221772,0.41657497154341805,0.41465089751614465,0.17730379795828746,0.00569811319635972,0.00046031394687305735,0.000681418619669617,1.0,1.0,0.00761921035411296,0.0025674271184029014,1,0.04755461897501553,0.02113484661796018,0.4444237520925523,low,low,low,low
196,0,90,0.0025373438994089714,0.0009273245556037305,0.7374634571213441,0.23543589259808942,0.16044856475459204,0.0009069634278151376,0.3865839448240068,0.0015929213020713087,0.4175035148859024,0.41441866060098015,0.17665838854165397,0.0016987390840838485,0.00017453763149983772,0.0002740044975145537,1.0,1.0,0.002285017265578322,0.0012627309037528656,1,0.020779943986626376,0.0024008150357555523,0.11552964279681434,low,low,low,low
197,0,90,0.0011276526583565624,0.0007650598974704148,0.7984675953098016,0.08949103599158689,0.16319123821126091,0.0016105771466890012,0.3811207746466001,0.0015044969572894779,0.41132006148497263,0.4088642405139075,0.1824640374028192,0.0018740714775052983,0.0002374837410187021,0.0001914279286578886,1.0,1.0,0.00096310684147401,0.0010965876948707768,2,0.014294336939959925,0.0014356357473654683,0.10042685621158175,low,low,low,low
198,0,90,0.0023670663436253865,0.0010763752018263448,0.9838266079433212,0.31660865086210943,0.1599519635240237,0.0011160911652842468,0.3889684139026536,0.0041177835327401435,0.41586036251650915,0.4132184406121572,0.17773151401222403,0.0031133887978869227,0.00022367786271800642,0.00043511776091614986,1.0,1.0,0.007560793561851071,0.004429152960786298,1,0.0366829562894357,0.017333752524778256,0.4725158973589241,low,low,low,low
199,0,90,0.0016786095168855497,0.0016764148440215772,0.6065420039002366,0.24883024432968492,0.15787025110589134,0.0021922375337394724,0.38751818786064784,0.0014491637239634123,0.4170893066459232,0.41589678559038373,0.18031449640738684,0.00116518166183314,0.00021367058773264614,0.000293555292824057,1.0,1.0,0.002551520545925579,0.0018690003545875466,1,0.02494492424829166,0.015358561492953733,0.6156741814849981,low,low,low,low
200,0,90,0.0017522778775956901,0.0012304987802850738,1.0034533089344846,0.18289193251316657,0.15413306686613296,0.0013090060720432153,0.3844009402725432,0.0006446944951332974,0.4167319787873162,0.4149655302365621,0.17916706959002257,0.0009110023554343439,0.00017534873648075648,0.00017439082654701387,1.0,1.0,0.0015727701532199207,0.0013372121773754944,1,0.014632349837885774,0.005107419624005368,0.34902600433854514,low,low,low,low
201,0,90,0.0016512880722681681,0.0012901983383797936,1.1460638260031881,0.1335348160176536,0.1564465289314588,0.0007879142504506851,0.38509352687332365,0.0008605332588658528,0.4201710538731681,0.41506810784339904,0.17667856595643536,0.000810074351122256,0.00013235521817596508,0.0001085053853984931,1.0,1.0,0.0014897694177434192,0.0009215091253118202,1,0.013796617804610578,0.005191008648855877,0.3762249920505308,low,low,low,low
202,0,90,0.005769844187630545,0.0012655490187425526,1.4615440906666157,0.0842517974807518,0.15446995794773102,0.0006457943194509662,0.38468389842245315,0.0005939341529154468,0.4189285142554177,0.41337918672296736,0.17785802981425705,0.0007616950119608743,9.167707612356636e-05,0.00018931227810175885,1.0,1.0,0.0011168105406123346,0.0021093932588208833,2,0.014139375345796597,0.006043585214224967,0.4273992073358575,low,low,low,low
203,0,90,0.0076419115066528355,0.0018572742704164604,1.1855622894469353,0.16605029668032276,0.1579512529902988,0.0009542803059431997,0.3862025803989834,0.0015255989008026297,0.4170038534535302,0.4164547198348575,0.17580828590508313,0.0005076495466578754,0.00011812585484067264,0.00015908605037738614,1.0,1.0,0.00273602106263997,0.0019105749902443472,1,0.017925292632944997,0.009959744600234379,0.5555942215252209,low,low,low,low
204,0,90,0.0067411979039510095,0.0022136473601948804,1.2530549043028438,0.10877839344882946,0.1567822880215115,0.0010540781648277057,0.3879897465308507,0.001961444120600024,0.4212036861313714,0.41608390145831636,0.172932124692645,0.0015133021201814859,0.00024038298196129697,0.00020333093547511466,1.0,1.0,0.003083687572346432,0.0016542550985072498,1,0.01904134717804681,0.010279689046061507,0.5398330862233498,low,low,low,low
205,0,90,0.0049989561239878345,0.0020409397169154613,1.3586456973580712,0.18823668442661126,0.15752878122859532,0.0004903805751431365,0.38328437904516854,0.001463967959256316,0.42122218277719287,0.41437659793429904,0.17626672110944594,0.0014433665924841659,0.0001227278994584165,0.0001519527762811802,1.0,1.0,0.0007002866400831273,0.0013616621293612162,2,0.015164821512452081,0.0039134153219582135,0.25804176310165966,low,low,low,low
206,0,90,0.006825335489379028,0.0010636248965083148,1.6343137279822368,0.079909065758381,0.1556178448928727,0.001843368876850128,0.3826732868949572,0.0011271425124155156,0.4194175551335017,0.41271362966961334,0.1779570643570392,0.0007592949457124588,9.344109338920334e-05,8.476943666359839e-05,1.0,1.0,0.0007640038722148572,0.0009903254797011519,2,0.011597728471290498,0.0008346675926026926,0.07196199089138827,low,low,low,low
207,0,90,0.007896331946055095,0.0008389471572373054,1.4551164159387828,0.11167177759685663,0.1566014587879181,0.0017257467627329946,0.38399973445468477,0.0007083148615397666,0.41726894809140097,0.4122261302338706,0.1741926767645626,0.000688359375641295,8.665686964618145e-05,7.413643200403325e-05,1.0,1.0,0.0010471279596130862,0.0013255581506805246,1,0.011683163536320311,0.004986628443043201,0.42678523178336464,low,low,low,low
208,0,90,0.007415244645542569,0.0011394020291535327,1.1065520355495837,0.13817791529191661,0.1562687004605929,0.00019970795288245017,0.3829698011279106,0.0006560804529812059,0.4164776477548811,0.4130155798461702,0.17580342363412504,0.0009444143022035762,9.432068434453352e-05,8.465421834991139e-05,1.0,1.0,0.00033523047248284755,0.0018547648130978504,4,0.008607357118119045,0.005192726195009541,0.6032191884883337,low,low,low,low
209,0,90,0.004380853639708622,0.0033547542287096824,0.9366535075065544,0.19663226617244164,0.1573006545503934,0.0015629170632347387,0.3850372961825795,0.0018624019804827235,0.4164196911785338,0.4111972371737162,0.1732050852575751,0.001231471415762373,0.00015134522248315036,0.00014166672071397576,1.0,1.0,0.0006016146956297753,0.0025091616041857923,3,0.013248749295605907,0.004350074388902705,0.32831371310137514,low,low,low,low
210,0,90,0.0043106393681632115,0.0012128076375698166,0.7763803489813463,0.13344202636777303,0.15630723022752338,0.0015497298037747292,0.38364089147912134,0.00184691054800993,0.41078445778952705,0.4117902361684375,0.1711305780980474,0.002535524256029753,0.00015281555379131602,0.00015196207665063314,1.0,1.0,0.0010229871787992301,0.0010129630851327238,1,0.013687314675950859,0.0017202043119802302,0.12566954754499288,low,low,low,low
211,0,90,0.00048056973351373106,0.002246633323672411,0.5394256212103694,0.08534276290984205,0.15712646113501655,0.00431421128913144,0.3844381673468484,0.0019441718755976616,0.4122360772556729,0.41319697896639507,0.17037071353260944,0.00248047075793177,5.6859731663573456e-05,0.00012463753512929513,1.0,1.0,0.001076322235063187,0.0011403282051189892,1,0.009405832946571359,0.004982253689159904,0.5296419865706085,low,low,low,low
212,0,90,0.000210091140535147,0.00118898693554707,0.8586796271748897,0.21090368813283095,0.16273167232672373,0.0020659700428347235,0.3844486908780204,0.0014348908890924373,0.4151425573560927,0.4130188306172689,0.17184677031913614,0.0006304343600183829,0.00014711199277940887,0.00012218923436643544,1.0,1.0,0.001511956860175374,0.001171878339980663,2,0.016467601120564637,0.0015901887494771077,0.09655882353549813,low,low,low,low
213,0,90,0.004560797744327125,0.0011564497983511163,1.1104194897744954,0.14059403264008707,0.15901151796181998,0.0006639798538872995,0.38356857432259456,0.0009316495478289676,0.41452001300123004,0.41135596268706853,0.17134476474541452,0.0009766599404265406,0.00010436299579118587,9.451741820727923e-05,1.0,1.0,0.0016292735476883514,0.0008914879672550964,1,0.013581132313000656,0.0039867228713498385,0.29352702355386384,low,low,low,low
214,0,90,0.005660562051667105,0.00044393192726061617,1.1283396941380084,0.06246581450859572,0.1651976772480541,0.00187528995085286,0.3869238487548298,0.000729445633300444,0.4167294710874557,0.4172050376733144,0.1733972667498569,0.0008990743382857695,0.00011645100773457536,0.00015193004290758888,1.0,1.0,0.0004245012233407525,0.0003798363740409714,4,0.007698799967453286,0.0012210294990178745,0.1585793792279166,low,low,low,low
215,0,90,0.002712531222237481,0.0008133753394200499,0.9839823020661855,0.08229969529008235,0.16376989318264856,0.0007996385664212516,0.38466005126635233,0.0009914358721890173,0.4170090287923813,0.4162067535850737,0.17368133969243113,0.0006413681642190844,0.00012071904613534451,8.169939596923511e-05,1.0,1.0,0.0012475708735053192,0.0014292832199693612,1,0.014454440124845935,0.0038196155723443813,0.26423377907250617,low,low,low,low
216,0,90,0.0030353456735610945,0.0023552111442476957,1.2286240634680747,0.12224791139337449,0.16440535369846557,0.0005770737442341107,0.38723089744647343,0.0006091689644682759,0.4192819433079826,0.41294106907314726,0.1745940386582286,0.0006314083574162793,0.00015394406950891267,6.670167320270597e-05,1.0,1.0,0.000618503817997813,0.000724421691595061,2,0.010337459590337304,0.0018439426536486015,0.17835758195273277,low,low,low,low
217,0,90,0.010266937812169391,0.0011842292663634172,1.537415337727721,0.06859176923794755,0.15887239740954506,0.0010605601154746913,0.38607371350129444,0.00140276981748058,0.41944434112972684,0.4158553606934018,0.17125800694988097,0.001107901865874758,0.000112268891731184,0.0002229689066333684,1.0,1.0,0.0012678874908052958,0.001272885614851561,1,0.011259973387382563,0.004550203325712248,0.4040683846043501,low,low,low,low
218,0,90,0.009620071450869242,0.0009282516859950349,1.2578782884109525,0.27019816882227055,0.15796379529767565,0.00066674012108158,0.3847287606861856,0.00120374355068915,0.4173671950896581,0.41809833778275385,0.16891057375353768,0.0011509497988875337,0.00013309881782001067,9.246186914123005e-05,1.0,1.0,0.0006987861307787156,0.0011779209623217508,3,0.011153824007457597,0.002763254700557802,0.24771835922381372,low,low,low,low
219,0,90,0.009568939937485596,0.0012347529939523267,1.089963727233223,0.07170575891749907,0.15712640898095237,0.000697848483312779,0.3849516866935624,0.0019395836911680663,0.4169482989443673,0.4160320149527656,0.16930351698181173,0.0011812736674239666,9.184314655796446e-05,0.00017458865446963245,1.0,1.0,0.0009773535282605315,0.0028408289382987504,4,0.014868746617284979,0.006587590026292389,0.44301965567017826,low,low,low,low
220,0,90,0.012559296356307136,0.0018029692582916315,1.4571563956328144,0.11983489908695803,0.15685666120714611,0.0009578550484212631,0.38488856736156674,0.0011427984668540233,0.4191995468404558,0.4159417579571406,0.1690751579911613,0.0002179955318867189,8.160031390041798e-05,8.018680647770518e-05,1.0,1.0,0.0007175393138690294,0.0016695304260575126,2,0.014073280110901205,0.0031157495185383543,0.22137896176480507,low,low,low,low
221,0,90,0.015338309937053256,0.001220825184483046,1.3636529295034192,0.07988697145402751,0.1547576439049509,0.0007388879855166487,0.38337485243876773,0.0013570214361895965,0.4158392604854372,0.4155546188354492,0.1686975807363024,0.0004210017631798137,7.141484058599146e-05,5.260626381062506e-05,1.0,1.0,0.0012645191274836879,0.002137013760664757,1,0.010276685058503975,0.005795843072570315,0.563924953876137,low,low,low,low
222,0,90,0.016632049944665696,0.001007796634845801,1.3431828772376908,0.07606636891653255,0.15529813716808955,0.0007455649946547229,0.3846825650996632,0.0012139066451575722,0.4161306271950404,0.41769908136791656,0.16794755962192853,0.00023916630332849198,5.570307125785684e-05,7.039099943647228e-05,1.0,1.0,0.0006680936336061259,0.0013835690524254516,1,0.009451132946212441,0.00376094641558779,0.39789393959961566,low,low,low,low
223,0,90,0.011892486280865146,0.001524118325451235,1.348641478305051,0.1480400526598735,0.15583477715651195,0.0009835418335948428,0.38383410308096144,0.0010744939158990566,0.4181700345542696,0.4175648546881146,0.16931946355486882,0.0007477916366540328,8.366533312754358e-05,6.405658289599715e-05,1.0,1.0,0.0009967568346686553,0.0015287300802213019,1,0.010539106163190747,0.005558559559985476,0.5273722554520044,low,low,low,low
224,0,90,0.013368626766734651,0.001153671966801277,1.3809509999279883,0.07950057401966647,0.1565974270304044,0.0007931327060290142,0.38397901405890783,0.001545435348617155,0.417115459839503,0.41536743740240734,0.16872370949230261,0.0006660881438441692,8.286609867142692e-05,9.634301360349413e-05,1.0,1.0,0.0004369919354358856,0.002366707079441901,3,0.011083866042815568,0.0062985495499924314,0.5682116072187187,low,low,low,low
225,0,90,0.011240132649739583,0.0004346491493368906,1.35958914900575,0.11467326408420053,0.16553621888160705,0.0023222926337170403,0.38430989417764877,0.0016203342887551521,0.4198445114824507,0.41473231712977093,0.1702029941082373,0.0003502540305067811,6.65403240452015e-05,9.519658296653357e-05,1.0,1.0,0.000359125160587864,0.0014817621214772052,8,0.008300364978084838,0.0037684061582750313,0.4539501838822198,low,low,low,low
226,0,90,0.011657192640834377,0.0004577573813326393,1.497868737077518,0.15363842116167029,0.164723282886876,0.0010814376458479766,0.38970060133271744,0.0020687502614465036,0.42533648278978137,0.4164071867863337,0.17232264374929734,0.0016869972264103204,8.694050188278168e-05,0.00023576223949625964,1.0,1.0,0.000976956142218817,0.0017256753231702237,1,0.011505021445471154,0.00589728473823288,0.5125390010944305,low,low,low,low
227,0,90,0.009724673628807065,0.0008057950879321593,1.7605801297394075,0.05025695270618478,0.1700354435377651,0.002818153632663121,0.3933083751135402,0.0011777883126118229,0.4324710167116589,0.42616605427530074,0.17891918704474152,0.001684590202993971,8.741074783160844e-05,0.00026900260381455376,1.0,1.0,0.0012066513575078636,0.0012470061844900582,2,0.013660406590022631,0.0015948443046762027,0.11674085638011604,low,low,low,low
228,0,90,0.009828243321842612,0.0008968888779435453,1.6013128958558083,0.11830783236279312,0.16576742082834245,0.0013513840455780077,0.3862132507893774,0.0027301578166643234,0.42398134039507973,0.4127326978577508,0.17196584990234937,0.0016747188590773938,0.00017483410852239337,0.00017866998288123295,1.0,1.0,0.0005708316489649266,0.0026094593877120575,4,0.02161533053292367,0.006478310308571863,0.29969519103646186,low,low,low,low
229,0,90,0.012190585003958802,0.0019339487145616462,1.0666875046660464,0.2438132676612721,0.16033891108300952,0.00139541662797611,0.3815349668264389,0.0028722782696790116,0.41520630816618603,0.4098756853077147,0.17134246568204223,0.0005901315215447722,0.00010537553588608079,0.00011543685782927552,1.0,1.0,0.001047415867380488,0.001217612849426422,4,0.016732645395533548,0.001881198162885678,0.1124201044315064,low,low,low,low
230,0,90,0.010930927263365853,0.0014949214371571531,1.218708124945339,0.20169289849650548,0.15677121496862836,0.005325347533960784,0.3834917950961325,0.0005172893265721867,0.4169568730725182,0.4127989454401864,0.17092316109350986,0.0007571254973608101,7.158294094217114e-05,0.00013657427818009602,1.0,1.0,0.0010260301613569981,0.002290181157646965,2,0.016118384294760525,0.006721935847895356,0.41700946667549,low,low,low,low
231,0,90,0.010177964634365507,0.0008550985195351781,1.3423374759041808,0.09286660016951406,0.14912535846233368,0.002099453298416237,0.38457155525684356,0.0015627897323581244,0.4187890999846988,0.4121577196651035,0.1710209782794288,0.0007286460780917908,9.412060902261602e-05,0.00010342771110011919,1.0,1.0,0.0005300816527807615,0.0018167658040281285,2,0.012378944440102568,0.002521205177980132,0.20365238230093735,low,low,low,low
232,0,90,0.010969058341450158,0.0007971829819586338,1.355632253839484,0.07278638192645356,0.1529567355910937,0.0017464962386343139,0.383911385304398,0.0004058928045201441,0.41760744982295567,0.41221561200088924,0.16924533413717457,0.0008406165660148927,7.407191006490393e-05,0.00010303577359943578,1.0,1.0,0.0010564670736388925,0.0007734632048257565,1,0.010863473878490253,0.0034101280400074016,0.31387880150909614,low,low,low,low
233,0,90,0.012959060072898869,0.0007403540134342906,1.4406387104677798,0.060390512654894216,0.1553753321369489,0.00029406763584855845,0.38221823755237794,0.0006598577044547141,0.41431091560257804,0.41112474103768665,0.16940614922190386,0.0006067646243056505,5.929971907071994e-05,9.84663390745347e-05,1.0,1.0,0.0005405528014265496,0.0008147126609256436,2,0.008791117818428855,0.0027891516041742754,0.3172331924770197,low,low,low,low
234,0,90,0.012596836686134339,0.0012387448113691825,1.2701580418121468,0.05786463611308127,0.15702042298184501,0.0014409925798321236,0.3845632640851869,0.0017876616376007062,0.41769475870662265,0.41336024900277457,0.17132145237426652,0.00043654998454210377,6.668560904514653e-05,9.529282777974738e-05,1.0,1.0,0.00025825155732089145,0.0016634749070493532,12,0.009130791057819549,0.004444498296680167,0.48670608739720844,low,low,low,low
235,0,90,0.010872945851749836,0.0010724341149633864,1.5839675577249765,0.2310703415688029,0.15747099700901243,0.0006894906825297318,0.38610755453507106,0.002192502445956374,0.4202035582727856,0.41500347587797376,0.17087983090364137,0.0003027009099265011,7.582267943443611e-05,8.299582399532423e-05,1.0,1.0,0.0003460675709168835,0.0017737328250099537,5,0.013512976115057493,0.001093879323810224,0.08094429903508604,low,low,low,low
236,0,90,0.008250599437289763,0.001107390993022406,1.5257814017106373,0.136721981592567,0.15785459213786654,0.0006656210532399287,0.38250342938635085,0.00042355101829962395,0.4198778423998091,0.41273570126957365,0.1697629033876114,0.00045290093436334874,5.555260312803198e-05,7.641317002125248e-05,1.0,1.0,0.0009422814661827296,0.0004385343140164929,1,0.009707689095411198,0.0034591680144142323,0.35629609522146555,low,low,low,low
237,0,90,0.009986563854747351,0.0010092786525187996,1.1210630246103557,0.052728339419013726,0.16035395347409778,0.005215324654631004,0.3813937198784616,0.0007164743939409586,0.41614018943574693,0.4111859609683355,0.16869928738030143,0.00048184008700197185,6.484011881021511e-05,6.0939144179585196e-05,1.0,1.0,0.0006811996686705485,0.0006895772325708133,2,0.009530043969173492,0.002729702124420147,0.2864011679359465,low,low,low,low
238,0,90,0.006156113743782039,0.0007455171415729394,1.1515036999237769,0.05011801140031946,0.16620495236582225,0.0011961011015196542,0.38174601246913276,0.0011829680767596552,0.4175164454513126,0.4105585624774297,0.16802452251977937,0.0006870981314802265,7.221587499181164e-05,0.00016639069760656275,1.0,1.0,0.0006396987135375651,0.0011834344532939331,3,0.013353248803507127,0.0020500157331524885,0.1535103743622111,low,low,low,low
239,0,90,0.005089040597279866,0.0005803414007648393,1.2386239938850312,0.08621520659077055,0.1640599830283059,0.0008233296586052746,0.3830389959944619,0.0008625305530052106,0.41999023722277745,0.41129968663056693,0.16838233609906222,0.0002231109877184778,7.000704962359433e-05,8.186909655142371e-05,1.0,1.0,0.0005980831091438748,0.0010006384344048917,1,0.01083126145435464,0.003247442354156742,0.29979357199241613,low,low,low,low
240,0,90,0.004121249914169321,0.0007504468211151666,1.280399177160421,0.13916626813503752,0.16285470724105836,0.0010019561752315075,0.3827071275975969,0.0005363946276600008,0.4206145276625951,0.41300755904780495,0.16588882222901738,0.001534476654410794,8.984442898104383e-05,0.0001063298972930931,1.0,1.0,0.0006856924460450093,0.0006981033294889787,2,0.011413975710403418,0.0017209040617395996,0.1507584514762652,low,low,low,low
241,0,90,0.009406491451793248,0.0013465675940892408,1.6314698075049823,0.1408590433579327,0.15899595965941746,0.0013131037854337611,0.3864780185951127,0.0008572794272457523,0.42362719476222993,0.41525017023086547,0.16690355334043375,0.0006050013424087583,0.00013494151213266534,0.00015620139401322576,1.0,1.0,0.0010035376248883675,0.0005517093241673021,2,0.013058256447772672,0.0013885078316122213,0.10632365151608912,low,low,low,low
242,0,90,0.008978547652562454,0.0002356936824583276,1.392828955071329,0.09031929488413223,0.16548019448916118,0.0020496895362585935,0.38510359989272225,0.0007305571403636357,0.4213591105408139,0.414052414894104,0.16856566732306852,0.0014491733307949483,0.00010891022760654106,8.747158085528987e-05,1.0,1.0,0.0011347796468211884,0.0009311450335572713,1,0.01017942056574405,0.004590681844433708,0.45093243592321,low,low,low,low
243,0,90,0.009172087245517309,0.000510239059052871,1.3311544618012134,0.10316150916820234,0.16681188046932222,0.0006723599485901279,0.38491860992378657,0.000319389939557616,0.4209897418816884,0.4159037550290426,0.16651622761618726,0.0010863471720285866,6.602407016606538e-05,7.148615321095866e-05,1.0,1.0,0.0010874334522880838,0.0005763164360024123,3,0.010686032798778498,0.0025097520152175673,0.23484086392103393,low,low,low,low
244,0,90,0.005620229906506011,0.0015115359706100915,1.257215032962747,0.0785902557675346,0.16966647373305427,0.004006458386785923,0.3852183676428265,0.0010147037858273512,0.42081767155064476,0.41440765493445925,0.17174861639061087,0.007861805309339179,0.0002260499016450427,0.00019980990666176486,1.0,1.0,0.0005616077667788826,0.0013303150989821115,5,0.013667717772113328,0.005517641777238127,0.40366930309257837,low,low,low,low
245,0,90,0.00371687842739953,0.0008772551771612551,1.3550508872288898,0.09926845370319289,0.17320409499936634,0.0025066900248010312,0.3837335412700971,0.0009771887289722547,0.41865189174811046,0.4107653617858887,0.16930684272912017,0.00817996060557125,0.00039949627380504797,0.0003551469342282552,1.0,1.0,0.0006999965131713543,0.001253800713972941,6,0.01855090982751036,0.003395580482394435,0.18303131666580105,low,low,low,low
246,0,90,0.0036283863915337476,0.0005428474802263941,1.267774965248191,0.07408352544384406,0.16832744081815085,0.0015129747055005248,0.38152636057800715,0.0007573946534770962,0.4183237274487813,0.40990326139662003,0.16737161046068347,0.0013662852307894135,0.00018308858128800152,8.591181847542289e-05,1.0,1.0,0.0004728135581319194,0.0009085821174500775,5,0.011786877792471253,0.00377568811631097,0.32030261789127534,low,low,low,low
247,0,90,0.002801928917566931,0.0006908427500339346,1.1244764534728537,0.046659780867107155,0.16626606583595277,0.00036125096129529404,0.38300519188245136,0.000646070924426186,0.41641190383169385,0.41058268944422405,0.1646651941964968,0.00018841315891745527,5.1504127826272645e-05,6.60600961529379e-05,1.0,1.0,0.0009121347066948308,0.0012528680538652838,1,0.008955467258508784,0.0041833733004579205,0.4670785008992972,low,low,low,low
248,0,90,0.0019133319457372078,0.00046165065444526537,1.156359117124649,0.03159797059684942,0.16865396714872785,0.0016817972091587436,0.3830046837528547,0.0011514378841482617,0.4180707431501812,0.4116139438417223,0.16597090214775637,0.001476940761626483,6.885677355735702e-05,3.5562556219605486e-05,1.0,1.0,0.0006029770898302612,0.0022188756421449656,1,0.012716905904796119,0.005218963511869816,0.4103634317581847,low,low,low,low
249,0,90,0.004004555940628056,0.0007861351964928743,1.3249666241201568,0.09349850398492761,0.1750312546888987,0.0013222869722491696,0.3819714052809609,0.0008520154383900403,0.419388743241628,0.4115995466709137,0.16671836676467564,0.0003667858177598346,6.77661803475604e-05,8.096659336325455e-05,1.0,1.0,0.00041634186396202,0.0006425683628813162,2,0.010503228378538926,0.0012055905082473909,0.11477192467659211,low,low,low,low
250,0,90,0.0051901651753319625,0.0013105639954436124,1.3367454050714933,0.1035483766660577,0.16959618760479822,0.004151473351241276,0.38126096261872183,0.0011161085837792274,0.4190824627876282,0.41263012488683065,0.16686559295798414,0.0006174309132609134,0.00011178681852743777,8.742148470971684e-05,1.0,1.0,0.000714218117222974,0.0014438662525762028,1,0.009497691040194076,0.004592152438248498,0.4834510796084038,low,low,low,low
251,0,90,0.009071526593632164,0.0003941864989857103,1.5403239665524455,0.07472442839660566,0.15887683745887543,0.002458790573563935,0.3829500918587049,0.0009565122194536333,0.4193727890650431,0.4164858059750663,0.16765642930589297,0.001035091174474189,8.809958247203721e-05,7.064504132601231e-05,1.0,1.0,0.0002521106232724335,0.0015226368952567652,6,0.01033443362677283,0.005057890857264044,0.48937384147696733,low,low,low,low
252,0,90,0.008720790015326604,0.00028957496492830785,1.442571635545672,0.04691946631442961,0.15674789945284526,0.0010811127307002537,0.38380392756727005,0.0009990858889320949,0.41941134333610536,0.41559371749560037,0.1684198880443079,0.00032984200220599147,3.874730934963851e-05,5.811530634191187e-05,1.0,1.0,0.00030705609889029097,0.000716716546251115,6,0.00877205107131207,0.0010040061201428846,0.11444206946725646,low,low,low,low
253,0,90,0.007215166423055854,0.0013716467438782607,1.3897956686510884,0.05619669894490439,0.15682721154557333,0.0007320480025648627,0.3862024322152138,0.0005269225434129732,0.42183946304851105,0.4142663713958528,0.16899521653002286,0.0005058623462544127,5.842839131557371e-05,4.6100762508486435e-05,1.0,1.0,0.00025441999408517765,0.0003746060384893843,3,0.00821415809874562,0.0011511256035540093,0.14012214855971863,low,low,low,low
254,0,90,0.007793611288070679,0.0008179785260309583,1.5374050331285898,0.060852399023300544,0.15770110454824235,0.0012333492298681901,0.38412781854470573,0.0019956979523379696,0.42059002187516953,0.41444533401065403,0.16821858848423543,0.0007709243671916434,3.693545948231245e-05,8.188582429510203e-05,1.0,1.0,0.0003502057693642171,0.0008811384192205062,3,0.00827452081488619,0.00272241294352024,0.32897179578391045,low,low,low,low
255,0,90,0.005679174595408969,0.0008376524856644759,1.5392364228077573,0.060182137588528556,0.1594902702503734,0.0003448484604325425,0.38116996238629025,0.0004787527026736087,0.4196829438209534,0.4110448251167933,0.1669414512639817,0.00018117368828375922,2.7302423748054157e-05,4.2597821590998474e-05,1.0,1.0,0.000395801008496305,0.00039178356852285915,2,0.006103153662710807,0.0021384286957564784,0.35032353605705574,low,low,low,low
256,0,90,0.0058049135737949,0.0005836509361108773,1.5429583841139707,0.0649571306851857,0.16111275222566393,0.0012148604260414273,0.38247613542609743,0.0004096138574401049,0.42069556845559014,0.41349782082769604,0.1686235087674541,0.0004503856624210954,6.50617329869619e-05,5.417332970253099e-05,1.0,1.0,0.0003101167073316649,0.0004193599313732242,1,0.006607565279969427,0.001914004370090927,0.2896247958527818,low,low,low,low
257,0,90,0.006423935956425127,0.0003253761503739196,1.5524065789104706,0.05593514918818951,0.1590199833114942,0.001805928266170636,0.3812667755617036,0.000541662476891477,0.41940528386169007,0.41158600913153753,0.16908609510226189,0.0006473892278249062,7.155846965121696e-05,6.0016470575457015e-05,1.0,1.0,0.00040923639720174377,0.0006440069403503451,1,0.006690813121114243,0.0016802331888529554,0.25108788282676703,low,low,low,low
258,0,90,0.005298791660202875,0.002356983790001317,0.6490471446132368,0.3886945887188365,0.14999284694592158,0.0072421962936606585,0.36597767621278765,0.011287689432410111,0.28957641389634875,0.2892103801170985,0.14909424903863852,0.04239816844754141,0.007827635653898908,0.005999054927072463,0.43333333333333335,0.32222222222222224,0.0020344056133976456,0.017561504332846225,3,0.0723630160645376,0.03897671391978697,0.5386201048463883,low,low,low,low
259,0,90,0.0033412870433595487,0.0009712542863765937,0.4254010339151209,0.14286425243897552,0.15294581966267692,0.0013886830808560436,0.35353806962569556,0.0014040245623004467,0.16913183761967554,0.21502221955193412,0.12300678209039441,0.018807849487077435,0.009084369612515053,0.0019014770352573623,0.0,0.0,0.0004841806090168057,0.0010963599322016918,1,0.015402615412521907,0.0029236685969720737,0.1898040504565808,low,low,low,low
260,0,90,0.0062059091197119755,0.0010225622455073558,0.5966914543683005,0.14730260095076742,0.15286526481310528,0.001401179049892486,0.3534723530213038,0.001621548915929064,0.175816543896993,0.21558054155773587,0.11448819604233298,0.019656768876118925,0.010020015379548995,0.002390753743110139,0.0,0.0,0.0013527645131640425,0.002645575189744173,1,0.020699049074052137,0.00942425447967676,0.4552769148499374,low,low,low,low
261,0,90,0.004126656717724268,0.0018896277716360936,0.7221594939002821,0.1586506734606398,0.15628042386637794,0.002138781458430838,0.35026537709765965,0.001896656455762284,0.20360111759768593,0.22098350690470803,0.10635590133450643,0.02094558424579027,0.008674182207492711,0.0030197914634075397,0.0,0.0,0.0020205419831258804,0.002099398133673977,1,0.026779074091835064,0.007284165158006101,0.27199944006977034,low,low,low,low
262,0,90,0.0028119749493069027,0.0024412071095779564,0.692553550524866,0.048064282828457365,0.15585711068577238,0.0013463130618611612,0.34752013352182176,0.002413746807530442,0.1760736601220237,0.20742412904898325,0.13039808179883716,0.011663277642612402,0.005033268950019782,0.0024261461958662257,0.0,0.0,0.0006061861306705693,0.0034659851990020453,2,0.020080980368298106,0.006004259592248969,0.2989874246529708,low,low,low,low
263,0,90,0.0028639571534262737,0.0010537738161657405,0.4972448146904937,0.15935349436294094,0.16132093850109314,0.002161239398876063,0.3523893023530642,0.0030384367596494816,0.20652673443158467,0.223146500521236,0.10821390208891751,0.024992267679884314,0.006341776435369111,0.002931571358323038,0.0,0.0,0.0015599067461346706,0.0035862528334889474,1,0.018210696894718017,0.010103801039190587,0.5547973424772414,low,low,low,low
264,0,90,0.006268808576795787,0.001016692889728253,0.9264225469351007,0.02789323498544453,0.16682253546184964,0.003990466831202962,0.3519556207789315,0.001718023318636234,0.18999991284476386,0.22688743670781453,0.11413915279750297,0.030110791223169335,0.004846031959170244,0.0012822804840765677,0.0,0.0,0.0004271456808817168,0.00190367415254726,4,0.014376826848923182,0.0019533411697551435,0.13585788661110756,low,low,low,low
265,0,90,0.00719972285959455,0.0005604750758859778,0.9204431044772625,0.05628417386760248,0.16857249952024883,0.0009395939986171648,0.355984559820758,0.0006391531193130128,0.1308935562769572,0.20794990890555912,0.14645716500757222,0.01631660313037984,0.003802796882366102,0.0018773003547003144,0.0,0.0,0.00037927344012210414,0.0007462035821697807,1,0.009678396289449153,0.0017814980744821143,0.1840505359227831,low,low,low,low
266,0,90,0.006028562784194944,0.001693283625464655,0.7988695771179184,0.06935798757480983,0.16661500963899825,0.0028063160996483934,0.3554817295736737,0.0023708651751079128,0.11570202774471706,0.19345356358422172,0.15371057203305385,0.012017076537715088,0.00525725823518773,0.0021797632228157896,0.0,0.0,0.0007920662407220896,0.0013820471054759582,1,0.012500760568047366,0.002699216029108096,0.2159068728293269,low,low,low,low
267,0,90,0.0020293788777457264,0.00036831710836432425,0.6936701109653941,0.07591125342939585,0.15973038292593425,0.003970594249931051,0.3505014636450344,0.0033257083220766485,0.1349051740434435,0.19843079811996883,0.14834152126461747,0.03209337860781588,0.0039488366976081464,0.0026557330404327374,0.0,0.0,0.000838207183439154,0.0044085485319603195,3,0.017900007256614496,0.01060495212467941,0.5924220895872122,low,low,low,low
268,0,90,0.005693422092331775,0.0013085494294940926,0.6525598301521738,0.06161854281517272,0.15039973573552237,0.0005842792316300587,0.3484928059909079,0.0006611369822760292,0.2555889808469348,0.26832849184672036,0.1018196000841656,0.008658463346964065,0.0024733481232890563,0.000624965947200956,0.0,0.0,0.000277688877137947,0.0012226597368749825,1,0.010052126169896218,0.004209242062643524,0.41869981451620214,low,low,low,low
269,0,90,0.007250955038600503,0.0007785682739254764,0.7685751732231848,0.07139475533226847,0.15002387546830706,0.0006267747522814299,0.3491649768418736,0.0010046486889180846,0.24598864714304605,0.2508850743373235,0.08992090343476307,0.006325857310086089,0.0012570132888751347,0.0010898558856672505,0.0,0.0,0.001027553855081014,0.0016207136971133575,1,0.012614111819950142,0.0039035107824100337,0.3094313263428102,low,low,low,low
270,0,90,0.006297084358003404,0.0022801462335836375,0.6489380626723856,0.04659111909314927,0.14793808062871297,0.0005945066783062743,0.3460525969664256,0.0014013339320195042,0.22607973615328472,0.2397237221399943,0.10040754791614905,0.011591015482699741,0.0038293863125970534,0.0012242032488962082,0.0,0.0,0.0008397536206073025,0.0015207076126757754,1,0.012296343586422571,0.005752886146776337,0.46781535429554616,low,low,low,low
271,0,90,0.006021732423040602,0.00046452276467273045,0.6983116105571919,0.09157699566100407,0.14736832794215943,0.00038950425900392523,0.346001839141051,0.0009118607061601738,0.23020566867457495,0.242031678226259,0.10044740517751259,0.007682452507053864,0.0028166712296985477,0.0009845484124208876,0.0,0.0,0.00043687561798795685,0.0011426460393724608,2,0.011643462479444967,0.0004411211980166434,0.03788248695852807,low,low,low,low
272,0,90,0.004305070307519706,0.0012818194147961167,0.6581992829147272,0.10694045998405359,0.14942560278707082,0.0009726611065766752,0.3460775704847442,0.0007307143940327625,0.25063601666026647,0.25635632640785644,0.09453583821588749,0.006677695148138779,0.0011497017917806408,0.0005435560442660563,0.0,0.0,7.434763020066322e-05,0.0011376585673490895,3,0.009706315552946512,0.0020565343317515087,0.21185407237815385,low,low,low,low
273,0,90,0.0039129965835147445,0.0009122945633213246,0.7823903389381763,0.1272151980714322,0.15689261356989542,0.0047385799945785,0.34763845834467144,0.0012205605359316616,0.25060075057877435,0.25329940848880345,0.09653038685780715,0.008100249935828774,0.002201778864726383,0.0006543260397724141,0.0,0.0,0.0005586856375538919,0.0011526649531397358,1,0.013198506324364635,0.001829520751635674,0.1386052407322695,low,low,low,low
274,0,90,0.0029999703168869067,0.0005482664617169234,0.7511808601274829,0.06315027854237336,0.15861905333068635,0.0026474366809589385,0.34305880781677034,0.0009729914231017047,0.25864747398429444,0.2615641719765133,0.09602467774000131,0.002964423659707925,0.0007338308973979544,0.0006178225713398525,0.0,0.0,0.0008192728261945582,0.0011914747892969098,1,0.014542731696412162,0.0036790560786895345,0.2529650680778945,low,low,low,low
275,0,90,0.002536672022607588,0.00044032779669142785,0.8223611659820562,0.05843557959710681,0.15682787679963642,0.0028669698398182306,0.3455443708433045,0.0006031965996152335,0.24959853589534758,0.24546186592843797,0.09266152835802302,0.0028082125538577674,0.001243347301419369,0.0009231573639560962,0.0,0.0,0.0002238604527934035,0.0007894977415628707,2,0.01287490473318364,0.0013911842096706172,0.1080455500796983,low,low,low,low
276,0,90,0.009606531924671593,0.0022406840278647536,1.2668615256296258,0.2320989222927338,0.15485132353173361,0.0032488465616891896,0.3488502567013105,0.0015832898392562549,0.25275133517053394,0.26097546054257287,0.09118640822189811,0.008271034428201957,0.0023811654061469782,0.001176652940873363,0.0,0.0,0.0006683239934150875,0.0019739749492970853,2,0.016626393403636447,0.0046800531713502265,0.28146643660495146,low,low,low,low
277,0,90,0.005431138806872892,0.0009049836536676404,0.7730262601794471,0.14366311694518363,0.16104879644181994,0.0010585879030132615,0.3471033493677775,0.0014197374138357397,0.2584457837873035,0.25634577108754053,0.08981427705872821,0.0023299741082864474,0.0010436729101808726,0.0005169519512326324,0.0,0.0,0.0002598694001652561,0.0016451162359707816,8,0.01767303312045678,0.007122891714584225,0.40301450529363586,low,low,low,low
278,0,90,0.0008670604891247151,0.0020111086523788763,0.4001709553447867,0.11927921030713735,0.16089894225200016,0.0018470986688635354,0.34464423639906777,0.0009065523025053466,0.26123659676975675,0.2588368220461739,0.08974367782680469,0.004917050771205658,0.000619951783396158,0.0005648694423396795,0.0,0.0,0.000786309196203089,0.0008028217658831243,1,0.012805719599477386,0.004581514173937141,0.3577429909626586,low,low,low,low
279,0,90,-0.001175818840662637,0.0014864907606916102,-0.29313343062563874,0.26508327604674486,0.16344670388433669,0.001696088297130237,0.34644186728530457,0.0017182101972681033,0.25671227508121064,0.2369295080502828,0.09885998519761288,0.004627065170395659,0.0007849988351575935,0.0021026139559764388,0.0,0.0,0.0007539319747449423,0.002411350382003375,2,0.030325485174673573,0.0032724132181889227,0.10790611570515263,low,low,low,low
280,0,90,-0.0023482090897030275,0.001793623042403041,-0.2995307974114958,0.1791981675563419,0.16617587440543705,0.003890606001775768,0.34502453804016114,0.0019152877146929065,0.2603137522935867,0.24899535609616175,0.10406766195198784,0.003993487575422228,0.0006331556062289148,0.001119796697886327,0.0,0.0,0.0013238293875711639,0.0019551469457853407,1,0.020369391081801132,0.00559036733767016,0.2744359357275464,low,low,low,low
281,0,90,0.008533242013719347,0.0031235805649513474,0.43094633362102347,0.2026353412037173,0.16705293423599668,0.005987434186384222,0.34731473128000895,0.001741650315447799,0.24759921431541443,0.25260940856403774,0.10032228326762893,0.006410628099302519,0.0015466366255515545,0.001504135294218635,0.0,0.0,0.0007714683664997392,0.00232583316568966,4,0.03448033664157111,0.0007332530629026724,0.021265215746267035,low,low,low,low
282,0,90,0.007942575547430256,0.001121639713272615,0.5118921035497789,0.08997363375082061,0.1644403518901931,0.0013473618352344337,0.3520618513226509,0.0009077962303515399,0.24642107453611162,0.24261262350612217,0.0872002022237899,0.004382417511919551,0.0010429998463646038,0.0011153869613066256,0.0,0.0,0.0015855033445070657,0.0018883494357787225,1,0.018485517980897405,0.0063545427753498186,0.3437393013609232,low,low,low,low
283,0,90,0.005793660879135132,0.0005406137027844616,0.5061706886505792,0.06164303765547125,0.16490285131666396,0.0012549159881311963,0.3486662533548143,0.0007488973343322432,0.25242271787590453,0.2462612274620268,0.0907370481267249,0.002282663048300461,0.0003913915122262456,0.0005048475968116844,0.0,0.0,0.0007977961018265754,0.0005272448216585885,1,0.01001566710445816,0.003581116742181989,0.3575157989016254,low,low,low,low
284,0,90,0.006037890248828469,0.0006196344495112954,0.5373352435926846,0.06346541987111136,0.15940159294340345,0.001912753572481056,0.34521046876907346,0.001605208416932874,0.25446640385521785,0.25149926940600076,0.08418790749637152,0.001285794232975218,9.486093154736362e-05,0.0003375559343050725,0.0,0.0,0.00034988624773306355,0.001716545186438232,1,0.011449911362544207,0.00421658186264693,0.36823111533631453,low,low,low,low
285,0,90,0.008492870463265306,0.0008315660134358109,0.8733827253223554,0.10808008215442576,0.1582172883881463,0.000666872117520386,0.347051203250885,0.0008333973309030318,0.25179578695032334,0.25785850054687925,0.08961104879079132,0.001738028446034892,0.0003015053745741813,0.0006417643505507073,0.0,0.0,0.001509012050575932,0.0009832181228105437,1,0.01853010418411345,0.005846405790193932,0.3154914964649545,low,low,low,low
286,0,90,0.008056957523028051,0.0015273960064193105,0.8766157073568882,0.04887048974579049,0.1586725643939442,0.0010574786942759613,0.34920131646924546,0.0008582384706294111,0.25926936434374914,0.2559766683313582,0.08592945923481635,0.00214177132204081,0.00029718624694568,0.0005399027648825869,0.0,0.0,0.0007160847449077803,0.0013625362560308917,1,0.011549629534424923,0.0034303921885246724,0.2969874653412528,low,low,low,low
287,0,90,0.010303820172945661,0.002080106891648579,0.9105317050295116,0.041600420994872496,0.1560898517568906,0.0023343072867885563,0.3489555827445454,0.0009527539021450283,0.25909807946946883,0.2580928189886941,0.08878214215784354,0.002202299643674872,0.00039526083274583635,0.0004508037152374677,0.0,0.0,0.00024148529827291293,0.0011904448770844944,2,0.011417954375131276,0.004260381934816902,0.37309737782080626,low,low,low,low
288,0,90,0.015645621551407703,0.00039052578468654504,1.1010738032182936,0.06101939811431179,0.15227250572707918,0.0006398891390453299,0.35051105237669417,0.0006991131210861034,0.2513312217262056,0.26014860537317064,0.09198418726950774,0.004593901973546983,0.0002973084328471736,0.000556990200165327,0.0,0.0,0.0006347401172311321,0.0004995773758153831,1,0.009622131319585185,0.001830437662367906,0.1902122709935968,low,low,low,low
289,0,90,0.013906740479999123,0.0009027197160141554,0.9770857911184392,0.06907642378335162,0.15197657512293922,0.0002552282737973121,0.3525897807545132,0.001968487562870408,0.2524444318479962,0.2601301819086075,0.09028221804548602,0.0021176770810665655,0.0006005880103130461,0.0005648435642175431,0.0,0.0,0.000821411344997988,0.0021183835641618042,1,0.015455750400525143,0.00418524030352255,0.27077103498936983,low,low,low,low
290,0,90,0.009888323148091634,0.0003060561221321704,0.9369124676561048,0.07168438727185096,0.15338323182529873,0.00126746706577401,0.3544963035318587,0.0008877675422390309,0.26171752280659144,0.26816268761952716,0.09640895396550811,0.0025774456594647296,0.0001794198686095384,0.0003206001133237487,0.0,0.0,0.00028094534688697813,0.0008513930163181373,2,0.01421923246676921,0.0019971723751522363,0.14044583165706764,low,low,low,low
291,0,90,0.011166037784682377,0.0005345522996322822,1.0992690837721084,0.041370271760941345,0.1523361681236161,0.0009637863411751386,0.3491536393761635,0.0012739893893560434,0.2549865947829352,0.2614577223857244,0.09645067607447941,0.0023275491826624884,0.00028779054566146307,0.00046689854873720963,0.0,0.0,0.00016535013573702682,0.0008566590171567967,5,0.008741146667886838,0.0017059045233488253,0.19513565582412937,low,low,low,low
292,0,90,0.012210749586423238,0.0004404316614919266,1.0658688544042574,0.04425817023982602,0.14882449789179697,0.00042620228710791983,0.3502538017100758,0.0007791583315394133,0.2520571013291677,0.26225981016953787,0.09715711428608095,0.002355345404946194,0.0005750339491952977,0.000295773496841869,0.0,0.0,0.00012699629400901143,0.0009245553025155335,7,0.007828485327001498,0.0015696741078337036,0.20048241260768165,low,low,low,low
293,0,90,0.009341999226146277,0.0010882799372502487,0.8534056232626787,0.044602198009837876,0.1535740393731329,0.0025185556855756327,0.34849727269675995,0.0016398134404688057,0.24076539907190536,0.24907967779371473,0.0966519732980655,0.015158890022431476,0.0038115694709344667,0.0010727603772469406,0.0,0.0,0.0003117903886417568,0.0012545946067050093,1,0.011534977064672918,0.001293832248527872,0.11215627781456208,low,low,low,low
294,0,90,0.008293891615337796,0.0005315299709010858,0.909249488350673,0.05904321706235046,0.1510766949918535,0.0011864015160462636,0.3496832013130188,0.0011272963229844437,0.18604859842194452,0.23203674488597445,0.12238444850957385,0.01177617769887631,0.005049693121960635,0.0007751891498449836,0.0,0.0,0.0005528442661925069,0.0010897133318971263,1,0.009981394845960492,0.0030407785217674644,0.3046141300449517,low,low,low,low
295,0,90,0.007243352135022483,0.0005310046182177106,0.8351590142396114,0.045122319025081,0.14904776728815503,0.0005994190154454051,0.34936777038706673,0.0006051384074235768,0.24523461361726126,0.2520548091994392,0.09602585591084506,0.011101502791154674,0.002248891090536586,0.00044957852606371745,0.0,0.0,0.0001119684626910405,0.0008897962197798848,1,0.008631824465085756,0.0014630624751702053,0.16947668530587592,low,low,low,low
296,0,90,0.009703083170784839,0.000738178877440669,0.7907522649164659,0.05678726814568966,0.14803669452667237,0.0004350369996235922,0.3502621435456806,0.0005684650623082656,0.2386571529838774,0.2548924952745438,0.1001053047626353,0.012590817338719302,0.0032087304083979547,0.0005456903627070674,0.0,0.0,0.00020701676316905624,0.0007179643402432297,2,0.010150596602346464,0.000336306942687895,0.033128477801231807,low,low,low,low
297,0,90,0.007698178622457714,0.000655135224377653,0.6078549965659829,0.04411326010465859,0.14869240737623637,0.0005850637102094751,0.35034165928761163,0.00043729833860255406,0.24681194755766128,0.24972840978039634,0.09885001492558436,0.012074733188173167,0.002304453049486869,0.0006290149090686213,0.0,0.0,0.0002660305617194244,0.0004173762728735391,2,0.0076239526922017705,0.0002823937296003305,0.03703547300551013,low,low,low,low
298,1,90,-0.004984269135220102,0.009691252972350264,-0.6556815846958609,1.2947278878035968,0.21010507114006877,0.07158125760527544,0.5412293865756933,0.12836398999475268,0.4617899380797564,0.47743679375149484,0.26582663902061937,0.10246264673547834,0.0134762062853009,0.010034916541135903,0.1111111111111111,0.14444444444444443,0.019925614112377536,0.08892867104856184,3,0.44262873260906255,0.1930200202975293,0.43607558660775186,low,low,low,low
299,1,90,0.015237979094187419,0.027328343662347064,1.1983477958144702,3.77412028445114,0.1264352439178361,0.014788195279033696,0.35711331930425433,0.014388488903747068,0.18997592164410484,0.21642258564631145,0.13819969952337777,0.024218124560318105,0.01940967158319528,0.013513263782011335,0.0,0.0,0.03672270376494198,0.013951852548615341,1,0.21460431305792782,0.10890578675048787,0.5074701329556144,low,low,low,low
300,1,90,0.004364219970173308,0.024005655652773236,0.8196702104750547,2.5846876184154697,0.14447677234808606,0.006498514159424997,0.3528473170267211,0.00947634475793927,0.20515423450205061,0.1763353794813156,0.13124760659523077,0.024502349712726065,0.00976074896114165,0.013351352501435694,0.022222222222222223,0.0,0.021489251383361874,0.009148134739514861,1,0.11085457175932838,0.054014202000205395,0.4872484183065896,low,low,low,low
301,1,90,0.011871455113093055,0.013077402454146216,-4.684841248327264,2.4663775519703313,0.1170638531446457,0.016497984030936465,0.3548237648275163,0.013922949122290772,0.19848745630847084,0.2100160519282023,0.1365765950744112,0.06816401851851418,0.008659652193864654,0.02369727811723533,0.34444444444444444,0.0,0.06650892845783252,0.011329306789642897,1,0.3576849792492429,0.25245957128805785,0.7058134395369713,low,low,low,low
302,1,90,-0.0021178252167171935,0.030538206815200752,-2.4278478982985274,3.0502779923868877,0.14430794186062287,0.01089232822573213,0.36452539331383177,0.011112373054405607,0.22461363905005985,0.2230742288960351,0.14622475245826472,0.029733224167431533,0.012103278097492128,0.014805018208957273,0.06666666666666667,0.0,0.04309645145367102,0.014262063284487253,2,0.3497555002635898,0.08830658354221725,0.25248017828307995,low,low,low,low
303,1,90,0.007910124129719202,0.04817455730258872,-0.7354977700555254,4.995312128155415,0.13724417338768644,0.018845080717289475,0.3512678429484367,0.008487606109881163,0.21537772119045256,0.17572026616997188,0.17274291900661434,0.03713625179852314,0.011045774217574331,0.008292961321717165,0.0,0.0,0.04059675370327839,0.007852238720482643,1,0.166325337334157,0.08558193884388991,0.5145423161213007,low,low,low,low
304,1,90,-0.005704153246349763,0.03464167006287476,2.522373376210446,4.667151560421981,0.14445885386731888,0.01684296332857412,0.36597374379634856,0.016108857602035963,0.2590902116563585,0.2070070700512992,0.1245096857212088,0.06502281246553206,0.00933559986288238,0.009529388600726062,0.1,0.3,0.07071217524218575,0.01664509475511318,3,0.3272988633361171,0.2628163096722069,0.8029832551512879,low,low,low,low
305,1,90,0.01658201681243049,0.05212601568866355,2.9173468858179907,4.788806357977896,0.14774898191293082,0.012513213046524098,0.3630974335802926,0.012083313027211707,0.21544538670116,0.20731908480326336,0.12169313523175222,0.029831034910664127,0.015275697618508484,0.012400982629277014,0.0,0.044444444444444446,0.04034983868468965,0.010866438440758974,1,0.26622250296102323,0.10648134692267708,0.3999697462408742,low,low,low,low
306,1,90,-0.016658096181021795,0.03858044161462916,-2.6287904276010887,4.044631531580635,0.14833404438363182,0.010850749456365416,0.3548964854743746,0.008743419487429108,0.2018734292851554,0.1966444710890452,0.14451221406493747,0.02774094733657832,0.01152331976462664,0.012507866468908528,0.0,0.0,0.07844843144392837,0.010547106474064512,1,0.29710457277406843,0.2558601599961924,0.8611759032563123,low,low,low,low
307,1,90,0.002104829086197749,0.018709264112766414,1.7789893772883028,2.136981837184353,0.160515259206295,0.014814327463086426,0.3533859151932928,0.014038773067676515,0.2214994771613015,0.14799425734413996,0.14619660074561622,0.020513253043265286,0.00880671515548982,0.010526464208606527,0.0,0.0,0.03218562679890079,0.013045239172717353,1,0.19362640878082518,0.12790453771461657,0.6605704146947345,low,low,low,low
308,1,90,0.006836938195758395,0.025711177877998207,1.5384569118874245,3.822467911104808,0.13898629297812778,0.01773577656062311,0.34564802083704205,0.017464345947762114,0.18558283381991916,0.16496456695927514,0.13968188186193706,0.026132084932450467,0.009209063168757423,0.009970576815287275,0.0,0.0,0.03698669302775222,0.012854847388880403,1,0.2107803011349088,0.11498467732663858,0.545516498415785,low,low,low,low
309,1,90,-0.001444044709205633,0.03363089150881282,-0.5918185958972877,3.970974461174568,0.13708660238318973,0.00908576230921308,0.3354813607202636,0.0056637665491400995,0.17659541136688656,0.16322570078902773,0.13310335230607523,0.019882088474748226,0.010982058808030725,0.012944606545130662,0.022222222222222223,0.0,0.04029126540131117,0.004625332385902165,1,0.16724662996182502,0.09150666324379142,0.5471327950337963,low,low,low,low
310,1,90,0.010729652974340653,0.012405256083367566,-3.6118659796038153,3.3310017761650794,0.13652586390574772,0.009600634095508735,0.3364973020222452,0.009860462147937538,0.12678381469514635,0.22451502482096355,0.12442105974525088,0.02579778529555144,0.01279629491933471,0.007520479240031957,0.0,0.0,0.04230527665145081,0.009841151835149988,1,0.22117701424236935,0.1754858115110647,0.7934143550035013,low,low,low,low
311,1,90,0.01620830926630232,0.03010440463170364,-1.0620941294269215,3.376476433917569,0.1576164343290859,0.007410104383211453,0.3611947481830915,0.00560748049065306,0.15752614703443316,0.22043074236975777,0.16179133204802587,0.03093040243071223,0.013810031081849548,0.014185459338148696,0.0,0.011111111111111112,0.060110870599879074,0.010523299126739214,1,0.29996838610478777,0.14346899248442888,0.4782787815364303,low,low,low,low
312,1,90,0.011802108420266041,0.04125889079377128,5.139177687595056,4.952194123947399,0.14720992942651112,0.014241659936768618,0.3571431252691481,0.009372467442617275,0.1414005441798104,0.17955495913823447,0.16207894325645805,0.05904863315886784,0.029072293023247837,0.013941052402809174,0.03333333333333333,0.011111111111111112,0.0960684218672078,0.011870083757406096,1,0.34271394127556654,0.27409066829617323,0.7997628211831751,low,low,low,low
313,1,90,0.0025621636046303685,0.00993278623670231,0.08223280356881499,1.605567068325606,0.11392520119746526,0.01763587672533605,0.34933607992198734,0.021545006700162267,0.18334079616599613,0.19096881681018404,0.12585468130284636,0.0321303389726093,0.013845669225376521,0.010441068963263932,0.0,0.022222222222222223,0.018876610844774617,0.009352852172468153,2,0.16491270586420909,0.02585217230500659,0.15676181776118364,low,low,low,low
314,1,90,0.011008993453449679,0.005487015349070429,0.10583585093690377,1.2015707686008288,0.12124507824579875,0.01008313232675019,0.3274861906965574,0.015613500770812255,0.16846397187974718,0.15639947454134623,0.12857860144774177,0.01598338693047569,0.00983624810808383,0.011450494240135918,0.011111111111111112,0.011111111111111112,0.04346760607758446,0.005980814371302862,1,0.17646683404116303,0.06961145961293921,0.3944710943565023,low,low,low,low
315,1,90,0.009484196040365428,0.022657317419125494,-1.1563511845311665,1.6720644674065488,0.17053208069668876,0.02217059813384978,0.39935700876845254,0.040481910594940766,0.20877896547317504,0.24000748031669192,0.13264806750022795,0.02109462603788352,0.01400401312568616,0.01055675572742807,0.0,0.0,0.03895450729506341,0.01991454242082298,1,0.23413972973582253,0.162089080228739,0.6922720383233694,low,low,low,low
316,1,90,-0.0349885430600908,0.03244491730058279,-4.468376817314471,3.837258493341729,0.21410812983910243,0.01535084162528169,0.4660980032549964,0.034298164364693115,0.2375732160276837,0.26407210495736866,0.1776903124741845,0.03677424253130728,0.016864258336680947,0.011758121109901053,0.0,0.0,0.047842332123140915,0.014710828898118583,2,0.3282774913311553,0.11769937157769958,0.3585351300367979,low,low,low,low
317,1,90,0.013507801625463703,0.020737674333666908,0.542368216682908,3.5178660905381776,0.15146593898534774,0.012472726302340024,0.3722674325108528,0.008952605193994916,0.21967695984575483,0.21776503092712826,0.1533241746307424,0.020659795029165984,0.010208862459994009,0.010014221846307035,0.05555555555555555,0.0,0.03699590273306253,0.006592629638715735,1,0.16721754553916332,0.06760860632221515,0.4043128476224003,low,low,low,low
318,1,90,0.014499803053008185,0.008401781100277249,0.9489426256208812,1.8126397944717019,0.152970548470815,0.010760411725385405,0.3546852639979786,0.00476477729765291,0.18597894046041702,0.19613452057043712,0.14969371506468046,0.01767450708733081,0.009882179805273766,0.011920926839631885,0.0,0.011111111111111112,0.03174477154985619,0.004586322984921318,2,0.2132348938673183,0.004102172417222515,0.01923771998618116,low,low,low,low
319,1,90,0.014430823259883449,0.02464106846831862,2.790913282249056,5.670986857073354,0.14948321133852005,0.023609067066003735,0.3422014539440473,0.010959779126146587,0.1721752852201462,0.18488643964131674,0.1385412948014029,0.023499048058611225,0.013324682236991235,0.01256378102548968,0.0,0.0,0.059995711462324616,0.008016607248902005,1,0.22098767107581188,0.15590519391850294,0.7054895310222417,low,low,low,low
320,1,90,-0.0027976026137669814,0.021615924362990438,2.7379455709109592,2.801003445504271,0.1737917414969868,0.013784060679141641,0.38000019010570313,0.010646412363326746,0.2317040029499266,0.16859916779730055,0.14366891282470773,0.027911401657691664,0.01318867296590965,0.010691769021799039,0.011111111111111112,0.0,0.06981756302876531,0.010652190803017337,1,0.2596251501781797,0.19572159521636145,0.7538593284306647,low,low,low,low
321,1,90,0.01324697302447425,0.012397007783137511,-2.0356700265293277,3.399192173729185,0.14919706467125152,0.014825559968848427,0.34508879399961895,0.0210414698188736,0.14724526438448166,0.186723945207066,0.1252483257619909,0.019047318874008085,0.007298136105270106,0.019592310311179466,0.0,0.0,0.034404936904334917,0.017415369492470002,1,0.21984682481517975,0.11136111536719186,0.5065372625852005,low,low,low,low
322,1,90,0.0022391037808524215,0.030980476175577674,-1.1040066336176098,2.4519937895952526,0.16856338928143183,0.0038241333480417985,0.39268507311741513,0.011596706093204115,0.19447529017925264,0.24732622040642632,0.14933682049189026,0.04343695666348935,0.009712583077944882,0.009767855106716891,0.0,0.0,0.07992647893219927,0.009366761895961386,1,0.26849977423698695,0.22142512729314767,0.8246722115509102,low,low,low,low
323,1,90,0.007113777266608352,0.026496540530681463,0.12691577603724155,3.9887537212109243,0.14051514930195277,0.016244338539801347,0.35152867601977456,0.009944248674357354,0.21661847465568118,0.20453525185585023,0.1365816834012635,0.031874206633181024,0.006528894693802866,0.007518139164691854,0.0,0.0,0.04960953367955743,0.008889903080662735,1,0.22169674024706137,0.1277136507214396,0.576071053223703,low,low,low,low
324,1,90,0.0070565164089202905,0.03108963794454547,4.395799194491534,3.127259117798778,0.14183773580524656,0.01864122089675783,0.3753565632634693,0.031700374721994724,0.23659909930494097,0.1625778896941079,0.1378899409284675,0.04992072503703999,0.011374208239732427,0.01608498984493739,0.0,0.0,0.059736997561354414,0.017721877552926604,1,0.2959802653498299,0.2208351996997815,0.7461120873267745,low,low,low,low
325,1,90,0.02189168896940019,0.024204129646587053,2.5146610031485506,2.34856528630183,0.16515136592917973,0.01981532187390203,0.4042808888687028,0.021135747230252484,0.25210608177714877,0.2125577552451028,0.1479218933995182,0.02868382014035313,0.010940747743709477,0.013635908894008366,0.0,0.0,0.053469142414088316,0.025253137514938018,1,0.28901811430392016,0.13268784148302357,0.45909711474478715,low,low,low,low
326,1,90,0.024835004078017347,0.02234416857819626,2.3937867711922727,4.024625726213033,0.13908483551608192,0.011048297145326787,0.3614546227786276,0.004622396609744162,0.2042623692088657,0.19956163929568396,0.13690017931415313,0.01743730737012684,0.012970152370771591,0.008654006002118797,0.011111111111111112,0.0,0.05597319485204165,0.00431994668123319,1,0.1715913676974769,0.13841966953558418,0.8066773096786141,low,low,low,low
327,1,90,-0.0019303500652313264,0.038515377402639606,0.10701140658490896,4.313757077855274,0.15968312819798788,0.0232127868789326,0.3893389168712828,0.009858684672734885,0.22960872285895878,0.2157854484187232,0.14293377785891065,0.032277300638472374,0.01610577241721152,0.011989324891678376,0.011111111111111112,0.0,0.03449311849278029,0.006898875182688996,2,0.19031764776109353,0.04630142134098089,0.24328368179193316,low,low,low,low
328,1,90,0.025981198085678947,0.025440209474338272,0.39580433052152353,4.185112669212385,0.17133876499202516,0.018215318800578306,0.3985638692975044,0.01822382760504212,0.17006411751111347,0.22152698702282375,0.1505896195201324,0.01860918877494304,0.007959701113889467,0.009621495730731656,0.022222222222222223,0.011111111111111112,0.049386899418552864,0.011278523116382378,1,0.19237306437736001,0.11146239516846604,0.5794044822477834,low,low,low,low
329,1,90,0.031506921847661344,0.022345159212458887,3.1267988510024534,3.598764433335871,0.14545086059305407,0.01283170512828177,0.36267641021145713,0.0067406301402674436,0.2107857541905509,0.19375807311799792,0.13687943127203075,0.020356316249936085,0.01120217556111664,0.010116209142382758,0.011111111111111112,0.0,0.02861734715208538,0.005291940321825263,2,0.1884599404729478,0.01036396753691078,0.05499265529983095,low,low,low,low
330,1,90,0.0019277486536237959,0.025616120489005925,-0.8632916461922692,4.579929480532045,0.1407138524783982,0.008875577077614844,0.3338885658317142,0.0055829747921151305,0.172127984629737,0.19974195228682623,0.13273023410336832,0.02285826803321707,0.009867113407229027,0.007875907911673977,0.011111111111111112,0.0,0.02575707953015495,0.0029732352328501687,1,0.12635177680870247,0.05323752462375093,0.4213403612360043,low,low,low,low
331,1,90,0.013477434383498297,0.03551194287033965,0.923986262024656,5.735953066730964,0.12725919319523704,0.01185385379123923,0.3247074592444632,0.009338421083551634,0.19252501328786215,0.19098625977834066,0.11594710395921114,0.020660954163868244,0.00838168589000492,0.009532565168332516,0.022222222222222223,0.0,0.057649886047740136,0.009088259927068213,1,0.20022176544715248,0.15960783171025383,0.7971512697559924,low,low,low,low
332,1,90,0.005955021580060323,0.031166527191723796,-0.3813510162528354,3.2509281091083393,0.17457506772544648,0.013091410041057747,0.3740590285923746,0.029209119432324963,0.20454777677853903,0.22974418335490757,0.13704334610392332,0.02979278449453314,0.010291523260614058,0.00799165371145156,0.0,0.0,0.0578959070453168,0.016286963365912763,1,0.2560139436055168,0.1696251398567503,0.6625595266740323,low,low,low,low
333,1,90,-0.005053753654162081,0.026753391237045454,1.1739547532624006,4.860521340559428,0.16031496640708712,0.020335789042650185,0.37536981917089884,0.02141484842815097,0.22535457445515528,0.18562942014800177,0.15337304400283416,0.018987663120447168,0.010138011560563355,0.012720326530192163,0.0,0.0,0.0514667435292048,0.011195729656597797,1,0.2166295285868163,0.12977109227364086,0.5990434179346709,low,low,low,low
334,1,90,-0.01701238718297747,0.03086080780153087,0.8407513231824931,3.622324358259079,0.1623891161547767,0.010046894274347852,0.4031753213869201,0.008299006084294392,0.269050446483824,0.19403908054033916,0.14722859568060367,0.03278134038590396,0.01216038428022282,0.01184970932101234,0.0,0.022222222222222223,0.08602826969285375,0.008050535912962243,1,0.30780850053160513,0.2571881036410838,0.8355430979125232,low,low,low,low
335,1,90,0.01808011035124461,0.03305530724763233,0.3319051575803539,6.063708741606692,0.13056937323676215,0.016768244388667516,0.3525898819168409,0.023939660307517218,0.17078634202480317,0.233446995417277,0.15340297916903017,0.029025139074914167,0.008963492339127802,0.0088066216187617,0.011111111111111112,0.0,0.026360042188130768,0.007463077629327461,1,0.160531543787858,0.061267546078749964,0.3816518734027809,low,low,low,low
336,1,90,-0.0005138076013988974,0.026561042522595626,-2.5146608596988718,3.2516419843331197,0.16001134614149728,0.013014340955567853,0.3670297349492709,0.015408517287722552,0.15522668725914426,0.23614171478483412,0.15463728732039025,0.03188794912319703,0.012587655662779893,0.009977960743433899,0.022222222222222223,0.0,0.06515253380992679,0.008541845973247862,1,0.2584261450962953,0.19686510552801498,0.7617818377967183,low,low,low,low
337,1,90,-0.01862681905428568,0.029289929639766024,-0.7030564112039183,5.99271617445758,0.15591778390937383,0.0098136475728933,0.3474944631258647,0.005206547331296946,0.17299157480398814,0.19460780620574952,0.16116895357849942,0.04249493172427318,0.014773244019028896,0.010825406443205208,0.011111111111111112,0.0,0.06405750971088908,0.012008889391862548,1,0.2223604064030222,0.15585352171801153,0.700901852705197,low,low,low,low
338,1,90,-0.0021136942836973397,0.019250759574946742,2.9795615377386,1.6352372381565057,0.1753831345174048,0.011272234078933116,0.3858080620567004,0.013712628585559274,0.23281814489099714,0.18062677284081777,0.14270657621063487,0.02411663417444295,0.017434091002056812,0.012696777184908178,0.0,0.0,0.047555888237875245,0.012175676834071178,1,0.19572305711341623,0.13442979144138492,0.686833256085055,low,low,low,low
339,1,90,0.019190512100855508,0.021271089900801107,-0.4856672263640065,4.3064595247901085,0.14454018738534716,0.009141841179151565,0.35291189286443925,0.0171278251066102,0.15965870089001125,0.21455335683292812,0.1295549180613881,0.011793521767247106,0.00944949693001271,0.006857512689219661,0.0,0.0,0.038260080195060726,0.01186533081984537,1,0.17829975711874985,0.10092115862136969,0.5660164334252116,low,low,low,low
340,1,90,0.005168606175316702,0.03360650954294626,-0.8286877938332948,3.0315878021280582,0.1685789187749227,0.0069055059383736645,0.39444659153620404,0.01053978398185822,0.18333480722374387,0.23915917211108736,0.15916611776048467,0.04548149761821337,0.009061102785592964,0.011088035395157132,0.011111111111111112,0.0,0.08249421230826955,0.009031680670338906,1,0.2895963023862584,0.23486041595266524,0.8109896536239612,low,low,low,low
341,1,90,0.010517403814527721,0.031297753362013805,1.6648717911403634,3.433827924314382,0.13852343956629434,0.017742770249161956,0.3620257443851895,0.015698565869872273,0.22364480627907646,0.19351950486501057,0.1539135873747378,0.0281079632967454,0.011026474221972442,0.01139557394299694,0.011111111111111112,0.0,0.03441247011362861,0.010782932734776611,1,0.16480012264504265,0.11372648951306079,0.6900832208407397,low,low,low,low
342,1,90,0.01082671218448214,0.014885113262046966,4.620352532788457,3.7270240187222266,0.13363687296708424,0.021890794643237208,0.3673898057805167,0.01288196994599336,0.22137042548921373,0.16908214224709406,0.16556429704533407,0.05676960270324339,0.02224232766964671,0.01642685250093401,0.0,0.0,0.06213077148411573,0.013347288847749822,1,0.2260411506711089,0.15810300324311624,0.6994403600112439,low,low,low,low
343,1,90,-0.010641660624080234,0.034555276154592675,1.2117949405703474,4.42126507946649,0.16441084345181783,0.00787244922751299,0.40399456835455366,0.006112153505945341,0.26735261678695676,0.20398038228352863,0.14616708506108453,0.028298377088371424,0.014003511755531257,0.016587916544194958,0.0,0.0,0.08816320600541293,0.009761732831120053,1,0.3060231261789996,0.2567208547334239,0.8388909003313769,low,low,low,low
344,1,90,0.023959526750776502,0.016427954946306774,-2.3114418978265645,5.883703058815686,0.13812616351577972,0.018685516527463166,0.3715926491551929,0.019606586371893418,0.2373249156607522,0.2672459049357308,0.10001592449622958,0.04382788684423039,0.00779433281915284,0.00604675421080472,0.28888888888888886,0.0,0.029544257722543075,0.01193151841051791,1,0.16243907481154324,0.07629659571982302,0.46969072015227403,low,low,low,low
345,1,90,0.01408858332369062,0.0285342060066943,-2.5449255255767618,3.0872362979586727,0.1667519963449902,0.014241391541408034,0.40756082518233194,0.020864925636077034,0.2298570175965627,0.28082356519169277,0.13873322348348166,0.04873562312388734,0.013125404344157576,0.010321261064329961,0.011111111111111112,0.0,0.07462313510134017,0.010479423103755995,1,0.2924242765462458,0.22771961281611716,0.7787275282959485,low,low,low,low
346,1,90,-0.019715117745929295,0.026317489496840384,-0.2577787012684023,4.706943349970961,0.164589324593544,0.014621674967118088,0.39779770738548703,0.012324474495006517,0.25216569701830543,0.20344602531856962,0.13120130402293767,0.026363428741389295,0.011010387740762913,0.010393496102237172,0.0,0.0,0.05217743486625143,0.009066693683892015,1,0.20892679928104402,0.1332438762224245,0.6377508243562574,low,low,low,low
347,1,90,0.015614957941903011,0.021961395700125983,4.926738803137052,2.140125506304652,0.15935053543912042,0.013795772216194307,0.4042540080017514,0.016315614742565782,0.2701544953717126,0.18517933984597523,0.1601514936823742,0.03776127251809762,0.013362075130459627,0.017103613064543322,0.0,0.0,0.07323518781017486,0.013407292835189863,1,0.2467991468221167,0.21028351417659352,0.8520396640126683,low,low,low,low
348,1,90,0.018743396136495803,0.010073667178368011,-0.09817758985040582,2.895456279134367,0.14320563640859396,0.0113302235773114,0.35563918468024996,0.017657371928707498,0.16103033357196384,0.2231423666079839,0.1309621661423419,0.01949968972234503,0.01076050693216739,0.007401787715140482,0.0,0.0,0.041006001887137405,0.012586388283708509,1,0.18638269639334543,0.10596392029662709,0.5685256937548878,low,low,low,low
349,1,90,0.007518668969472252,0.02863315724796495,-1.6127774417855876,2.774457074029979,0.17287260740995408,0.00763866708259425,0.38504506250222525,0.014886976997125868,0.19832440117994946,0.255340063240793,0.14847916199062788,0.024883626043771548,0.01025591242701369,0.010583370500730284,0.011111111111111112,0.0,0.07001207464061183,0.021899693206166557,1,0.2583596724276214,0.19655688174150274,0.7607848357670121,low,low,low,low
350,1,90,0.027265962958335877,0.022075527378145818,0.5965389727133948,2.2758046534032967,0.1862024015850491,0.01438459669587798,0.4170217615034845,0.023767516115536836,0.2118744330273734,0.2648852752314674,0.14903251665843645,0.022061025390077312,0.010968425933420744,0.009752426473164372,0.0,0.0,0.05317333945916322,0.017853397833566688,1,0.27878359585598983,0.17165090225474397,0.6157115737607421,low,low,low,low
351,1,90,-0.003615896900494896,0.030326441831098002,4.328195029683309,4.861753584366593,0.15791304012139637,0.03168508882964714,0.40294063538312913,0.03425886829482389,0.26371409164534676,0.18579084442721472,0.1559504564855747,0.06967036876512464,0.01327410708005133,0.012969331475565598,0.0,0.0,0.036957040483530615,0.026451010212054298,1,0.25864467282382214,0.12797983371706725,0.4948075578447485,low,low,low,low
352,1,90,0.020914712548255915,0.058423034079522804,3.835910472191083,4.873127394926552,0.15547201534112295,0.010166453275320552,0.36455530706379147,0.007800716975593861,0.19731054372257656,0.2073277062839932,0.13464802881064994,0.024680004477741917,0.013389352053040798,0.011389663497119886,0.0,0.0,0.08632061888505906,0.012347412146894316,1,0.33146167731129045,0.2721039403020102,0.8209187909457029,low,low,low,low
353,1,90,0.022651848859257168,0.02491206146640184,-1.1984152241580674,3.0066743245496634,0.1664265321360694,0.022862417197240244,0.3779944451318847,0.023294549323102456,0.16020924581421747,0.2515953282515208,0.13714909643502216,0.024814063749839053,0.0070069136688074175,0.01706500023139498,0.0,0.0,0.034411198914083715,0.01746850105255395,1,0.216723260535632,0.1215423637017475,0.5608156807242376,low,low,low,low
354,1,90,-0.008509791890780133,0.03580049664812887,-2.4004054788010896,4.4220642858117,0.17582825207047992,0.011840250248971338,0.39593204574452506,0.015967835450165,0.16753239168061151,0.21449754469924504,0.18720594761893858,0.024044881159886265,0.009346282270521242,0.013649267443953571,0.0,0.0,0.05703735490174956,0.017454635994259313,1,0.30330971948589214,0.15251784179328207,0.5028435594093011,low,low,low,low
355,1,90,-0.007395398285653854,0.020117811269423726,0.10445590958709593,2.189740488324513,0.17779206070635054,0.015397656915927578,0.3880111222465833,0.0058095952146279195,0.2578197571966383,0.18520709971586863,0.17326570901873373,0.024317514821585194,0.01096878359014329,0.010127274440064575,0.0,0.0,0.04685077992004044,0.01760986319312597,1,0.23070617167158322,0.09317502606903516,0.40386705534092315,low,low,low,low
356,1,90,-0.00033472114139132905,0.016693975308514887,5.283781606768854,2.053487614101758,0.16180511580573187,0.014755125650038826,0.37450794014665817,0.021541615987094042,0.2587582078244951,0.18744860490163168,0.12323085859568178,0.04345685439158133,0.008204853223033215,0.017558378930621923,0.0,0.03333333333333333,0.037197228212467515,0.021389855624903913,1,0.2622708193441217,0.15309018557072704,0.5837081008305373,low,low,low,low
357,1,90,0.02872818046145969,0.04465111328786224,5.347313167436734,3.162902359993507,0.1680546498960919,0.01613012236199863,0.3778763833973143,0.01794317542888847,0.24537538455592262,0.19555748634868197,0.14207121395624506,0.023435347192453097,0.00799672880860802,0.012192360522295628,0.022222222222222223,0.0,0.06463315548198643,0.02554512429932486,1,0.301222618106133,0.1819973734268035,0.60419357077996,low,low,low,low
358,1,90,0.0057469576597213795,0.02526933795671834,-0.9623387245543416,2.5015626676736598,0.1489528404341804,0.0076556617814096724,0.35000679410166213,0.022487099340645106,0.2078950825664732,0.21345357265737322,0.11400501208143267,0.010983955755839443,0.01235055802843035,0.005794952246508776,0.0,0.0,0.01807553158492832,0.015629068843464898,2,0.17657042240260085,0.05095011265638668,0.2885524280379598,low,low,low,low
359,1,90,-0.010950214664141342,0.04565902520319018,-2.5622333735532674,3.8528282631342057,0.17716818584336178,0.013207622507134965,0.4065023433831003,0.0066181565626966124,0.21771085361639658,0.2428202168809043,0.16152946865707216,0.037678707860232724,0.010062120514241475,0.012228853389228972,0.011111111111111112,0.0,0.07334828649552869,0.009989770274989538,1,0.2401117737098269,0.19264190327693792,0.8022976049984876,low,low,low,low
360,1,90,0.03226600190003712,0.03677016378979491,2.847819710178219,3.1745987414723285,0.15200095607174768,0.023675355742624957,0.3630906090140343,0.012477058537361682,0.21672990686363644,0.2091537912686666,0.15439576074975156,0.0270463164197539,0.008425360290871018,0.016663786153801544,0.022222222222222223,0.0,0.030155234013357055,0.005608266894121424,2,0.17656727565311242,0.071327582529579,0.4039660140857342,low,low,low,low
361,1,90,-0.026486780577235747,0.04770684313236803,-0.9966683458645662,6.759278168556919,0.17022170109881296,0.014892986914726066,0.36864733778768116,0.00510419684774634,0.1983804292149014,0.190434792637825,0.15226398755490417,0.022886631854726124,0.021585349172161754,0.011666896118678053,0.0,0.0,0.06382181674381884,0.009536924394645296,1,0.2491901921479714,0.16186641713403865,0.6495671686418246,low,low,low,low
362,1,90,-0.0014215929640663983,0.03803539246562776,4.425901391906925,2.71118614530532,0.1897084168261952,0.01068968390844529,0.42886201391617457,0.01777825270709934,0.262586643298467,0.25236004292964936,0.13480570533670203,0.06466128001639057,0.024582833637267966,0.016495005417254894,0.011111111111111112,0.2,0.09190389276586643,0.016266537691811377,1,0.36380643654001854,0.262930358117386,0.7227184815626052,low,low,low,low
363,1,90,0.0026277495755089647,0.03387226603354301,-4.655294484455215,4.6908715541536266,0.17375995450549656,0.017326891270907654,0.38829771081606546,0.028461168181585093,0.17558167609903547,0.21406385434998407,0.13601168153621127,0.036727412747722975,0.01149566773852284,0.025117607716880787,0.011111111111111112,0.011111111111111112,0.051517991912528475,0.019302394204745874,1,0.29843506499781214,0.16310994505820287,0.5465490407782941,low,low,low,low
364,1,90,-0.00046294165982140804,0.05502887889834839,-1.8585091018476665,5.075328085934369,0.20080875994430647,0.010241844627742129,0.44103914946317674,0.014185029190709924,0.2431042942735884,0.28696834345658623,0.15105075342797789,0.02834004871619008,0.016494677781732105,0.012200288718909522,0.0,0.0,0.09249969167468004,0.0134509556149303,1,0.3670745866926425,0.26011454936856815,0.7086130453735833,low,low,low,low
365,1,90,-0.001379901833004413,0.02975037485263419,1.3512414464972649,5.142350071617781,0.16765674269861644,0.028456461522689866,0.3973559558391571,0.022521440824874398,0.24631892177793716,0.21402888662285274,0.13522469730645661,0.03658934610372589,0.015677945593927267,0.01808160279391809,0.03333333333333333,0.011111111111111112,0.04764506250376743,0.016131322959142498,1,0.24041058079518948,0.13651733880123795,0.567848430386302,low,low,low,low
366,1,90,0.007236103216807052,0.05670439689891859,3.4627729043037814,3.789539956915566,0.1828069786230723,0.013093600803136948,0.4237989806466632,0.014403031730071856,0.27547653946611617,0.2082925339539846,0.14834142574443224,0.05580165250141698,0.01045294717263017,0.019769822308706244,0.011111111111111112,0.0,0.09027156304257303,0.020353731076388562,1,0.3632754597116113,0.2555874250575224,0.7035617591638658,low,low,low,low
367,1,90,0.018205863568517895,0.0455279031879653,-3.1775817426969653,5.597588494743002,0.17243112789260018,0.018170706413177785,0.3908471059468057,0.018784153997707997,0.19014959070417617,0.2259348107708825,0.16318017934927728,0.07716656813945122,0.015825880660047118,0.02629391654341332,0.0,0.0,0.04557514827805289,0.011706106688563936,1,0.24734438327572586,0.14713308604279704,0.5948487256735326,low,low,low,low
368,1,90,-0.019017440742916537,0.06346259175978725,-4.643001316611711,4.456776258770258,0.20687505495217112,0.01318164692000813,0.42374701864189573,0.011218944701435514,0.23323288195663028,0.24844411710898082,0.14582730614601677,0.04188900492818365,0.01652129333211514,0.020306072062883745,0.0,0.0,0.0870204322178208,0.016234047801167457,1,0.33243628717117296,0.2569102098440378,0.7728080445794095,low,low,low,low
369,1,90,0.014607025848494638,0.05526344242063437,4.574232830310312,5.533692426270324,0.15440717405743068,0.024623510443295703,0.38294858419232897,0.028886114733292487,0.18633316887749565,0.20377677215470208,0.16431670625473593,0.0347838999186927,0.018020463074098162,0.016068910105899115,0.044444444444444446,0.011111111111111112,0.05675328637382308,0.013292034213709933,1,0.24678256371968968,0.17764246576958126,0.7198310255838486,low,low,low,low
370,1,90,0.005494373374515108,0.0460691058184254,2.0431904781029515,2.4062140776359353,0.18868173642290964,0.009559903754315533,0.406183636519644,0.004976320871879685,0.2532515605290731,0.21661900877952575,0.14000497541981272,0.026108242867132654,0.009532355116873975,0.010209218487235144,0.011111111111111112,0.0,0.08141842904645935,0.011771180814682782,1,0.2940092892242149,0.22511004287842892,0.7656536220974158,low,low,low,low
371,1,90,0.0019639061556922014,0.032674896184703386,-5.312804689226719,3.284319436142756,0.16895240876409742,0.02352539930691064,0.3846973819865121,0.025571641645918682,0.1697731484969457,0.2347168485323588,0.13094420988764732,0.02154592807298402,0.01124564527278829,0.017294179535715198,0.011111111111111112,0.0,0.05411797031712279,0.01686001243071633,1,0.29863780566546794,0.20067699661940475,0.6719722715613893,low,low,low,low
372,1,90,-0.012779384189181862,0.04810920206527822,-3.3023100132800467,3.972394389913302,0.19185202949576907,0.01398301372122992,0.4200740993022919,0.014149837467055842,0.239834792415301,0.26944221523072986,0.16290449350412306,0.030150948032003154,0.009641841755375519,0.00972202112443894,0.0,0.011111111111111112,0.07343534824968193,0.013120463924194239,1,0.30400934191348805,0.20243963956040736,0.6658972135165567,low,low,low,low
373,1,90,-0.0015033758348888871,0.03067123213005213,3.06384751694548,4.927696267619094,0.15414075321621368,0.02490421202113736,0.3790066161089473,0.009293428226248401,0.27658880982134076,0.19011409315798017,0.1386484743678663,0.05073595930783066,0.008983177828542507,0.01619534656605557,0.0,0.0,0.0487154432662062,0.010145797364357678,1,0.23806038229098317,0.16486298340699793,0.6925230031869906,low,low,low,low
374,1,90,0.016798538962999977,0.04928476133838163,1.8102652087151765,5.1805587844000724,0.1857795203725497,0.004783678442787481,0.3955309750305282,0.011549630919070374,0.22856913208961488,0.2354200846619076,0.14189993739836454,0.02726883652810572,0.013201057677348796,0.012670013816971607,0.0,0.0,0.057428111362108354,0.01724075634841165,1,0.33377057939701416,0.15038647775323766,0.45056705554416354,low,low,low,low
375,1,90,-0.0015623758236567198,0.03553777710068478,-3.4668246433327727,3.043760664905901,0.18465064316987992,0.013684544767605033,0.37619956417216194,0.02384074628891941,0.22274238897694482,0.22667003373305003,0.134863512878577,0.04660469331254673,0.013426875193565516,0.01918500125381817,0.011111111111111112,0.0,0.04790543311561465,0.02090053538298214,1,0.31160978514102744,0.19525631779302402,0.6266032085656336,low,low,low,low
376,1,90,-0.02437274091773563,0.03591873133110698,-4.363300258181184,3.08760470757905,0.2018826169272264,0.007244184386915703,0.41494564496808584,0.004695451097767714,0.23979492485523224,0.26916531291272905,0.16265455775915777,0.025214055711660518,0.010501228201924404,0.01039082639460248,0.0,0.0,0.05008899182803855,0.013200430026505706,2,0.33854039367167943,0.09727835924503095,0.2873455390195871,low,low,low,low
377,1,90,0.005863261885113184,0.04789757719198591,4.07689887733926,2.7711032804345654,0.1682125954164399,0.02636375809378095,0.39605383608076306,0.02417472326101668,0.25865740908516777,0.21988277170393203,0.1235951245104694,0.04749701884863033,0.020188980486954146,0.017682810606113635,0.0,0.0,0.06509950518748717,0.024454967250245905,1,0.353913071919616,0.2459921340085091,0.6950617495208864,low,low,low,low
378,1,90,0.02501417961385515,0.02714110366288295,2.0312221741138607,4.52668498066715,0.1821805089712143,0.015236699975345009,0.40966292801830506,0.015087667316686863,0.20827973749902512,0.24629711939228904,0.15630044961586712,0.022195794358099707,0.010390900271414129,0.011458089355756103,0.0,0.0,0.041858938983216215,0.015526538651398851,2,0.3087007029512376,0.05448207980943162,0.17648778509666205,low,low,low,low
379,1,90,-0.004772453506787623,0.03716631184798033,-3.580949534632562,4.6978425331456295,0.18642299903763665,0.020045347684077768,0.3994730954368909,0.0261325887832065,0.2082739270395703,0.2568849864933226,0.1410335369894769,0.016796762372363126,0.010769864492127626,0.011737214838911438,0.0,0.0,0.0773831811628506,0.018285228235572742,1,0.3383402708776636,0.2611243838489141,0.7717781019488181,low,low,low,low
380,1,90,-0.023922137750519646,0.04177942734300639,1.4103539851103957,5.952775527192259,0.17505792710516188,0.02571648152059281,0.4070133777128326,0.02401802075223357,0.3093673321935866,0.23431462148825327,0.14685896971118345,0.030531994876818905,0.008434257190384858,0.011733803785774245,0.0,0.0,0.016582328042404903,0.012317985821781273,2,0.20564231711801637,0.027728789723383305,0.13483924550521653,low,low,low,low
381,1,90,-0.0050948825147416835,0.019458615662295273,3.3155949250048335,3.1096727219138387,0.18315956352485552,0.03081731641127738,0.4352572156323327,0.02493549890725302,0.30431319541401336,0.2862425681617525,0.11124227668063723,0.05678792157643291,0.013216471172393869,0.01480601768218781,0.1,0.34444444444444444,0.09443686474462179,0.017083726511414783,1,0.4309704978733296,0.3342307184175468,0.7755285907927567,low,low,low,low
382,1,90,0.02701940072907342,0.037636827325997345,1.316034583265096,2.7911937055325122,0.18942996114492416,0.018783474465290495,0.4247027897172504,0.027441057021279174,0.3576509538624022,0.3202109591828452,0.18050487948543265,0.0433787843378807,0.007178910714412215,0.007711741784757076,0.4222222222222222,0.3333333333333333,0.05956232757684054,0.008482723215442398,1,0.2739801700941774,0.13277370536642324,0.4846088704591781,low,low,low,low
383,1,90,-0.01703095038731893,0.040822989785977634,-2.707165740434066,2.540122435654228,0.2133684300714069,0.011723992581755,0.4365344832340876,0.02856706973287792,0.5184436096085443,0.4829654375712077,0.2305188911859583,0.07290423494938289,0.004888652888175922,0.008102644487296513,0.9777777777777777,0.6111111111111112,0.10400812532025488,0.02030802742147141,1,0.41164406378242246,0.30840748566529236,0.7492072972562184,low,low,low,low
384,1,90,-0.0038871940639283965,0.0392877118426363,4.124378012174616,4.636291101692978,0.17495437661806743,0.015028507675927708,0.4100508466362953,0.03147186004933275,0.4357153664032618,0.5274394684367709,0.17238497998900956,0.09392355089565749,0.004937066299874252,0.007247929524496325,1.0,0.7222222222222222,0.07737710618861676,0.02358091461559741,1,0.3832361598201797,0.22303110495584963,0.581966281820111,low,low,low,low
385,1,90,0.029585297240151298,0.033717438139439636,5.483656112301264,1.4068861596399933,0.20599397917588552,0.013879599166148391,0.43276968896389006,0.015137319656823581,0.4881114562352498,0.5277839475207858,0.19814985153061684,0.052302120476889355,0.006061944164604135,0.004973682897243814,1.0,0.8222222222222222,0.08364803734564452,0.016667443859184592,1,0.3981338269510419,0.22938170130754978,0.5761407588082129,low,low,low,low
386,1,90,0.0023638788196775704,0.018000125333837196,-3.8959490060475748,3.211672853769184,0.18457174764739143,0.010379183218139717,0.37507202045785054,0.024743119846104358,0.4653058883216646,0.3959840476512909,0.14066379195794948,0.05594284591840563,0.006666372863485915,0.004833914205170019,1.0,0.8222222222222222,0.06954899445221137,0.020867707807797235,1,0.33377169944728274,0.2546500998252644,0.7629446633800699,low,low,low,low
387,1,90,-0.0559728076060613,0.019697453699444825,-4.514131355740501,1.8085934186594854,0.19684377527899213,0.014051006273821092,0.4331419913305177,0.010049217183924125,0.501967101295789,0.4973262323273553,0.20708773986221057,0.020117099529093806,0.004521237940112585,0.006049803054718426,1.0,1.0,0.05484144609615459,0.011638228221300532,2,0.3760832007894119,0.09339255299857968,0.24832883913375237,low,low,low,low
388,1,90,0.0022533522711859844,0.013362971338944108,2.7374710505190913,1.7100594508170033,0.1849406886431906,0.004455890597576447,0.4351996968189875,0.012784525598646231,0.46959218581517537,0.526646724012163,0.19293164386786948,0.01896704199834143,0.005982196567519515,0.004840458242518388,1.0,1.0,0.06855388387971773,0.009048221094442364,1,0.32341620692721446,0.2690330108230429,0.831845075217625,low,low,low,low
389,1,90,0.003007470899158052,0.026608115367890844,1.9549086320165385,3.528630967583807,0.17921612676646975,0.00976482763108731,0.43058640559514366,0.008111289353609837,0.5101345721218321,0.46101982494195304,0.20877521403712074,0.025606903300231666,0.003943769045016693,0.003750112746163192,1.0,1.0,0.02339878854201636,0.01106431339996963,2,0.24111414488587013,0.0364009025482272,0.15096895952121658,low,low,low,low
390,1,90,-0.032577642136149935,0.014935835163174926,-4.69762726120772,1.084547523561671,0.15890379945437114,0.013838030675443461,0.3942792513304286,0.014366302405446157,0.49732958806885613,0.41325593888759615,0.1524174190020521,0.03646006174408701,0.005099497813915046,0.0048401599695082256,1.0,0.9333333333333333,0.06669497155462609,0.01231014289886449,1,0.3257918876208952,0.24056733525175888,0.7384057307343432,low,low,low,low
391,1,90,-0.019949035180939573,0.04269293532873389,-1.0837740883057438,4.362119558137332,0.18578669610950682,0.010522798046355444,0.43139114826917646,0.009824075785805868,0.4859674622615178,0.5086543791823916,0.22676803099967185,0.05280460436843975,0.006737124416092137,0.00648637134352006,1.0,1.0,0.048660754669880964,0.013858052136812524,2,0.3576053547900734,0.0436631137212754,0.12209826010196903,low,low,low,low
392,1,90,-0.02017547918690575,0.04566374814273224,-0.6431284056964937,4.444336393282423,0.17851234906249577,0.013814354602360749,0.41857791559563745,0.014048900608489949,0.4814072370529175,0.4992195881075329,0.19323237566517043,0.026419860895072245,0.005973657584924988,0.00451764218922594,1.0,1.0,0.04279140022154322,0.02204481432372938,1,0.34539528830304844,0.1428676024846489,0.413633867308087,low,low,low,low
393,1,90,0.015016651153564453,0.05859735410639457,1.4472485523350227,5.55120360102701,0.17504853241973453,0.025066147224057804,0.40768186814255186,0.01474056269102028,0.4613822235001458,0.45978714095221623,0.17727117807450243,0.022505611769466173,0.004697631989231624,0.006664151821065418,1.0,1.0,0.0182147864725364,0.015273596306432808,1,0.2441980781489227,0.03428677988168894,0.14040503404676838,low,low,low,low
394,1,90,0.017118650674819942,0.05791822643487454,3.1744269363013133,5.201876856818168,0.19340348458952375,0.017353027729058938,0.4116660025384691,0.005819604993482287,0.4874501066075431,0.46203986174530454,0.2139860620252646,0.026622664285272737,0.005912386396896214,0.003738045957997756,0.9888888888888889,1.0,0.06347140950296047,0.005817053455633582,1,0.23315653110718823,0.16848007292789005,0.7226018912099204,low,low,low,low
395,1,90,-0.0019800080193413646,0.04318046492446901,-2.6084116605878447,3.9987823752008063,0.1701914404829343,0.017794334715916363,0.38146567212210764,0.02254661169534554,0.46380582749843596,0.4072576983107461,0.16050570958275048,0.04091739674073882,0.00480381056187475,0.003833536893965725,1.0,0.9111111111111111,0.047538520735015986,0.020439500059247866,1,0.27483023668512324,0.15513944099244567,0.5644898406151351,low,low,low,low
396,1,90,-0.011449432041909957,0.034487671556088964,-4.313302229070028,2.9264713762536987,0.20825104274683529,0.010754688871906396,0.4367196856273545,0.02088203296272961,0.5344157205687629,0.49913334680928123,0.23829081173480404,0.0354237957200567,0.005803715276521063,0.007446027359333823,0.8666666666666667,0.8111111111111111,0.08915943246573141,0.026102843744839413,1,0.4167830174927447,0.2604394751263878,0.6248787482138072,low,low,low,low
397,1,90,-0.007130937443839182,0.0251255253484477,1.5640876024792254,3.7064585364186557,0.17895937495761446,0.0211018681364193,0.43384438190195296,0.02016480185049207,0.4745141562488344,0.5279921157492532,0.18324400365293161,0.029957684490973985,0.004284059568979585,0.005778944956187026,1.0,0.8888888888888888,0.06748528438405908,0.021436668090370144,1,0.32973527567914224,0.2312146926236323,0.7012109666957642,low,low,low,low
398,1,90,0.006906479597091672,0.031732666849896625,2.673442537419378,2.2333371772889925,0.19390982099705273,0.01813899921452556,0.44886741671297287,0.0127174813067713,0.5065481851498286,0.5177694555785921,0.2386906911846637,0.05235285956094605,0.005671974457159442,0.0048803083628732365,1.0,0.8777777777777778,0.07965091682272638,0.013441096385662746,1,0.3213173862031889,0.20853208518241773,0.6489889596624278,low,low,low,low
399,1,90,-0.00030332770612504623,0.016131155878616254,-2.836041412546393,3.0244160305955186,0.1639916080567572,0.009272676194883967,0.4008847383989228,0.021755901436943396,0.47431233823299407,0.39929457439316646,0.13679264751820094,0.0551027682761227,0.005653257345068906,0.005309723891401769,1.0,0.9,0.05751663856617774,0.02028435551995647,1,0.3161442806973899,0.19935594435242815,0.6305833315387966,low,low,low,low
400,1,90,-0.047525887025727166,0.039983310625455966,-5.980726896379661,2.889022126763173,0.2033536807530456,0.010255614474339784,0.4360372336374389,0.018305749672194387,0.5229891995588939,0.5116843710343043,0.22805045897019932,0.07097390286554747,0.005186987850911389,0.006621351137994822,1.0,0.8222222222222222,0.08431152439755908,0.01835173838770813,1,0.3509432133081555,0.23078485838329868,0.65761123743235,low,low,low,low
401,1,90,-0.007698447836769952,0.035920796660291486,2.110763464869517,4.78822793643171,0.19087894840372932,0.0144797367550281,0.4235093848572837,0.020068288873619573,0.47281995515028635,0.5096126937203938,0.19392029243782483,0.07177700543846592,0.005069829189204994,0.005504754030563856,1.0,1.0,0.06818742590577719,0.020369348665924186,1,0.33731133492553134,0.2299593670530548,0.6817401655466383,low,low,low,low
402,1,90,0.005344747834735446,0.02403724464962808,2.856993187379161,4.908828635824294,0.17629377841949462,0.021952213893728742,0.4223867976003223,0.018519978041957392,0.48731741739643947,0.4868248426251941,0.17813292506375522,0.05662559992799678,0.005546015794530525,0.004994596903665903,1.0,0.9222222222222223,0.06506176896230433,0.014351035025623541,2,0.36016840927905536,0.12130482579366858,0.33679935793681726,low,low,low,low
403,1,90,0.0034043451150258365,0.025103853896541347,-3.4788974785043063,2.8577235221176442,0.1859312406844563,0.02396478234797682,0.40341025226646,0.035486459615962515,0.5158722738424937,0.4375376151667701,0.16287683399638153,0.045276964432555765,0.003915977646628576,0.003634530325151635,0.8777777777777778,1.0,0.06263494966413873,0.025818763865064123,1,0.3227178283018147,0.23872702882711713,0.7397369099389939,low,low,low,low
404,1,90,-0.02095458341969384,0.021464937676168628,-2.329182268217548,2.3515326292585588,0.19191513922479417,0.01798753705187749,0.441241531405184,0.01947865663593014,0.47358435955312517,0.5188953916231791,0.22776697548878624,0.033916124880693344,0.005463314214097798,0.007191914342996119,0.9666666666666667,1.0,0.03192539134683945,0.01368037966216847,1,0.3170736009889422,0.13455019462874798,0.42434869967222744,low,low,low,low
405,1,90,0.03360810710324181,0.019663289259001137,4.788698458739686,1.8304988134176807,0.171416279176871,0.02133086937318192,0.42860391388336816,0.017793513317961793,0.48033706876966686,0.5148279981480705,0.19981392923548216,0.09103331900823859,0.006133446333274414,0.009693698248001556,0.9111111111111111,0.9444444444444444,0.11203893751641246,0.019757343232256315,1,0.449517906662818,0.34854361193771816,0.775370305389978,low,low,low,low
406,1,90,-0.0022706001996994044,0.0326468227057053,-1.7661908485928437,3.5728954189138107,0.16281907425986397,0.005501860419590675,0.40009512222475474,0.027139151315373297,0.482743857966529,0.4324145724376043,0.18404206205899643,0.0644550969318999,0.005151152642146747,0.004517080298128919,1.0,1.0,0.0356264739787654,0.016528899106301745,1,0.22915364726801712,0.11760037358408135,0.5131921825985796,low,low,low,low
407,1,90,-0.007395425770017836,0.030656695711922533,-1.4101063937215017,3.974328510263163,0.17959557672341664,0.007506243426409958,0.4188956651422713,0.023834687841481808,0.5227051377296448,0.46485778954293994,0.19097853743808454,0.0628700850373217,0.006823974052756847,0.005686917486552872,1.0,1.0,0.06443420920976736,0.021452000095518228,1,0.33177166151659754,0.1621019302779166,0.4885933926469923,low,low,low,low
408,1,90,-0.025011276205380756,0.03880692977442255,-4.480220517123405,3.2088037261310127,0.1998829742272695,0.011286589351355302,0.43929457449250753,0.02051032083062793,0.533976501557562,0.48857085174984405,0.22391428627227403,0.0834947686498565,0.005734551167374794,0.006198719944635552,0.7666666666666667,0.7333333333333333,0.0971169659346574,0.016509410650881313,1,0.3613714398890523,0.2865340680585962,0.7929051483465847,low,low,low,low
409,1,90,-0.03545612494150797,0.04283737329995134,-2.3778470078292324,4.625446443056885,0.18296150051885182,0.00972398522630307,0.43945803079340195,0.01529637623007505,0.48744774626361,0.5287944585084915,0.21240966339541462,0.0394374909312178,0.0046616309227283945,0.005459295659984856,1.0,0.9777777777777777,0.06460056552565499,0.015913731846568333,1,0.36728324439203774,0.16665056051168745,0.45373729762773407,low,low,low,low
410,1,90,-0.004264239801300904,0.03929071546095894,3.4589757825702514,1.7176498130430506,0.18860555075936847,0.01236503396317307,0.4448743848337067,0.01399367652555464,0.5144504100084305,0.5616259846422408,0.23067969845258934,0.06619591663448712,0.005798428701192585,0.006807163938687849,0.8666666666666667,0.5777777777777777,0.0986740565367075,0.018035542352793563,1,0.3984096030805411,0.29340676748842315,0.7364431699853863,low,low,low,low
411,1,90,0.012382691436343718,0.04250803505637397,-1.7341821621086455,4.6354623980948055,0.18915233429935244,0.0068069080969988165,0.43013110723760395,0.023535023236607947,0.5389908065398534,0.4549205227030648,0.20871005303982645,0.06929661941261765,0.006253730958020176,0.004608249239879752,0.7666666666666667,1.0,0.06682338073794597,0.01978670134637619,1,0.36663570751667296,0.19160075685772537,0.5225902178630388,low,low,low,low
412,1,90,-0.021286527315775555,0.05177416094217708,-4.128467737200609,3.921453861026263,0.21640262496140267,0.010025062856955827,0.4591111875242657,0.02945438695541078,0.581222007671992,0.5356879115104676,0.23564187369954892,0.04063045638592509,0.005987851592855334,0.006528263611113517,0.4888888888888889,0.8555555555555555,0.0876517180630692,0.03164984170652699,1,0.4044651357306549,0.2453135133638366,0.6065118725469705,low,low,low,low
413,1,90,-0.004228554831610788,0.0443573526718503,1.143217838658859,4.745734809960096,0.17244453388783668,0.023325055561568175,0.4410703351100286,0.024682245015661207,0.48331793314880794,0.5268323808908463,0.201574355769468,0.03684594995703524,0.003936279489614628,0.005682205915061622,1.0,0.9888888888888889,0.06312906308026657,0.01690261709092182,1,0.30961176413867403,0.18765534731776568,0.6060969347947031,low,low,low,low
414,1,90,0.05709728631708357,0.02651381796976174,4.97544805339639,1.0543119296019359,0.19762532926268048,0.017612800492418652,0.4837988994187779,0.011196776560062703,0.5767168045043946,0.5542659259504742,0.26962744689490226,0.13033020053420336,0.008794295831237378,0.005685962333149964,0.5555555555555556,0.8555555555555555,0.08524935677022938,0.013389946496565002,1,0.43267275166626173,0.22946476047864173,0.5303413012574817,low,low,low,low
415,1,90,0.002859729528427123,0.041885588020905806,-3.327823846748925,1.993895780693057,0.2275815510087543,0.021344461442978843,0.4529553446504805,0.018617824019505052,0.5511049674616919,0.47814341452386644,0.19496595226680458,0.046284247561359675,0.005986539013786984,0.0058698869404607765,0.6222222222222222,1.0,0.06640197207157097,0.01789815036779879,1,0.36220558086234805,0.2159144961175776,0.5961087057102177,low,low,low,low
416,1,90,-0.042315793037414555,0.04277082455554867,-3.426170664539367,2.9526208578888435,0.26369320309410493,0.020756893359511162,0.516389579905404,0.019318404257113557,0.5795185022883945,0.5878736568821801,0.2855508350549773,0.06297573783332183,0.00678660196065883,0.008049290706886944,0.7,0.5111111111111111,0.0695260350269516,0.015224042641566017,1,0.3703765232320023,0.18942481678306686,0.5114371280689521,low,low,low,low
417,1,90,0.021865838766098017,0.04499060217928085,3.536416311093026,3.6906916311743485,0.18724068022436566,0.01839462411910425,0.4422615706920624,0.02886186487032498,0.4866471419731776,0.5238276385598712,0.17315397794934442,0.08268718204477793,0.004518963094699691,0.00721634479212555,1.0,0.9111111111111111,0.05826813536102822,0.02233504173705462,1,0.3517241350177558,0.2010723745616159,0.5716747384330818,low,low,low,low
418,1,90,0.09088524944252438,0.020660877877274057,4.249191017309284,1.6159450631285701,0.18544741438494788,0.01034615047940148,0.45983101179202396,0.014160860979810093,0.5583627627955543,0.4995923952923881,0.270494967074708,0.08912045437154635,0.007340350912812502,0.008002205068591004,0.3888888888888889,0.9666666666666667,0.06590785055879456,0.013299545375627185,1,0.36729939340968215,0.15825011597457725,0.4308465735784473,low,low,low,low
419,1,90,-0.005086722638871936,0.030907715212391638,-1.6503707484092482,2.0315428939228752,0.18558932923608357,0.009093468783195465,0.4464836491478814,0.022091219275205177,0.5452262603574329,0.501272655526797,0.21733508064367113,0.04092390761733779,0.003985444639926687,0.005592124699915396,0.8444444444444444,1.0,0.07734399126413827,0.013145709924523434,1,0.3994120985785151,0.2950829288898402,0.7387913164090535,low,low,low,low
420,1,90,-0.05230141116513146,0.02740762286356963,-4.064981256301734,2.4800406726934874,0.20292488808433215,0.010176661940517504,0.47681790308819877,0.024187033521254547,0.5073501136567857,0.5835940715339448,0.2503779027930964,0.04597286652575477,0.005614875153782735,0.006411689939720321,1.0,0.6222222222222222,0.03870846970322802,0.014265284570395154,2,0.33149439198601655,0.04016754457321062,0.12117074790259831,low,low,low,low
421,1,90,0.0468641287750668,0.012088996776987174,5.039582855823435,1.3208180409128003,0.20773891218834453,0.02206965428618965,0.44529751936594647,0.024709122774523435,0.4959705746836133,0.543925498922666,0.1652002257172975,0.0741161660782716,0.0057971614041211995,0.005609207560752254,0.9444444444444444,0.9777777777777777,0.09496554218790479,0.024439727927996313,1,0.42098627473355027,0.3029323956312968,0.7195761340364212,low,low,low,low
422,1,90,0.02756068640285068,0.04303412733499745,-0.6546463074729582,3.853042586334842,0.21039351514644092,0.004903828614034612,0.43842671546671125,0.02362168758271844,0.5286345021592246,0.44873934619956546,0.20854965149822635,0.11205490908964318,0.006818208593640809,0.00447846709687308,0.6777777777777778,0.9111111111111111,0.055105155778274316,0.018813114952129138,1,0.3217202736061938,0.14400669377391428,0.44761321550090327,low,low,low,low
423,1,90,-0.02377781801753574,0.03166931611536001,-4.707578290415063,1.6132939327579037,0.24061131493912802,0.015036222744817118,0.4570458574427499,0.03148236991547168,0.568207977215449,0.5235732475916545,0.2377128014146642,0.0981310468931946,0.005732416791802361,0.007162901652471264,0.6111111111111112,0.7222222222222222,0.09984593976411504,0.026845098962871006,1,0.396260642753965,0.29606471468902956,0.7471445195437533,low,low,low,low
424,1,90,-0.004053751627604167,0.02478849897628475,1.266305616542208,3.2249698789322934,0.20298126646214062,0.015914351784451854,0.45658360222975414,0.035835770479333916,0.4676189147763782,0.550053345825937,0.19759622106164798,0.06258984129704415,0.004866301293082015,0.006686323269079279,1.0,0.8777777777777778,0.07812364600103242,0.022657753641150243,1,0.4050834653865586,0.22071425291862268,0.5448598299320179,low,low,low,low
425,1,90,-0.008376252651214599,0.01781926109865522,1.6666114182760254,1.511065345868472,0.193751662886805,0.009962292045109764,0.44216986927721236,0.047486218341938766,0.4620008862680859,0.5189735104640325,0.1892879988433065,0.03134484053422439,0.0038234742566713724,0.005800273000344406,1.0,0.8888888888888888,0.038947645012425536,0.025384557633849444,1,0.27220764500878586,0.13477726859636657,0.4951248649432735,low,low,low,low
426,1,90,-0.020615303185251028,0.03047401843022669,-2.4702350195467933,2.855253963751019,0.1593444933493932,0.007876761230828108,0.3575097562538253,0.012914706776655937,0.41678213675816855,0.37678169111410775,0.17521163933419284,0.038326959148833536,0.00433687555187038,0.004587090193708036,1.0,0.8888888888888888,0.06761533101583653,0.011559475077350964,1,0.28588969278881193,0.21553227073403572,0.7538974726024044,low,low,low,low
427,1,90,-0.01927043828699324,0.023047309650391864,-1.9453528696231002,2.4849141886280406,0.21154914846022924,0.011820422229908282,0.4403066034118334,0.03183880217136778,0.4820772134595447,0.5196315871344672,0.22937904118884142,0.09325471005752294,0.005344340770342447,0.008174517956723377,1.0,0.8222222222222222,0.057737346637471154,0.02068216778516763,2,0.40079035543776,0.04428353799336803,0.11049025232842116,low,low,low,low
428,1,90,0.03052937388420105,0.04726337637270315,5.0404349793191034,2.558526950554662,0.17328499307235082,0.03193353235873265,0.43532761136690773,0.03413128009326336,0.45900475846396555,0.5217996305889554,0.1401585981161859,0.0830676391970704,0.020202149904080712,0.00840464727816083,0.8555555555555555,0.9333333333333333,0.10446742861425534,0.026234826790912408,1,0.5163851658638574,0.3525406646035277,0.6827074153192423,low,low,low,low
429,1,90,0.023409111632241145,0.0585320701913965,1.5462471016992825,5.268777819195325,0.19797046846813626,0.006931756561353757,0.42014901008870864,0.010906360540772762,0.4876104275385539,0.44771843817498946,0.23578053279826827,0.07568467867275597,0.0061464007807877676,0.005153798341293824,0.9777777777777777,1.0,0.05707500391566263,0.008894057394380943,1,0.25715361017747057,0.12184398915622956,0.4738160792534155,low,low,low,low
430,1,90,0.021657809283998276,0.04339527494737753,-0.9037474543881335,3.004160544992108,0.2368239873399337,0.0127053009995997,0.4770377708805932,0.03330274281051142,0.5578501168224547,0.5151225239038467,0.25681665802677534,0.05000138794231134,0.005802881207723474,0.006843361478865769,0.6555555555555556,0.9444444444444444,0.07820576904782876,0.01933333696763767,1,0.3529254630593095,0.21312272643778635,0.60387289915965,low,low,low,low
431,1,90,0.01833179030153487,0.038704145953396815,0.5121263197378507,2.8004291469213802,0.19561050058239035,0.031758781193579264,0.43211330688662,0.04824187315223321,0.45404599275853896,0.49746118121676974,0.18771313626457933,0.05265818026172724,0.004769171404252249,0.0058226063155558125,1.0,1.0,0.01371893118902085,0.027705885989274058,2,0.24424621808052777,0.04723407211327106,0.1933863258892803,low,low,low,low
432,1,90,-0.0188298675749037,0.022018999718241426,-1.9136477922947543,2.7246405665249727,0.18813949293560453,0.005339131048331921,0.4137593842215008,0.011911184765569044,0.45173444284333125,0.47114050520790945,0.18170487982558392,0.022415977794244823,0.004904261867794434,0.005801218934169527,1.0,1.0,0.04922329968671219,0.009835289470571256,2,0.27424499003733016,0.09787863876699418,0.3569008930765807,low,low,low,low
433,1,90,0.008826663759019637,0.031455683702416,4.800849191717518,2.2689311564676373,0.1702190712094307,0.015291863158453581,0.40976508491569097,0.031242387907044,0.45487610465950434,0.518075833386845,0.15606423420137555,0.043070951371233346,0.004664853332602046,0.004125598018193444,1.0,1.0,0.0802395597897625,0.020460830824446483,1,0.35645355314954463,0.2678504932613037,0.7514295746670726,low,low,low,low
434,1,90,0.035268037186728586,0.03893956472375186,1.3037299006022018,3.6313396275489174,0.18259080549081166,0.009709885698914344,0.4179212715890672,0.01739353070456435,0.5025368839502334,0.4402793609433704,0.22374994532639916,0.08206221904336312,0.007440067583988747,0.004092882389195044,0.8666666666666667,0.9222222222222223,0.055012384743792844,0.011755384618097943,1,0.2506202550886471,0.12793130491360646,0.5104567243043929,low,low,low,low
435,1,90,-0.02104881505171458,0.029091009229790733,-2.565060196554325,2.8945415032347577,0.21207115658455425,0.012167567574484126,0.42708583292033936,0.029614923482357218,0.5145994928148058,0.471245026257303,0.2158121058608836,0.07848441035041,0.005299076567263453,0.006155178491019816,0.9222222222222223,0.8777777777777778,0.08424882012258378,0.02000075893911123,1,0.3536989093658917,0.2679780911194275,0.7576425213109467,low,low,low,low
436,1,90,-0.02793283330069647,0.044351968044713544,-0.9632436525761013,4.630614974364937,0.18602889420257673,0.013518693570839402,0.43186105522844526,0.023555407591602108,0.461242785387569,0.5362612780597474,0.24254624504796765,0.04778612850036955,0.0048506136256813,0.004630951096934403,1.0,0.8888888888888888,0.06865601847770501,0.015285134330526943,1,0.34750956515076215,0.19022785476092174,0.5474016442590581,low,low,low,low
437,1,90,0.04074985451168484,0.020609972499009727,4.400879466819869,0.9301234945761166,0.18652945558230083,0.014926973929488063,0.4285789148675071,0.008076646226472748,0.48987672262721593,0.4858570224708981,0.19710758388422264,0.12851152172681946,0.007927194347251424,0.007255814501629901,0.9666666666666667,0.9666666666666667,0.08604196111260042,0.016278647684087072,1,0.3805302782586037,0.23153940988252705,0.608463543239082,low,low,low,low
438,1,90,-0.0008429967694812376,0.027422686769721632,-2.3543654642427,2.0728844643342956,0.18312205001711845,0.013511931323009185,0.42215185678667494,0.017387123810844396,0.4223021752304501,0.3801117655303743,0.13991555233221667,0.042115223264495245,0.006484267976727153,0.006159446772416078,1.0,0.5666666666666667,0.08020004253207581,0.023762815864916978,1,0.34738818231702917,0.2701011531969963,0.7775174557695369,low,low,low,low
439,1,90,-0.02064658535851373,0.007756769075663737,-0.7674301004192295,0.7434943618371845,0.1822335092557801,0.006329486170841886,0.4299409717321396,0.0142976525082086,0.3488689594798618,0.3469866394996643,0.13244939804205802,0.03897025323327613,0.0039413370814112905,0.005822105654365755,0.4111111111111111,0.0,0.07215276072427733,0.013480874412804395,1,0.32275526072974503,0.1792910018451384,0.5554996871006167,low,low,low,low
440,1,90,0.005238163471221919,0.035775156534029,4.563498068307488,3.577012682861225,0.15659790734450021,0.021254951777584876,0.40098147888978325,0.014499642016329032,0.31024716132216984,0.36270920866065554,0.10621273275176434,0.02974614620919651,0.00603314077038439,0.004651576550285942,0.011111111111111112,0.0,0.07859700378473239,0.011038883316647444,1,0.3369645453948542,0.2952358036934313,0.8761602120106249,low,low,low,low
441,1,90,0.011426207423210148,0.020417634701854388,4.3748091902487936,2.6628185665448427,0.19541657368342083,0.008830027713698998,0.42377837085061604,0.0063421154951519626,0.3890524778101179,0.3654913031392627,0.1517219191784612,0.011714808913095783,0.004506830443332498,0.0046163702860640525,0.0,0.0,0.0389712167562455,0.008082296713872814,2,0.27215571198529087,0.019658598670530946,0.0722326431971056,low,low,low,low
442,1,90,-0.01621980236636268,0.021906233327492003,-2.1507827601307126,3.067290262759558,0.17371245672305427,0.02441530302489327,0.43013719767332076,0.02081831733652438,0.3881388631131914,0.31812874774138133,0.13855026278317922,0.03171040658234243,0.004571726040808488,0.01577662793442931,0.14444444444444443,0.011111111111111112,0.08827468463738278,0.015186894709295714,1,0.3511085825877083,0.2833285223212795,0.8069518360425356,low,low,low,low
443,1,90,-0.020689469907018868,0.0348566920218034,-1.8176672183849605,3.6920258992932022,0.17413461431860924,0.012785274954948042,0.437627702123589,0.02491728110720721,0.3568714817365011,0.4132521791590585,0.15710428877330843,0.03364703224458708,0.0050340788843713236,0.0026132831417201782,0.011111111111111112,0.0,0.03834542976429485,0.010170851629634839,1,0.19913015711778956,0.07020478705509249,0.3525555120114384,low,low,low,low
444,1,90,-0.020388852225409617,0.027466544325450842,4.103734009037119,2.2603613055798695,0.1620810262858868,0.02674692183676949,0.44571114016903773,0.021269552030206487,0.36905253529548643,0.4126791351371341,0.13478590354963618,0.051693643029376304,0.007253120041421309,0.004150353520912045,0.0,0.07777777777777778,0.10910448661562079,0.013471832994307181,1,0.39534035801391465,0.32690496734257246,0.8268929134681289,low,low,low,low
445,1,90,0.001495235496097147,0.020691175635543183,-0.9900232221438832,4.651216440943303,0.18750180610352093,0.019356921888746745,0.45365806818008425,0.018326198492969244,0.41349389519956375,0.3569445719321569,0.13448575587650974,0.04934102680979693,0.003867580173989444,0.004310052906745748,0.12222222222222222,0.022222222222222223,0.05001938285696448,0.011336081659600492,1,0.2056144489469071,0.13855933353144395,0.6738760839280222,low,low,low,low
446,1,90,0.008007318774859115,0.028668278572471884,-3.2758785183659485,1.9032653572039382,0.190430681904157,0.0192856280062595,0.4769555808769332,0.011486207808816524,0.42333144810464646,0.2941121793455548,0.24529667307567296,0.22968721649668203,0.0044699242817632925,0.03223076127598607,0.06666666666666667,0.0,0.09533354288238652,0.009583814931961365,1,0.3576378926298556,0.2888909150475067,0.8077726472173685,low,low,low,low
447,1,90,0.008754438161849981,0.010560258866687893,6.6679225179460815,2.961524787770694,0.1216060151656469,0.03086596085671751,0.43733373052544067,0.01814956368079351,0.34644903706179725,0.4154436770412657,0.08512681120711571,0.04734255392622233,0.006473833668999756,0.0047731071575475015,0.011111111111111112,0.044444444444444446,0.07020855368803883,0.016192827338996893,1,0.3315009199596093,0.24724182307197978,0.7458232009700099,low,low,low,low
448,1,90,-0.02031306955549452,0.007871428505816116,2.266531765115619,2.1604926821804495,0.16097957723670536,0.01921465200793887,0.433205798930592,0.007592476798714613,0.38872815006309086,0.3942350410752826,0.13442940414176463,0.04222074959388808,0.0056228380402238536,0.0026380136550307144,0.0,0.07777777777777778,0.07041213106705396,0.010396192833619831,1,0.2933925344057576,0.16916003905958985,0.5765636226517684,low,low,low,low
449,1,90,-0.01195621589819591,0.027586497361156502,-4.093939795918693,2.0369274890786535,0.16552666227022808,0.024395707431294267,0.4468011894159847,0.01794665103785813,0.41130659149752724,0.3293439802196291,0.12265291041888504,0.07008685021236723,0.0045233475215623814,0.018474389593803132,0.07777777777777778,0.011111111111111112,0.07275809519663759,0.014795295136831714,1,0.3257375890738615,0.2651636325664774,0.8140381319891802,low,low,low,low
450,1,90,-0.017544893754853134,0.02445273490724392,-1.797316112687675,2.0246259080412234,0.1787851110100746,0.01591546373894361,0.47676523708634905,0.013149821000051878,0.38425903883245255,0.4121725493007236,0.1786719763986294,0.026011755964217176,0.004948460973535558,0.0051912837195972625,0.011111111111111112,0.0,0.043139355530486374,0.008728370873683182,2,0.3067178911895126,0.037982761037909124,0.12383574057210808,low,low,low,low
451,1,90,-0.004885266555680174,0.014148465821512201,4.949244470334211,2.1144031596030337,0.1284261417057779,0.01980716192167332,0.452046163380146,0.020093024587412796,0.37372850676377617,0.4385191010104285,0.08809567154075161,0.03302936365384857,0.006682653784810542,0.005317434291990351,0.0,0.07777777777777778,0.07868536311633564,0.01704337173000752,1,0.3660955499017409,0.27813307823758116,0.7597260294100864,low,low,low,low
452,1,90,-0.020351860920588175,0.019625588487499537,-1.4451294691666374,3.4497912308458436,0.16182788858811062,0.011137126804324894,0.47315156857172647,0.0053826860844949755,0.4354249977403217,0.4073742479085922,0.16422350245147518,0.0329984516839107,0.005932265031452696,0.005108360423242933,0.03333333333333333,0.1111111111111111,0.05246175576564163,0.006410495932013111,2,0.2548508660404373,0.10249881913277453,0.4021897925460396,low,low,low,low
453,1,90,-0.008235588007503084,0.04297266192676517,-4.555858718095459,1.4896835680824019,0.1858396994570891,0.020217311045472502,0.5128059408730931,0.018728699538534753,0.4690831757254071,0.38156511792395675,0.19373358138195937,0.12093537483960574,0.005772443169617547,0.03190274396106513,0.03333333333333333,0.011111111111111112,0.10664090804632122,0.00691571488381433,1,0.4001631380953499,0.3214009298600125,0.803172746537897,low,low,low,low
454,1,90,-0.026285022166040218,0.023208708290579413,1.9155420392373155,3.6393125323729785,0.1438987525800864,0.031043857044825582,0.4362269439631038,0.03135301531184946,0.33247229191992017,0.3942693660656611,0.12315032121773264,0.06553794559673282,0.009723535038128618,0.007227193395869883,0.0,0.0,0.0694982776796481,0.020987103308070017,1,0.389903735241486,0.2616041614543176,0.6709437916733534,low,low,low,low
455,1,90,-0.02275480992264218,0.04399473810618265,1.3720516681106587,3.880105459313673,0.17350700795650484,0.02199667274329469,0.4352544971638256,0.007372087719228384,0.3705178939633899,0.39864319894048905,0.15711509619483055,0.025679505466289814,0.007209982224050062,0.0026668194936688857,0.0,0.0,0.0668604869734846,0.009321255062181847,1,0.26238144025373117,0.18981932909362886,0.723445246221768,low,low,low,low
456,1,90,0.0027704523669348784,0.04709664715853142,-0.5242951413408219,4.829274247035481,0.157699573205577,0.012407537669642112,0.424367712603675,0.015414510896342425,0.3852584116988712,0.34251505533854165,0.13507632134813025,0.024818700783738806,0.004506025400011855,0.006092368147182069,0.022222222222222223,0.0,0.06498038969189171,0.012097861940225267,1,0.27951798301344827,0.22168550859330308,0.7930964337496796,low,low,low,low
457,1,90,-0.0359790861606598,0.05366005665534766,-3.9505817045578038,3.6133082901595475,0.18582166615459655,0.010005375422366545,0.46685813665390014,0.009182966012844447,0.4035841984881295,0.3963889847199122,0.1820337581671397,0.026299747704447922,0.004155648135465098,0.006507806940164856,0.15555555555555556,0.0,0.05877812782092163,0.004777846023738931,1,0.27797085887956496,0.1433911975185705,0.5158478922886099,low,low,low,low
458,1,90,-0.006762873795297409,0.03272421729247319,4.3010673344837285,3.927133286804505,0.14955278519127105,0.020775824798295872,0.4288716910613908,0.024650429883662894,0.3426696028974321,0.4056223024924596,0.1226096825331803,0.03245334275999468,0.007851672036140312,0.004199652006862568,0.011111111111111112,0.0,0.05187481095534987,0.014694907942074797,1,0.2909254979058481,0.1967560837135879,0.6763085697929917,low,low,low,low
459,1,90,0.03091483149263594,0.03797115317499173,4.831975676669992,2.4030416606424323,0.18502750628524356,0.010321838764390232,0.47233137405580944,0.007681239562989467,0.3983698351515664,0.42756953636805217,0.16193664640778277,0.02506777014206643,0.0056214677872583945,0.0031395697587521735,0.0,0.011111111111111112,0.04999442422500066,0.0058247480979717,2,0.2945592938979302,0.07504257028506052,0.2547613233678534,low,low,low,low
460,1,90,0.015015872153970933,0.0462551511127966,-2.6125490304352597,1.256815530300328,0.18772537567549283,0.024783099450741412,0.4781668509874079,0.02824075696634966,0.4447810255818897,0.32289411268300483,0.21036163335247002,0.09297473478462176,0.004259382638720537,0.027672958108208072,0.05555555555555555,0.0,0.049181385569866794,0.015906664847126033,1,0.34004056988057313,0.20831933998293833,0.6126290384322797,low,low,low,low
461,1,90,-0.06442347351047728,0.04442330175522188,-5.228826150127583,4.557091415024318,0.20551308873626922,0.015371592883757366,0.4772121713393264,0.02577975184602867,0.43250312093231413,0.42552192045582665,0.19701699078362256,0.026081874322583864,0.004052869607085544,0.005876100694591799,0.044444444444444446,0.0,0.03687452346298775,0.016079661220884098,2,0.28128731446582633,0.06833176220867196,0.24292428335828925,low,low,low,low
462,1,90,-0.024953949451446533,0.04014651395206492,2.965408478032911,1.3621295472657005,0.18122662595576713,0.019566440061377366,0.45552725129657323,0.024319576205917712,0.3047636845614761,0.42036850849787394,0.16351846829915104,0.14702653222070314,0.04075241503453102,0.0034880932730048404,0.0,0.0,0.05528343484646571,0.021209144021066197,1,0.3224601149413475,0.19353105829365988,0.6001686694188267,low,low,low,low
463,1,90,-0.038852902584605754,0.01990560467131584,-3.13800363135266,3.3673796474390763,0.18915904213984808,0.021339903974011937,0.4741802743739552,0.007933773547203803,0.42694119181897905,0.38536552058325874,0.17075549897963857,0.013634801024269625,0.004723569225684349,0.0039491332988703534,0.0,0.0,0.03739399535220815,0.010421567320627358,2,0.27231836464971815,0.031570328240575964,0.11593126431234366,low,low,low,low
464,1,90,-0.004640102055337695,0.044389171468316765,-7.081000433167581,3.5030803336672425,0.15138789580927955,0.028129143886972244,0.48680722862482073,0.03436606069056273,0.4688433865706126,0.26548671186384226,0.2388217353899241,0.24580202627402956,0.0048460310549794175,0.03182837169623855,0.044444444444444446,0.03333333333333333,0.07178692928370196,0.01880526775832781,1,0.345721180844367,0.2493497370055726,0.7212430987117424,low,low,low,low
465,1,90,-0.013434336251682711,0.03506914057585823,-2.3785949069300485,4.402150002680384,0.19716885321670108,0.022116040434075966,0.47988424549500147,0.022300520867410866,0.3977022147840924,0.4477779693073697,0.17870501842364075,0.02778157916266743,0.005494919021403575,0.005062114244330275,0.0,0.0,0.036320172306674024,0.015532002663688831,2,0.2538030559757724,0.06393842518921627,0.25192042319181734,low,low,low,low
466,1,90,-0.004563508762253647,0.02874271520433716,3.1788957094397423,2.470630630259129,0.18015099457568592,0.028645834558361973,0.49822711563772626,0.030762767520489835,0.38203826583921907,0.48322557310263314,0.16357849086047252,0.10004923105313843,0.03272778766401824,0.004069503837959138,0.0,0.0,0.06335697309338159,0.01869640834314206,1,0.3005332836115259,0.2303754930455195,0.7665531209188284,low,low,low,low
467,1,90,-0.05969366431236267,0.034966343166595845,-4.257878439148403,3.1634935507183375,0.19817940932181147,0.014614401910190242,0.4877666867441601,0.01939978121178471,0.4573947522375319,0.38323874870936075,0.18175862843983923,0.006028554248663156,0.004827004161203539,0.009103192144722204,0.011111111111111112,0.0,0.06505657411788691,0.022814436736293058,1,0.31520453268214915,0.14079748847176246,0.4466846989444871,low,low,low,low
468,1,90,-0.03348620567056869,0.030498253538060054,-4.030206050049724,1.7005125223841608,0.21546602058741782,0.01830823364476636,0.5196843897302945,0.026437022484620706,0.5006552474366294,0.40976542631785073,0.1727460777413593,0.03658842957294619,0.0053029676739771115,0.01012703855721057,0.011111111111111112,0.0,0.08955353192490337,0.017430820407836153,1,0.337284435868058,0.24006266219014702,0.7117492683083317,low,low,low,low
469,1,90,-0.034978791905774013,0.035487182703180735,1.5571464214286268,3.408731146228389,0.20633737502826585,0.024079641959661068,0.5014092628326681,0.012324030702400667,0.33881106256610816,0.46653487119409776,0.2271945836320376,0.11532502500905689,0.025914215155965967,0.005189773842822013,0.011111111111111112,0.0,0.08094356296328294,0.00790158623118578,1,0.36074947141279096,0.27439999975695734,0.7606365659962602,low,low,low,low
470,1,90,-0.003174851006931725,0.02852902751115983,2.344892395429192,1.3526331838889907,0.19739227915803592,0.011392787274624947,0.49417481140957936,0.02672009278751659,0.4049571885002984,0.44251590470472973,0.17835428478661647,0.020130658422993882,0.009192441691353604,0.0030693251146037964,0.0,0.0,0.046945603241227075,0.01721734740963418,2,0.3095930729969168,0.08806140178950482,0.2844414976587159,low,low,low,low
471,1,90,-0.020291296972168818,0.023324195712038396,-2.5742187831992474,1.0788574896982097,0.1587230280041695,0.01746614597907267,0.4513649531536632,0.02273668945986682,0.4204702443546719,0.35094053116109636,0.12314856735365175,0.031135999646471808,0.0035916627585273336,0.007947475234135148,0.13333333333333333,0.0,0.051052469877759764,0.00786354326015742,1,0.23773313993667858,0.19378809760318857,0.8151462707661794,low,low,low,low
472,1,90,-0.038405723373095196,0.023901712741857786,-2.5898598907813906,2.3837281905146765,0.21457197045286497,0.008159028890505871,0.49558591428730225,0.012913003281024942,0.43116272588570914,0.45869872437583076,0.20215905517809188,0.020675796140874027,0.005587812615484876,0.005063911999608372,0.1,0.0,0.04258529547081778,0.0064873060375153615,2,0.24677063018045756,0.07173732798096495,0.2907033030032883,low,low,low,low
473,1,90,0.038348182373576706,0.030540080908866583,4.062300109203452,2.457193210824129,0.16711743531955614,0.02654171887452196,0.45686592939827175,0.024183573681746964,0.36990089979436663,0.4700099077489641,0.10541560647108458,0.04222767357856022,0.010076494020825437,0.004730380915394211,0.0,0.0,0.06883058695425517,0.011538545744533758,1,0.3041767094223338,0.23898223884573425,0.785666508238185,low,low,low,low
474,1,90,-0.0040973593791325865,0.03006314324598597,-0.26760873875647473,1.923242775238197,0.16024377130799825,0.017472748685394574,0.4537843464149369,0.02065884416097364,0.39573970139026643,0.3989679909414715,0.16573105296721455,0.032181352147001734,0.00958555613608713,0.0036544519096473544,0.0,0.0,0.03214162349776919,0.007337887439551178,2,0.2263545717339635,0.03142116500943364,0.13881330496411656,low,low,low,low
475,1,90,-0.0187128355105718,0.021498883636179734,-2.885754999288627,2.3471022566695843,0.13302979071935017,0.027095293394522723,0.4210432418518596,0.018903700876778423,0.3910881721311145,0.32994115352630615,0.09319876899615752,0.033184070615894665,0.003604552521863564,0.0067143093104797625,0.03333333333333333,0.0,0.0691039153634193,0.007828312371888501,1,0.2774713089655092,0.23436262750125955,0.8446342929679217,low,low,low,low
476,1,90,-0.0353265020582411,0.03861100286736063,-1.9140972510279852,3.9647517052076755,0.19209309584564632,0.011409286113636168,0.4352433138423496,0.011768801690650454,0.3679868390162786,0.4108044190539254,0.17697137038880179,0.03483081499803254,0.0043493059877959175,0.004426122822668778,0.0,0.0,0.04848995673445197,0.006212839034210146,2,0.26384152892947166,0.08534292374421837,0.323461589344573,low,low,low,low
477,1,90,-0.013396201862229241,0.018659001515689336,3.983240715523939,2.0378921546947133,0.1647529532512029,0.013595957758060809,0.4317166922820939,0.008444551499554477,0.36605925460656485,0.412683324681388,0.09113982361644031,0.040212292262378754,0.007048014834111938,0.0049951448691170795,0.0,0.011111111111111112,0.10240437706490187,0.014271653752227628,1,0.40423982201459935,0.3194349683380652,0.7902095754360222,low,low,low,low
478,1,90,-0.014775895410113862,0.018003740082833206,-2.208287579834048,3.899719329093192,0.15143561429447597,0.03688455136123457,0.4234173383977678,0.008962881405258995,0.38543189068635303,0.34806603093942007,0.10831561893433286,0.05694178677243548,0.0036143818309286794,0.0031070376822830994,0.03333333333333333,0.0,0.04192758822361916,0.015025436311878018,1,0.17773085099336905,0.11705557965327984,0.6586077790730207,low,low,low,low
479,1,90,-0.005944001343515189,0.026721202584670756,-4.486047481555761,1.8454291441873856,0.13785241925054129,0.02557416541917437,0.41957096242242387,0.008634296529087463,0.3988785101307763,0.34211032821072473,0.1021653315547044,0.044450360219344,0.0037010173827563757,0.0080337441811924,0.0,0.0,0.08964409534117833,0.0074909680276214665,1,0.33457272364333235,0.3029187183801244,0.9053870551503522,low,low,low,low
480,1,90,-0.005091794994142325,0.034286950650293475,1.1024028606793854,4.836322399278195,0.16838520334826576,0.019892910232824492,0.41773487660619946,0.009032136978328699,0.33663090732362533,0.3963517904281616,0.1417142207530027,0.03924275299767098,0.004201773314097939,0.0037153278732323576,0.0,0.0,0.05957270432176048,0.008872515334850119,1,0.2509529025861414,0.14402521915949984,0.5739110556770973,low,low,low,low
481,1,90,-0.016221096449428134,0.023232388398027815,3.042425692660574,1.347467547402971,0.17651331341928905,0.023772456989499844,0.4519986982146899,0.010491655653585395,0.38915659222337934,0.4389695856306288,0.1238829762537428,0.04637387061868388,0.006440897771227457,0.00368977500528109,0.0,0.0,0.07498196079571717,0.013457743622161976,1,0.32080332752867174,0.26992363021278476,0.8413964745804761,low,low,low,low
482,1,90,-0.008412402205997045,0.01326064724755198,-3.7447679088371193,3.577612493559611,0.16891888909869723,0.029592594212085946,0.46549123393164743,0.01683480996780391,0.4301585061682595,0.3823574857579337,0.0991541381994548,0.047183807603163964,0.004330563502145507,0.0038633044548071665,0.011111111111111112,0.0,0.05097619182944128,0.0196541906863428,1,0.25523835733200606,0.14963098608004657,0.5862379048596806,low,low,low,low
483,1,90,-0.015183705422613353,0.03856763961605819,-5.053608882978089,1.8742382115057772,0.17795181630386248,0.022265685966798635,0.4817401288284196,0.01138845723764757,0.45674652225441403,0.34040452968329193,0.21038125198337218,0.13621141248729177,0.0043003143758329945,0.0448966041048191,0.022222222222222223,0.0,0.08962649797857793,0.010631622404195084,1,0.3367371079537966,0.29255589036935536,0.8687935325974351,low,low,low,low
484,1,90,-0.012866383128696018,0.024372319817896417,2.6947127401855973,3.756676134182399,0.14767480459478166,0.030732928227938165,0.42584935194916196,0.023634267533183383,0.3375849982102712,0.3933876514434814,0.11517816227524269,0.03973475803244709,0.005357515091801678,0.0039584741243291754,0.011111111111111112,0.011111111111111112,0.05804499707916387,0.013841065081233554,1,0.26313495569537826,0.18726842656978074,0.7116793525038964,low,low,low,low
485,1,90,0.0012903514835569637,0.015340234617250483,2.7004804530044555,2.1946785577255565,0.17402595347828334,0.014668252346697015,0.436503363152345,0.009686939103782755,0.36319098108344605,0.41903842290242516,0.14653869659982657,0.03620600387309853,0.005810547869467362,0.0027806386440886173,0.0,0.0,0.076554966370727,0.015691662433262456,1,0.2779411402375737,0.2307969909763051,0.8303778289216208,low,low,low,low
486,1,90,-0.02807583941353691,0.01586317183527242,-4.717499867130983,1.3101974034864448,0.14554521077209048,0.01008965122815009,0.44206110934416454,0.00890887804048246,0.4152229362063938,0.3538739005724589,0.0942344997544513,0.03898730232961584,0.004614438943351597,0.004809960471680243,0.07777777777777778,0.05555555555555555,0.06191063513076197,0.012381272011760185,1,0.26221537283230245,0.22085223750181654,0.842251897226342,low,low,low,low
487,1,90,-0.0249886929988861,0.03527324270245189,-4.338873604089776,1.596334466951792,0.19210898718900152,0.019913555490841464,0.4559100651078754,0.011021586045378512,0.4200378225909339,0.3799618038866255,0.1624760144341361,0.036063783971377994,0.003723170639692846,0.009418105272968975,0.0,0.03333333333333333,0.06954923729140805,0.0038254704972855366,1,0.2887694543911576,0.16581880321052256,0.57422357685496,low,low,low,low
488,1,90,0.0099767118692398,0.017959791211649187,1.0055171710172597,1.738161041619228,0.18815213499797714,0.017449019142997502,0.4269475541181035,0.017382440982388885,0.3473245319392946,0.4170998964044783,0.13520489907056457,0.02297215785819217,0.0037258777456143184,0.0037595088888032683,0.0,0.011111111111111112,0.06377895954376256,0.010699652694977437,1,0.27314787123227546,0.2328318908400916,0.8523992421777215,low,low,low,low
489,1,90,-0.003211152884695265,0.03259702241322917,0.8690670251736267,2.779088564851537,0.20356524429387515,0.023096984324495317,0.4598112906018893,0.012784286245998065,0.40849865708086225,0.3994968228869968,0.15097259167995505,0.024294850761960432,0.0045507720303092445,0.004099603968007118,0.0,0.0,0.04070364813807578,0.005705683450054813,2,0.27710948164580773,0.025378250402953148,0.0915817050738293,low,low,low,low
490,1,90,-0.020657067497571315,0.03438385905744928,-2.323559852710563,3.3543581974756704,0.1849688220355246,0.009635222703597504,0.4404268624054061,0.0230939731566025,0.40279173221853043,0.35907064212693107,0.14049003182733497,0.03847060169347153,0.004607259869976192,0.009910942787941263,0.05555555555555555,0.0,0.08700006478967069,0.01330509583626404,1,0.36314702238972846,0.2759370429682545,0.7598472962964958,low,low,low,low
491,1,90,-0.01735788749323951,0.043142860022545235,-2.1286326688801926,4.820834665691412,0.17249462008476257,0.022242321170748747,0.42852583279212314,0.027586337920960404,0.3491687347491582,0.40299845801459416,0.15643167731907856,0.04245804349865192,0.005566654038554946,0.002865972984372501,0.011111111111111112,0.0,0.04520896224755311,0.01266145535932187,1,0.17492956444262764,0.10213319079613388,0.583849889935219,low,low,low,low
492,1,90,0.028281573785675897,0.03209776106082443,4.8741579041762355,2.4498013341684626,0.1643032827311092,0.028621164749916536,0.42414660768376455,0.017603952601182218,0.34302693406740825,0.4200847701893912,0.12031176307196503,0.03797532366950802,0.006059349922498553,0.0036866639466679794,0.0,0.03333333333333333,0.09835218903153814,0.018754136197236867,1,0.36535013242914277,0.28360300408365546,0.776247776209256,low,low,low,low
493,1,90,-0.01328151060475243,0.030933331816805344,-1.055619977411484,2.42879045227858,0.16283447080188326,0.02050253130868696,0.4384334628780683,0.012221441174204168,0.4083979768885507,0.3470242791705661,0.11059199694584175,0.03166980167532641,0.004566098862566204,0.005445987702671167,0.022222222222222223,0.011111111111111112,0.06650760705710772,0.008823020486012615,1,0.2799688253057445,0.2419990376661765,0.864375428323029,low,low,low,low
494,1,90,-0.029354053735733028,0.034483658330335315,-2.945812595231514,2.346600391094965,0.19261767880784142,0.007802230328920138,0.46396316819720795,0.010123470121727268,0.4028660744428635,0.41670170923074085,0.18139177893171804,0.02898468184593991,0.004342304658759147,0.005617367182087535,0.011111111111111112,0.0,0.05914419399173145,0.008433233787771399,1,0.2504051841582679,0.15637000093552672,0.6244654119112886,low,low,low,low
495,1,90,0.0030992574161953323,0.027230045693220628,2.0382773254749305,2.8386861086184285,0.1711963473094834,0.010781577697384812,0.41519139773315855,0.017911918394687535,0.34201617704497445,0.4008525735802121,0.0978693672279776,0.03745412861175732,0.004857158888797919,0.004322014324821153,0.0,0.044444444444444446,0.06365344394467215,0.012826069172716613,1,0.3017994657762572,0.24274878895562402,0.8043353688379934,low,low,low,low
496,1,90,0.032525765233569676,0.02740146854652968,3.2296736588286445,1.31985534867779,0.18123081343041525,0.007920518112516421,0.44769059154722424,0.010237265606716266,0.3772870586978065,0.4136349923080868,0.1499065118582132,0.02771812905487268,0.004787156928519906,0.003270392208779404,0.0,0.0,0.06543558770632935,0.009671146207178957,1,0.2833601285384602,0.1445837712835498,0.510245607890165,low,low,low,low
497,1,90,-0.002246350381109452,0.053795603799975035,-1.7394439904907513,3.2801116664832577,0.19525688025686477,0.03849245805356642,0.4677334472537041,0.03867379305544223,0.42816476126511893,0.3159322225799163,0.1910978210006908,0.11335163432605214,0.004584398549423879,0.033227197738099463,0.08888888888888889,0.0,0.0852875699217566,0.016477838581435308,1,0.37800255811343136,0.30811999116805805,0.8151245790009135,low,low,low,low
498,1,90,-0.049817125333680046,0.0402015583868265,-3.7863603313749157,3.3156046065843894,0.19799228633443514,0.023770203752312348,0.4773671304186185,0.03239280582044763,0.4059089081154929,0.42486107150713603,0.1878446031953896,0.030215604434845666,0.0053164349084902605,0.004117285916508352,0.0,0.011111111111111112,0.046746139090781784,0.017154080216478115,2,0.28779007910373816,0.07156484206534892,0.2486694246681372,low,low,low,low
499,1,90,0.05028288960456848,0.03129766242777473,6.201593796727253,1.690085041618828,0.14466434982087878,0.019024645576910488,0.43897624181376566,0.015785039151601794,0.2924333623713917,0.4515936215718587,0.18531962715473194,0.1385606688357546,0.025156470104074242,0.004014039082685062,0.0,0.0,0.09746902433200458,0.01589645006501397,1,0.3395852810843312,0.2935917602937829,0.8645571881064117,low,low,low,low
500,1,90,-0.01828237904442681,0.05024546225883804,-2.40870951769109,4.364413747341197,0.16839204314682218,0.016881161803142697,0.44105485644605424,0.024036639710348945,0.3987920158439212,0.366661141316096,0.1455264177523587,0.025239730722281705,0.004297424185056704,0.0050400539771111265,0.022222222222222223,0.1111111111111111,0.0667075235180528,0.012355906137981749,1,0.2760740356514728,0.20936816137937317,0.7583741169690084,low,low,low,low
501,1,90,-0.009345280461841172,0.009193686856426696,0.22178114224394302,1.1403365594895527,0.18460317287180159,0.037412242293994126,0.4666195382674535,0.07795062065800637,0.19133481979370118,0.20745545973380405,0.13730806693344733,0.10024523757551523,0.012516542433760913,0.011100955106836655,0.6777777777777778,0.7888888888888889,0.03929293455150269,0.016587069834012817,3,0.38454917923585574,0.14760765096650702,0.3838449672805249,confidence,confidence,confidence,low
502,1,90,0.00278870595826043,0.004203978680780496,0.6621735608069576,0.44242408062484134,0.14816073444154526,0.0029388613004142053,0.38734027147293093,0.005959968893197854,0.16056914793120491,0.16445168654123943,0.07843679305161873,0.03195699779875643,0.004941738289296992,0.00303015877615231,0.8666666666666667,0.8222222222222222,0.03661541866982503,0.005147270474758044,1,0.16109259671308584,0.13869934880396476,0.8609861076663019,confidence,confidence,confidence,low
503,1,90,-0.019175270530912614,0.010138898420330725,1.742045362813114,0.46370345464546436,0.14388300180435182,0.004053152162516966,0.37750135395261974,0.0029394599825292526,0.2024286985397339,0.15252281096246506,0.10960010459227017,0.036421801888584876,0.0014564834604920693,0.0031725056924055534,0.9777777777777777,0.7888888888888889,0.010606341861288173,0.0058062729558136655,2,0.09933510553171149,0.011204849623323727,0.11279735161095837,confidence,confidence,confidence,low
504,1,90,-0.00953069527943929,0.008651065629054265,0.9465690189928114,0.41962417563221666,0.14668063057793512,0.0019207771312293013,0.38343114654223126,0.004765343168028271,0.1584543506304423,0.1910301797919803,0.07380551911034595,0.07529827945444223,0.0030271730379181796,0.0011976339770070508,0.8555555555555555,0.4444444444444444,0.0027118980621890633,0.005152692834911088,2,0.05252379799620898,0.009347191712822254,0.1779576898800619,confidence,confidence,confidence,low
505,1,90,-0.00391341315375434,0.004230550452244046,0.07072906984473624,0.27806945580281767,0.14550407860014175,0.001815908930862183,0.37227653463681537,0.0028488197449067416,0.15661472082138062,0.17551052172978718,0.07624235968997511,0.058325079530162256,0.0027136780929032022,0.0015025401153786918,0.9222222222222223,0.6777777777777778,0.0028396949752206267,0.0042562115350573745,3,0.050574629250581656,0.011482829762587278,0.22704274633330868,confidence,confidence,confidence,low
506,1,90,-0.0054819014337327745,0.0025225369809402922,0.5614105116312189,0.16580784867459097,0.14853678875499302,0.0013947074589501388,0.3746771398517821,0.0021789946086648356,0.17086951865090264,0.18912980490260653,0.08539646579850793,0.034083423469696165,0.0016438900354651044,0.0016747928499046096,0.9888888888888889,0.8666666666666667,0.002528111001358579,0.0020534905945110843,3,0.03559907608465076,0.007004451212552609,0.19675382703950542,confidence,confidence,confidence,low
507,1,90,-0.0013230760892232259,0.0019016443539547749,0.9309866887511213,0.14551517716734666,0.1480270266532898,0.0014993826188743266,0.37828197048770057,0.0009289303356873197,0.18154316676987542,0.17369564904106988,0.049788381888764374,0.01720804556447444,0.0008475707412273527,0.0014310977970787067,0.9777777777777777,0.8666666666666667,0.0033900910535558048,0.0022095769724450333,3,0.04486419697083299,0.007728838223375303,0.17226801051157414,confidence,confidence,confidence,low
508,1,90,-0.002528572744793362,0.0018831897150419484,1.6683121561524397,0.6485733073143046,0.1480011135339737,0.0033979882393907167,0.37749574813577863,0.0031185910722012875,0.18992716206444635,0.1628633307086097,0.12247982755049723,0.058905067661767695,0.003725031561632339,0.003792404228282206,0.9666666666666667,0.8333333333333334,0.021644053926940455,0.004942412566220753,1,0.13141748188440644,0.08611283243488471,0.6552566366626283,confidence,confidence,confidence,low
509,1,90,-0.01026078131463793,0.021048265617452426,-1.0045877041463027,0.8212889763428814,0.18055154151386685,0.015922521314019104,0.43840115699503157,0.03853822256251701,0.24277066753970253,0.2279920581314299,0.09022529552779886,0.05353004432157291,0.005190721005810475,0.003909209151814579,0.5333333333333333,0.8555555555555555,0.09801813341112442,0.01780078623419687,1,0.33248676519256887,0.28415272074392345,0.8546260960289744,confidence,confidence,confidence,low
510,1,90,-0.026326588789621987,0.008375734965637593,-1.4445669534304895,0.42711290175734457,0.19480099578698476,0.0030593550495680616,0.48615981042385104,0.005163981722495067,0.24645103050602807,0.24348633587360383,0.12984228256920685,0.06059418625003476,0.005334964335037964,0.0026140484630963194,0.8777777777777778,0.9,0.0133848091525858,0.004231789417320109,1,0.08646857357194522,0.047944059053942244,0.5544616108699945,confidence,confidence,confidence,low
511,1,90,-0.028642457392480638,0.004042706463462321,-2.358331790920225,0.23064627043647987,0.1930877458718088,0.0020671347434625532,0.4828450012538168,0.00559084188247469,0.26644590695699055,0.2505767116943995,0.08993900407109162,0.03247167118817781,0.0028707472909302863,0.001425770431942979,0.9111111111111111,0.9111111111111111,0.014904180386878907,0.007861076482415342,1,0.08129545631125687,0.050412351591313326,0.6201051543784558,confidence,confidence,confidence,low
512,1,90,-0.0287183791399002,0.005966723477257663,-2.2291158580537123,0.18989494750014824,0.1867320492863655,0.0029882758170405154,0.4863607517547078,0.004045486981040219,0.2865578167968326,0.270037853386667,0.07129033970872543,0.021283821911212558,0.002239981593942357,0.0022619190055083224,0.8777777777777778,0.9333333333333333,0.012795652829952276,0.005090969352124928,1,0.09156362184580749,0.02702214548273462,0.2951155690703253,confidence,confidence,confidence,low
513,1,90,-0.022795111934343977,0.003558637237826337,-2.3638951636725287,0.30344142313348105,0.19054284542798997,0.002228923911346872,0.4811659701996379,0.003284991594249571,0.2634411891301473,0.24349827203485702,0.09404520281180163,0.012659181939754178,0.0015985588737013057,0.0021842980240247482,0.9888888888888889,1.0,0.0035843529902142754,0.002956142889505786,3,0.06873687349965578,0.012686687877001463,0.1845661966407063,confidence,confidence,confidence,low
514,1,90,-0.02814101775487263,0.014483637001158293,-0.7155638175935712,1.2130856956799896,0.21223062401016554,0.02350443472435272,0.5232100801335441,0.04101064970282259,0.321168002155092,0.2832111716270447,0.10348925822546909,0.01963277865183012,0.0049170724507111106,0.004936118299230358,0.9111111111111111,0.7777777777777778,0.12607147717713824,0.008150613132025081,1,0.4393046971684439,0.37347446210778257,0.8501470946428007,confidence,confidence,confidence,low
515,1,90,0.005139780706829491,0.01147747293395581,-0.7160675163204423,1.151954815365847,0.225808337993092,0.0066330806701117295,0.5619166298045053,0.011171954688236084,0.3205681711435318,0.34093791080845726,0.14265969510437407,0.04914074958777063,0.004586281958483306,0.004645641996010041,0.5222222222222223,1.0,0.014448279814909818,0.008266020013073262,2,0.1334419210044312,0.015162476993397593,0.1136251880524565,confidence,confidence,confidence,low
516,1,90,-0.002419136299027335,0.008541601729263392,-0.17930450839810763,0.10245526808893675,0.22523966083923977,0.0023998754748790125,0.5578880914383464,0.0019946705091566665,0.31939141518539854,0.3172687682840559,0.1253436569769409,0.03943216778473561,0.002588617568393864,0.002368413425673469,0.6888888888888889,0.9777777777777777,0.004916138888828761,0.0034279907750615576,1,0.057721313458049525,0.010400339861263232,0.18017884658801522,confidence,confidence,confidence,low
517,1,90,0.003988759716351834,0.008210141851868708,0.016174733447227353,0.4666277384684192,0.22692778176731535,0.0017769615394696277,0.5587378341290686,0.0041026160139616295,0.32870274153020645,0.3099355419476827,0.09541127326168576,0.004423905368468725,0.0007674974310580022,0.0011836874029651607,0.5444444444444444,1.0,0.004383145902543167,0.0024376030119532366,2,0.04928414910258464,0.009113689299337153,0.18491755559808598,confidence,confidence,confidence,low
518,1,90,0.03743854098849826,0.017497864041317316,-0.10258722870506214,2.080024298322078,0.23259631743033726,0.01009278853917594,0.5499134689569474,0.005641603810607769,0.34982357886102466,0.3871243913968404,0.0657870026843313,0.030273461207511086,0.007706616745623149,0.0064455957680592535,0.4111111111111111,0.8,0.11731820583967065,0.008777622779136171,1,0.38055580568244696,0.3522747182936589,0.9256823502655007,confidence,confidence,confidence,low
519,1,90,-0.03395604888598124,0.008998466289606159,-0.5219000231051932,1.2737358745109082,0.20710516240861682,0.005511845769830954,0.4966776092847188,0.010681321665457984,0.30850685503747727,0.2747890253861745,0.09626288724361927,0.030876622106650632,0.004718494158460724,0.004579547104266602,0.8555555555555555,0.7333333333333333,0.04412335870019575,0.004269108256592136,2,0.22665897903787283,0.05376225236138269,0.23719340568896596,confidence,confidence,confidence,low
520,1,90,-0.02387777401341332,0.004933176190043492,-1.7528410649471984,0.3475541569292258,0.20638667427831225,0.002675833885352566,0.4853166681196954,0.0032709513328140604,0.2902590546343062,0.26982084876961177,0.14119793140369793,0.04050138936029541,0.00454702571742052,0.0029688396792478767,0.8555555555555555,0.7222222222222222,0.0019856938448736647,0.00273215765850375,6,0.06391697462269032,0.006145259402621964,0.09614289937842384,confidence,confidence,confidence,low
521,1,90,-0.02001393569840326,0.016632691453843145,0.0580200373819153,0.9809153241258886,0.19488773610856797,0.0077969865473506515,0.48179958396487765,0.007146007214270528,0.2495399663845698,0.23063357637988197,0.12215781552052808,0.03758581616724403,0.006392695842056374,0.004610027852154507,0.8777777777777778,0.8555555555555555,0.00869459932442533,0.00649642811922449,2,0.10836460046814025,0.0028607275339685573,0.02639885278732542,confidence,confidence,confidence,low
522,1,90,-0.02659325831466251,0.004953405291801143,-0.793313916161586,0.7090905733256935,0.19906116177638372,0.002310242411260562,0.48398681895600426,0.005717542320360024,0.2477539085679584,0.22208022011650932,0.13862326368016534,0.06632545778454671,0.0039526899656915065,0.004352579256380743,0.8888888888888888,0.8666666666666667,0.012160533106376664,0.005433372222597955,2,0.08907345102322,0.017143501830331833,0.1924626156366976,confidence,confidence,confidence,low
523,1,90,-0.030424784620602937,0.015989780827919894,-1.5610748881477419,1.0831815973742154,0.1864093917939398,0.014811915359557509,0.465062746240033,0.03088788592577665,0.24537719786167145,0.24688040879037645,0.07627569228583504,0.01471736937294616,0.004737330146537521,0.00576952491376155,0.9333333333333333,0.6777777777777778,0.08349067248212819,0.009740779937107747,1,0.32405647999306036,0.14484295987882345,0.44696687724018974,confidence,confidence,confidence,low
524,1,90,0.0023296687338087343,0.008173024589833842,1.1019078881079496,0.6694071031243756,0.13999344574080574,0.0041231224605201705,0.3664572765429815,0.016240259445790505,0.18456618984540304,0.19622739752133686,0.07899334994664722,0.03847143941022546,0.006305740166216617,0.003438738752188793,0.6555555555555556,0.8,0.06961454447818519,0.01087537377520848,1,0.24867058576511694,0.1564413678757662,0.6291083373857321,confidence,confidence,confidence,low
525,1,90,-0.007762473159366187,0.023330895965061167,0.9355911952711371,1.2448982346949826,0.1313093688752916,0.007528537636250657,0.35746773282686867,0.0040847261788614555,0.1927192297246721,0.19859083228641086,0.07758561244024506,0.03258557839512264,0.005244547725801224,0.0042592979605493774,0.7,0.7888888888888889,0.010093720642473223,0.007698211899707173,4,0.14051700299037262,0.020478866631298144,0.14573838366249214,confidence,confidence,confidence,low
526,1,90,-0.01789605882432726,0.009516802032369069,1.8099690910664359,0.6150321193587348,0.13201755550172595,0.008912280681145678,0.34209381308820513,0.008877675183618563,0.14491580261124504,0.14864340556992425,0.1365044941158265,0.04892262574901004,0.004719774540821645,0.0030716722613490033,0.8888888888888888,0.8888888888888888,0.0022579452286498004,0.005959582440257228,3,0.08955866147393046,0.006182849649052123,0.06903609892330669,confidence,confidence,confidence,low
527,1,90,-0.003903569115532769,0.005248685280205462,1.2688334936695387,0.4079266029444844,0.13568738334708744,0.002636977243426505,0.3474333965116077,0.004253994940827544,0.1649960802661048,0.16200975643263923,0.04391713347246577,0.01938508953199131,0.0021341892746730286,0.0031081251025182406,0.7555555555555555,0.5,0.015074220498484406,0.005930759389661828,2,0.14846758478494315,0.04658960292236078,0.31380108451795274,confidence,confidence,confidence,low
528,1,90,-0.011777328451474507,0.025368382343631382,-1.1162654097600586,1.360002986596764,0.16072404003805585,0.02962096724540953,0.41171765906943214,0.061259756921529254,0.23712862564457787,0.23033905691570705,0.0644449496203091,0.028288209764215803,0.005502757407373681,0.005000663247311762,0.5666666666666667,0.8888888888888888,0.09348328032403427,0.018366765280884188,1,0.3605488956450764,0.3220725243707917,0.8932814244601485,confidence,confidence,confidence,low
529,1,90,-0.03270088964038425,0.023795775567850955,-1.0635830610943162,0.6190662540939713,0.1955492024620374,0.007821587490198303,0.48660014900896287,0.02670331301630795,0.2863602257437176,0.27318045993645984,0.12888641458389055,0.04171570603207869,0.003979064817383107,0.003945091710870971,0.8666666666666667,0.7777777777777778,0.028677383498962563,0.004019758064176846,1,0.16083462276195587,0.0903860648299941,0.5619778956790539,confidence,confidence,confidence,low
530,1,90,-0.02196860843234593,0.007107727142871572,-0.7276336312185746,0.24262187865099874,0.18830361995432113,0.0028493392026954453,0.45469420750935874,0.00996179893686944,0.275679541627566,0.25462979773680366,0.10358793096661238,0.026178243327114336,0.0021847124887071183,0.0023582402354238472,0.9555555555555556,0.7222222222222222,0.0071868686196944,0.00331352001909659,1,0.06681434091563115,0.01722475459745113,0.25779640366126566,confidence,confidence,confidence,low
531,1,90,-0.034730059901873264,0.001004568989358168,-0.6014492622318374,0.10178527622591337,0.19365842623843088,0.0042564448171814534,0.4523550985587968,0.002887041358658922,0.25422785712613,0.24717730349964565,0.10260330458354248,0.0045300248648015564,0.001013603482757863,0.0010119718361358207,0.9888888888888889,0.13333333333333333,0.0026242301848450147,0.002792667972450306,3,0.05093836382739389,0.01255652535277495,0.2464994536508595,confidence,confidence,confidence,low
532,1,90,-0.03929918971326615,0.005065961288470881,-0.15066957963895003,0.3710808257438908,0.17596963230106566,0.006586845637999161,0.4564181574516826,0.004747777165971503,0.27009583115577696,0.25194261173407234,0.10953614788671,0.003852689413304575,0.000788664236865708,0.0010833483665802681,1.0,0.0,0.0039502786100755445,0.004231073073729721,4,0.06008812038840768,0.005426096891714515,0.09030082079153401,confidence,confidence,confidence,low
533,1,90,-0.035119141141573586,0.0035882407888328843,0.08655334753362161,0.3132256911059588,0.18149786409404542,0.009971016110785389,0.45537203136417603,0.0016259425790092746,0.2738332062959671,0.2401703655719757,0.11567608899045462,0.020762442171832058,0.0018739160087030593,0.002829852469693868,0.9555555555555556,0.4,0.0020816030097366963,0.002460913642586818,3,0.049170555871613675,0.01130160924212273,0.22984038316035987,confidence,confidence,confidence,low
534,1,90,-0.028255461653073632,0.002075378621436767,-0.761997188438127,0.36604669635128334,0.18355362332529493,0.003347862640556927,0.4515672258204884,0.0029453349654745115,0.23213044504324595,0.22653837336434257,0.15165018321664686,0.029877699939634458,0.005375615572084293,0.0010257220116349944,0.8111111111111111,0.9555555555555556,0.001991154469400579,0.0030268474292526083,2,0.04606954283523046,0.013327879071389406,0.289292859410319,confidence,confidence,confidence,low
535,1,90,-0.031127126349343195,0.0036877946151093084,0.13045477990018148,0.38104447690055165,0.1788981513844596,0.0054100183524852285,0.4480020787980821,0.003577881648711323,0.27418972982300654,0.24804384575949776,0.14677389968612756,0.05488777785572434,0.0037382354859908434,0.0031178986914087215,0.9777777777777777,0.5,0.00416813251822299,0.003603657516516364,2,0.05478109037335385,0.004624378654624199,0.08441405983429774,confidence,confidence,confidence,low
536,1,90,-0.008922130531734886,0.021162240858767386,-0.6139477942670959,0.9745897806147339,0.17193143367767333,0.005366798721028417,0.4260834988620546,0.021685121471860663,0.2805054750707414,0.26197056770324706,0.0705241548337506,0.011093245283194804,0.003021669024696249,0.002850178912293077,0.8888888888888888,0.8444444444444444,0.014072188914317723,0.006427991548747078,2,0.14877171259082358,0.04623085814845039,0.31074823698080467,confidence,confidence,confidence,low
537,1,90,-0.0042826526694827605,0.0047770322649307775,0.15808507908145383,0.6314052113619579,0.1472457809580697,0.004861265840147492,0.37680839796861015,0.005278841492917673,0.21858195265134175,0.23446035981178284,0.09664441746533246,0.04395193857453694,0.004202646494749412,0.0026459831636470904,0.7,0.9888888888888889,0.024038839338211482,0.00378911743510337,2,0.20372236936030041,0.07954682831204203,0.3904649160369882,confidence,confidence,confidence,low
538,1,90,-0.0070905963579813635,0.007912992682590127,0.35123015766883037,1.4556761501332773,0.13384724756081898,0.005384333426801097,0.36186885469489627,0.005681817074486066,0.14450872871610854,0.1767116414176093,0.09076492397050091,0.04230835580856912,0.005529467478930607,0.003958751276581975,0.7888888888888889,0.8888888888888888,0.0054830168713636005,0.006937317903590001,4,0.09093566913205553,0.019004161391918736,0.20898237832223057,confidence,confidence,confidence,low
539,1,90,-0.02066096133655972,0.015505986059375539,0.06521372314027689,2.53715533294561,0.1418487913078732,0.008337538458005774,0.36122129923767515,0.004927506275589353,0.1271449433432685,0.1647397928767734,0.09302933793653143,0.06267081540685189,0.0038409982959013407,0.0019120422518947129,0.6666666666666666,0.5111111111111111,0.012545966611012375,0.006487147867084396,2,0.12284613556186633,0.008649796962611093,0.0704110594280403,confidence,confidence,confidence,low
540,1,90,-0.008446745740042793,0.00500645935360908,1.1087676945917797,0.5777193792616256,0.13411142826080322,0.0033817303711192676,0.3605645414855745,0.0025893322278404485,0.18195299439960055,0.19191729558838738,0.07439183090817886,0.015875086653700493,0.0014095784576871803,0.002477718341044501,0.9666666666666667,0.8444444444444444,0.0025454412729384976,0.0031574178094824243,4,0.05591974159308237,0.008861935293255787,0.1584731360993261,confidence,confidence,confidence,low
541,1,90,-0.007771774133046468,0.003277430559489774,0.21939848223016603,0.2181679816693648,0.13474797076649137,0.0007216017284712732,0.3544789797729916,0.0027101039551071246,0.16586059861712985,0.17601127293374802,0.09296305922325675,0.019453629710502005,0.0021486531357724223,0.0016954733053026613,0.8222222222222222,0.5222222222222223,0.0005948218857441955,0.003703261974144402,7,0.0366819726924193,0.0033951155054730356,0.09255290005912337,confidence,confidence,confidence,low
542,1,90,-0.008957254224353367,0.0014319658229234203,-0.12906535454915194,0.11053499637453208,0.13591822385787963,0.0010679906189406288,0.3480548808972041,0.0022528019205326896,0.16636534267001682,0.15807012187110053,0.05040207601541271,0.01268202407472544,0.0013451406997932896,0.0011500498719199423,0.6444444444444445,0.7222222222222222,0.00026289649466116195,0.001633002660912946,7,0.017951762662203448,0.0015569443209237802,0.08672449751712404,confidence,confidence,confidence,low
543,1,90,-0.004889584249920315,0.00213698717216348,0.20661522066183013,0.14525273354960888,0.13502340647909378,0.005935786262654952,0.3472385138273239,0.006895479037629822,0.19696938792864482,0.20041950941085815,0.07463936589017538,0.008501937348367933,0.0011683108908289682,0.0009846288991758579,0.9888888888888889,1.0,0.0048300078572985445,0.004497795380318481,2,0.07497058246749576,0.01184644178203101,0.15801242807122398,confidence,confidence,confidence,low
544,1,90,-0.017554880513085253,0.029855332367617615,-0.18389761651388573,0.912219890080755,0.2101264470981227,0.02910061808204243,0.5293727133009168,0.06514633281468682,0.28364400896761155,0.28621506326728396,0.12260698636910483,0.04707441573670593,0.012287824819162354,0.009646545412444139,0.7888888888888889,0.9666666666666667,0.05566851197878637,0.019756459557106313,1,0.32225422090852995,0.11816398255808051,0.36667825652270997,confidence,confidence,confidence,low
545,1,90,-0.012978463702731657,0.011824030786350583,-0.1946304626068803,0.6152847833663396,0.23427147335476345,0.005692713135913728,0.5786602258682251,0.007654867862896229,0.266184898548656,0.3119656297895643,0.27576499687233313,0.05675633385477411,0.008286260235882317,0.005021934352923181,0.8888888888888888,0.9666666666666667,0.006940603315969627,0.008435332949714956,1,0.1132482966393691,0.02922401310110254,0.2580502834747261,confidence,confidence,confidence,low
546,1,90,-0.01593854460451338,0.01780636307367517,0.4070381513970602,2.2587888027652023,0.2177853071027332,0.016785893856509068,0.5726359051134852,0.0070071808005922,0.17044880323939854,0.21555607583787706,0.16198214154564844,0.0971012329176964,0.008133991860322666,0.006275382579579216,0.8777777777777778,0.8555555555555555,0.028335999375347174,0.021621269459578547,1,0.18279367592225926,0.11337960168125684,0.6202565862994612,confidence,confidence,confidence,low
547,1,90,-0.01950693892108069,0.01788857302051891,1.1939771004808362,2.046873303281135,0.2343961015343666,0.015345428085162087,0.5938378481401337,0.021636805456178416,0.28660950462023416,0.25827013154824574,0.10208191855712533,0.0743603054766355,0.005508675080193382,0.006944814606498058,0.7333333333333333,0.9,0.034988775418335526,0.014450734765505336,1,0.19407308817618307,0.10096213772110875,0.520224717631825,confidence,confidence,confidence,low
548,1,90,-0.013729939195844866,0.012718114286384885,-0.009434936602496892,0.16173266428862682,0.23397695355945164,0.006985295509428685,0.5742083218362596,0.00630030725248758,0.29577136702007717,0.28797725372844274,0.11810044846831863,0.03531077037003866,0.0031188607218730763,0.003247813694559243,0.9333333333333333,0.9777777777777777,0.006774872145888494,0.003317378148769984,1,0.07090704027743054,0.008682501175672406,0.12244734365386171,confidence,confidence,confidence,low
549,1,90,-0.01335899531841278,0.005145759178328397,-0.3545653728208858,0.51579653932265,0.23186192280716367,0.0031654292672395326,0.5843414497044351,0.0068047832302622815,0.2969577193260193,0.2655162039730284,0.10484735321626815,0.007626351485395372,0.0014217974690743217,0.0017229492606143824,0.9555555555555556,1.0,0.022787407969722784,0.004033966166026343,2,0.1303015721335288,0.040214774883367874,0.30862610173310623,confidence,confidence,confidence,low
550,1,90,0.007039751940303364,0.025289060696792345,1.092295670160849,1.0373785562216813,0.2356231178674433,0.0097923285971124,0.569556476506922,0.010300406453382264,0.3235230137904485,0.3213708387480842,0.14367673261460306,0.048909042395394314,0.005156645511689067,0.00527798670509208,0.9,0.9666666666666667,0.03279678151062457,0.009892947331176901,2,0.28210606225135787,0.08733568531622488,0.3095834773480738,confidence,confidence,confidence,low
551,1,90,-0.021060861481560597,0.013765156301221722,-0.069258137502099,0.3103183658485578,0.2227809351351526,0.013361590855612572,0.551263713174396,0.003995613817578815,0.3366705384519365,0.32411117090119257,0.10322921698691888,0.013812562962884795,0.00321645312147795,0.0034252244333032723,0.7555555555555555,1.0,0.06186821332974097,0.006126409555361399,1,0.23560421535485895,0.11266552393071752,0.4781962222738801,confidence,confidence,confidence,low
552,1,90,-0.031201779842376712,0.005218660560604921,0.12308926531447781,0.7177240990841615,0.21863519201676052,0.012545089556047377,0.5477721058660083,0.005119116562413541,0.2840358277161916,0.26655008594195045,0.12072148429251946,0.04516992206963722,0.004356779514574885,0.003150088762001245,0.9444444444444444,0.9888888888888889,0.055018299388430614,0.0052171063613197476,1,0.16653515595136412,0.14242886472886315,0.8552428985478604,confidence,confidence,confidence,low
553,1,90,-0.00596939027309418,0.03173307685508319,0.47381350176663717,0.8196715192605464,0.22204365829626718,0.009915742421451892,0.556817523141702,0.014659273549054995,0.31496200859546664,0.3155463092856937,0.11722111790608215,0.027937632668004187,0.00490222991682076,0.0048915513914490946,0.8444444444444444,0.8666666666666667,0.037174454330812776,0.006751249815947061,1,0.16555853317715757,0.12331023762955308,0.7448090439926798,confidence,confidence,confidence,low
554,1,90,-0.002646592590543955,0.02247393964834238,-0.6070296662571125,0.8921568479455799,0.21795676267809339,0.016352439234635377,0.5241008695628908,0.03574645649073552,0.3132265912161933,0.31636922160784403,0.10900953991760456,0.027316899245699654,0.005649606978057248,0.00426108707014625,0.7888888888888889,0.8222222222222222,0.10223854443363423,0.005489779859287459,1,0.34158743610340314,0.26439570288517517,0.7740183066535052,confidence,confidence,confidence,low
555,1,90,-0.01882774068249597,0.008711817647675967,-1.5030447077238942,0.6394575293275547,0.197246335612403,0.005580902718934277,0.4936068861020936,0.013032948154723443,0.307792286740409,0.3055833879444334,0.1441033813839008,0.05425064214851195,0.0039743696410023625,0.004057708130929164,0.9333333333333333,0.9111111111111111,0.018426659208163568,0.00610064266354897,4,0.17287574574541176,0.06145466195341769,0.3554825242020657,confidence,confidence,confidence,low
556,1,90,-0.026207527849409325,0.0021951953345965094,-1.6885652449542419,0.3125025120195688,0.19953977912664414,0.0030560070660892833,0.5015831692351236,0.0038465499161861334,0.2881168163484997,0.2550934775008096,0.07212618267912618,0.007550685384531114,0.0017711693932494234,0.0018675685301983889,0.8333333333333334,1.0,0.0071278389316035105,0.0029351301668540356,1,0.05755784574649694,0.019647922631163398,0.3413536594826379,confidence,confidence,confidence,low
557,1,90,-0.01766001350349851,0.0068752308119400755,-3.162127975534207,0.8786172293280449,0.20151676767402224,0.0032751563775208006,0.4798021049963103,0.007922866531527082,0.10860864520072937,0.2355933040380478,0.21964364747834178,0.09261125433532845,0.007976796017069129,0.0036834992643210236,0.8888888888888888,0.9666666666666667,0.00926935755855631,0.004333712509976732,2,0.0991976648206211,0.0025077965345003,0.025280547263767075,confidence,confidence,confidence,low
558,1,90,-0.0344615833626853,0.008231979225566045,-1.6844298527354278,1.0036472444815834,0.19090748329957327,0.009741742761772249,0.48864925884538224,0.006950551140937638,0.22989576889408958,0.18473083641793991,0.08268276475518833,0.016362126165875394,0.003835920396750179,0.004837296805121894,0.7111111111111111,0.9222222222222223,0.016779857473576167,0.003328747897638356,3,0.15640002944639128,0.04000987327808682,0.255815920264136,confidence,confidence,confidence,low
559,1,90,-0.03571456008487279,0.008069154771786009,-2.5861718540578953,0.4793167810596402,0.18623498446411557,0.004616317238457798,0.47706267337004343,0.010108306356757303,0.3083598709768719,0.2831573767794503,0.14055259818275412,0.04388023043626029,0.0035001026274256424,0.0032900233202539124,0.8333333333333334,0.9777777777777777,0.021284513009636838,0.008045257130580654,2,0.15214544040102354,0.024154057915570543,0.15875532711712426,confidence,confidence,confidence,low
560,1,90,-0.042325610915819795,0.0028769628024130525,-2.3361092259485545,0.16563940214362774,0.18709680951303906,0.0018867799410272963,0.47901729527446957,0.00794916578064336,0.2623295740948783,0.24610029856363932,0.11687549089331238,0.028495749555555564,0.0035854776701999204,0.0034785851782705105,0.7555555555555555,0.9777777777777777,0.001885499370759434,0.007378334469721808,1,0.06054762564575888,0.005809410897998632,0.09594620581459146,confidence,confidence,confidence,low
561,1,90,-0.02988738086488512,0.0012620812985455548,-1.9983117694349923,0.06819722574011143,0.18705316450860765,0.0012831952645966083,0.48640233245160847,0.0010352556156890903,0.2998926212390264,0.2728954795334074,0.07227059188177959,0.008176904183131673,0.0006267575455088998,0.001135053503074921,0.9555555555555556,0.6222222222222222,0.0007624295285630917,0.0013035026188889026,6,0.026427739185319217,0.005819325730317165,0.22018930564609437,confidence,confidence,confidence,low
562,1,90,-0.01456393665737576,0.004816063338209017,-1.555057383596735,0.26036811408283295,0.18587680492136213,0.0025211403782365812,0.48456313808759055,0.003919540372839319,0.2726661033100552,0.28156444297896494,0.10736473443548172,0.03217917395390351,0.002879341963733439,0.0022161179947589624,0.9444444444444444,1.0,0.0015454052130348778,0.004036444106881079,5,0.05388864943673146,0.00927769998309252,0.172161075087061,confidence,confidence,confidence,low
563,1,90,-0.0168181449174881,0.006157344511055945,-1.1334841335662824,0.2243466335151294,0.19266064200136396,0.005261314611680472,0.4926016206542651,0.005039036375349242,0.2958074258433448,0.264365487297376,0.08926371054929165,0.015100877730217207,0.002107098350426699,0.0017983377457342347,0.7666666666666667,1.0,0.015694476480461853,0.004801942698186657,1,0.08243032843232131,0.030178742930837756,0.36610768629812196,confidence,confidence,confidence,low
564,1,90,-0.011060811744795911,0.0231662109682141,-1.3305177055815058,1.7506581138362318,0.1414998119076093,0.016688759812139645,0.4099042496747441,0.03146177534735207,0.24217021067937214,0.2556129491991467,0.04861839041403921,0.021917118433598407,0.004881366944852229,0.01216564690976544,0.6888888888888889,0.24444444444444444,0.11542730199928611,0.02226036129678065,1,0.44835709167973864,0.3815602341151986,0.851016723453597,confidence,confidence,confidence,low
565,1,90,0.004581256707509359,0.008759914293228548,0.9664613658620534,0.8212558324979308,0.13973607420921325,0.008622003280591598,0.3532963964674208,0.008473659149779034,0.1891962899102105,0.18919777472813923,0.07223475318220585,0.025356634477096438,0.0045135993776805146,0.003464598156044907,0.36666666666666664,0.4888888888888889,0.034436454966007876,0.004123241502158831,1,0.1981884265086881,0.05721203838643012,0.2886735150016799,confidence,confidence,confidence,low
566,1,90,0.0011114236381318803,0.017292047773617442,-1.1785226810377116,0.6623627843574562,0.15713925775554444,0.01298520218868344,0.38480162140395907,0.022122270863300972,0.2241353044907252,0.2269074194961124,0.053929282709976614,0.012797219863430619,0.005137869783406949,0.004169392779899701,0.5444444444444444,0.8111111111111111,0.10288151721636499,0.00865280019325543,1,0.31825955599858335,0.26677048322957153,0.8382140928288927,confidence,confidence,confidence,low
567,1,90,-0.011948354707823869,0.01743173063953639,-0.2865054349936722,0.8138035547265466,0.13910673773951002,0.016167076966473553,0.39181668642494416,0.01663143544229505,0.22370968692832524,0.20757918225394356,0.04237330931539928,0.023489276849754975,0.005053762529448785,0.007430174160970205,0.9888888888888889,0.7222222222222222,0.09997755273269224,0.015144484394329373,1,0.38148118319264984,0.3290549898209168,0.8625697458975243,confidence,confidence,confidence,low
568,1,90,0.009424908955891927,0.013094337198402636,0.764611050965813,0.9655256220924984,0.13962627881103093,0.004670512390822595,0.3554075522555245,0.008073487582572968,0.18215129375457764,0.18695342871877882,0.06318011434296104,0.019960127120476828,0.004649711056542602,0.003629192681772572,0.36666666666666664,0.8666666666666667,0.04930896765625024,0.006411333879260196,2,0.2817541160108345,0.05654612109084414,0.20069243778583154,confidence,confidence,confidence,low
569,1,90,-0.009080005685488389,0.019067066406920193,-2.226035177317907,0.8157623597951948,0.15425299588176938,0.011410559725904717,0.3900193673041132,0.009755640395440105,0.21790302064683703,0.21845489773485396,0.08855224038911529,0.05620245332729142,0.006588200720264847,0.0038304014997262163,0.7222222222222222,0.9555555555555556,0.09293537651171836,0.006093970713192319,1,0.3746137070697743,0.22804674607981618,0.6087501151879258,confidence,confidence,confidence,low
570,1,90,-0.0019069641828537013,0.018179759685841776,1.4414271738807776,0.9602428853855246,0.13987889140844345,0.011966250879281584,0.3928705064786805,0.012705451009697829,0.14546529551347095,0.15713835888438754,0.058171362362791634,0.03626814661538224,0.006698280820521442,0.015112126318204407,0.6777777777777778,0.5555555555555556,0.09159282378967112,0.012392352605163137,1,0.3792133514861844,0.3335841978867592,0.8796718704853985,confidence,confidence,confidence,low
571,1,90,0.018584211667378742,0.017143111521715448,2.0096502586563867,1.0010621784989189,0.1400072541501787,0.006719817234990875,0.362158434258567,0.008316233812264708,0.16594103773434957,0.1745580640104082,0.05477884849903541,0.025262717058366524,0.005707530748851154,0.003817348213312752,0.5222222222222223,0.5777777777777777,0.05041664284512227,0.00574109548240336,1,0.2565582313035408,0.11332242696650219,0.44170083606318566,confidence,confidence,confidence,low
572,1,90,-0.012635722094111967,0.02287535654770518,-1.1353886744473152,1.062535586808085,0.1804122019145224,0.008420300604466925,0.4328443813655112,0.020834540849864674,0.24050697684288025,0.2892334716187583,0.11617717680204244,0.05134431890643605,0.0038179024517634415,0.008668742050514832,0.8,0.6222222222222222,0.09604993852778798,0.013288933531167373,1,0.316422853245899,0.23288780409061766,0.7359995199528656,confidence,confidence,confidence,low
573,1,90,-0.023429248068067773,0.008970449406635743,0.7675735909114973,0.8070082298260373,0.14559733900758956,0.018322087733830428,0.4151408400800493,0.014858559740572689,0.22707700894938576,0.24457713928487565,0.06184543059998874,0.03817128080877829,0.005006175779173847,0.008447153589714112,1.0,0.6555555555555556,0.08610977862407637,0.01135311712452634,1,0.35121962946773855,0.3198227262018944,0.9106034764716797,confidence,confidence,confidence,low
574,1,90,0.014829897218280371,0.011509020737391086,1.3773473451831861,0.5448245172223407,0.14955699808067746,0.009808222280383133,0.37948278453614975,0.005658502104997288,0.18771528104941052,0.20534936090310416,0.08251109057941755,0.01586920182975601,0.006828973350133617,0.0037033031245026896,0.6777777777777778,0.9333333333333333,0.04534573117807807,0.003141246255738679,2,0.2726574342870339,0.03252820598869012,0.11930020090428203,confidence,confidence,confidence,low
575,1,90,0.011788005299038368,0.023768267031019773,-1.0206366192706557,1.1388282117571025,0.164306112130483,0.01961870268912274,0.4196374899811215,0.026287410096151022,0.22844378683302138,0.23616786003112794,0.060054223081320655,0.03813665875999289,0.0075893437353043765,0.003831802211088821,0.6,0.9777777777777777,0.13217210891943493,0.012210297447255271,1,0.44266853518198324,0.39766207217217137,0.8983271731330933,confidence,confidence,confidence,low
576,1,90,-0.03349748253822326,0.009492056763606963,-2.4619124600248763,1.1507299893802887,0.17612453434202407,0.009117279776306978,0.46191102597448563,0.013663238202675792,0.29352887471516925,0.2606680393218994,0.08638303892389182,0.0386568068727821,0.00450601701847404,0.00559831096608083,0.9777777777777777,0.36666666666666664,0.042269544898890954,0.008317023348483886,3,0.30115009998390224,0.15531574786503144,0.5157402641841047,confidence,confidence,confidence,low
577,1,90,0.0013514531983269567,0.01747383096191581,0.8356020003923471,1.2511478442864443,0.14681835605038537,0.009889073344708023,0.4056331263648139,0.018819061855662875,0.22047295139895545,0.23681631982326506,0.05151322846063719,0.024004815174718912,0.0032965120804255292,0.007175366909591203,0.8222222222222222,0.7666666666666667,0.1211870699543243,0.008343506958006404,1,0.4072285956986974,0.3379699745665146,0.8299248830052449,confidence,confidence,confidence,low
578,1,90,0.020268525017632388,0.009897283148675915,1.0684403009453405,0.9411430780130015,0.14878981312115988,0.005001580435915588,0.38184172213077544,0.010351999978533602,0.21639467775821686,0.23823332223627303,0.08736126825264466,0.03337540718449501,0.008330984515305302,0.0045694898508267,0.5111111111111111,0.8333333333333334,0.07344432967275061,0.004507420182390507,1,0.2596379479688139,0.22307210395921437,0.8591627169357053,confidence,confidence,confidence,low
579,1,90,-0.029703910483254325,0.02637026122807719,-1.5853497159080674,0.9955093883501851,0.21456389096048142,0.02321203744873244,0.5215209298663669,0.05766191886046126,0.3413373414013121,0.3135700871547063,0.10941795605107472,0.038334419267924615,0.006058435185714037,0.005601200796324554,0.8333333333333334,0.9222222222222223,0.10071413307102317,0.023418375258367867,2,0.4691298560121681,0.16966957707531624,0.361667911843589,confidence,confidence,confidence,low
580,1,90,-0.006274080276489253,0.009202499517041982,-1.0239920542078,0.9921551753895966,0.17684716615411972,0.010164797541048372,0.417340311076906,0.018710154254595907,0.3874446647034751,0.3446009566386541,0.18392004064984033,0.055010869211579154,0.004905763906366152,0.004340690767904997,0.5222222222222223,0.9777777777777777,0.0430770240802922,0.013708331377849957,1,0.23747338992589428,0.0791202407442324,0.3331737825241808,confidence,confidence,confidence,low
581,1,90,-0.009975182347827492,0.00413369906947046,-0.7894818576743443,0.6498590419267425,0.1669802145825492,0.009257750650849671,0.38420047693782383,0.012457932034560892,0.37162889109717473,0.3686048997773064,0.18895211566366976,0.007332595048168529,0.002499006491625618,0.002069210422640095,1.0,1.0,0.05553063730818242,0.005097718386821558,1,0.17812984210598878,0.1333035505517426,0.7483462660128575,confidence,confidence,confidence,low
582,1,90,-0.00436393486128913,0.008874122923904108,-0.12255519259711,0.9013068441822544,0.1473958260483212,0.004536179569089439,0.3578977237145106,0.006466064333561493,0.3631986459096273,0.35071178409788345,0.18365570478826398,0.00652587210705079,0.0019302576440825016,0.0026756763554054027,1.0,1.0,0.035625910520499515,0.005273458185808509,1,0.18014984414296428,0.1069860524803323,0.5938692820968977,confidence,confidence,confidence,low
583,1,90,-0.012589676512612237,0.002108752374781816,-0.3939858817417501,0.4380680234291318,0.14245677126778497,0.0034274617192383565,0.3418518715434604,0.0032508681459824046,0.35757713582780626,0.34095098574956256,0.18042039346442199,0.0013958277282207603,0.00062101043496747,0.0007823337196885577,1.0,1.0,0.010269720084855716,0.005690227816341184,1,0.05275222438526143,0.022012864055554804,0.41727997315942106,confidence,confidence,confidence,low
584,1,90,-0.010857765542136298,0.0068434311153241405,-0.04181456098865777,0.7758496913243058,0.1452369511127472,0.004222751296143945,0.34380695422490437,0.007827599865524117,0.3630507204267714,0.34295345213678147,0.18106931021680303,0.006005551527486981,0.0020244251044147527,0.0017488630559047275,1.0,1.0,0.03832912733552169,0.004186517958655203,1,0.1430785011376024,0.0845910189382048,0.5912168987565307,confidence,confidence,confidence,low
585,1,90,-0.009068906638357379,0.02009961082516526,0.021229785530071963,2.1029716698811325,0.14345633867714142,0.0123552597835865,0.3521016827887959,0.004327496470423571,0.37768866585360633,0.3344670573870341,0.14115527656483776,0.049154272755701146,0.004518461371054686,0.007169442084242639,0.8888888888888888,0.7111111111111111,0.0905327840231203,0.00970249084228415,1,0.3786026911208235,0.2925980534859639,0.7728346562595644,confidence,confidence,confidence,low
586,1,90,0.020929861399862505,0.011717955624019822,-0.7663635251853509,1.0987290080674703,0.15333431843254303,0.018300908164193764,0.37922005868620345,0.0249003856571312,0.3475404679775238,0.4002292603254318,0.1417754380975342,0.06614649106866809,0.014559555559275997,0.008678408124283507,0.4111111111111111,0.6888888888888889,0.1049857953925727,0.01297393468289162,1,0.5007494758270639,0.3889894728311985,0.7768129869247244,confidence,confidence,confidence,low
587,1,90,-0.019823547204335535,0.009641106141335933,-0.7457989401777739,0.7902201626250703,0.14848782850636377,0.03085927557344666,0.4071675651603275,0.019111699285778015,0.43334454860952165,0.3614097949531343,0.1254093769494675,0.07453041761917285,0.006372147141388621,0.010403692559123877,0.7888888888888889,0.4444444444444444,0.08338503772374946,0.01760255027003213,1,0.3628981428440824,0.23395871598977974,0.644693492952941,confidence,confidence,confidence,low
588,1,90,0.00940856834252675,0.021456878614665744,-0.26749251997048745,0.6519510322017513,0.14171238525046242,0.013181913991244933,0.35715955313709047,0.018688894668448346,0.3429586526420381,0.3669032315413157,0.15327752325830107,0.04731375974314497,0.005172906112352933,0.005975853176008778,0.8777777777777778,0.7555555555555555,0.050317017820720136,0.009231790406151729,2,0.36014339689773284,0.048170990428196316,0.13375465741835496,confidence,confidence,confidence,low
589,1,90,-0.008189767267968912,0.028801053058650602,-1.7318032146863889,1.0497971458861033,0.18134153485298157,0.026481421275065774,0.43256622436973785,0.0471423688612085,0.33001804616716174,0.3522720863421758,0.1764403832185894,0.048200579881100075,0.009497712904520726,0.006178553299507532,0.5888888888888889,0.8555555555555555,0.0479299187550797,0.012991173540037676,3,0.336841161519611,0.206514292015603,0.6130892020284691,confidence,confidence,confidence,low
590,1,90,-0.02699105805820889,0.019641348920057766,-0.702114422740707,1.0860858732244592,0.22413354731268353,0.0054009626137997225,0.6112969600492053,0.029736593546198297,0.3271045029163361,0.3108296453952789,0.10925302423063273,0.021487424283726138,0.004162113707011281,0.008318640764637742,0.9888888888888889,0.7222222222222222,0.1405493436555774,0.009394865894560081,1,0.40871075219524633,0.2955838532715168,0.7232085979517247,confidence,confidence,confidence,low
591,1,90,-0.02015722029738956,0.025527461805654315,-0.9826589010452745,0.9452631095536406,0.2148335693611039,0.01981882841582938,0.5310247614979744,0.048871409173108254,0.2843880040778054,0.2602046502961053,0.09612122680846195,0.01952827738704828,0.005045392281682478,0.005279392235274182,0.9666666666666667,0.8777777777777778,0.08881278670769599,0.0118955821113693,2,0.41573061263790556,0.18107463016240372,0.43555655778363034,confidence,confidence,confidence,low
592,1,90,-0.02422888908121322,0.011583133171194741,-1.9693261801785211,0.9065984699265014,0.1718441077404552,0.0034346429154957603,0.42370368788639706,0.01098498328659813,0.25236545867390103,0.23833464284737904,0.10702161549774153,0.03586858257378223,0.004346724921715541,0.0031633480868836577,0.9888888888888889,0.8222222222222222,0.06806595786125239,0.007323242157482885,1,0.2518428363596423,0.14178034503642817,0.5629692871814446,confidence,confidence,confidence,low
593,1,90,-0.011754912137985227,0.020825189978619877,1.0471225279680778,1.1546767724821305,0.15994934505886502,0.006805300466537734,0.4198530779944526,0.013046439964743839,0.24497935904396906,0.2450742608971066,0.05570114496804976,0.01777409085635727,0.003967577135201866,0.005623332157155822,0.8222222222222222,0.4666666666666667,0.09961823118900295,0.010324511575351454,1,0.4029418519149244,0.37045046400325005,0.919362292302099,confidence,confidence,confidence,low
594,1,90,0.016350347134802098,0.012225054506436892,0.25706333068460807,0.729963465991124,0.15926952643526926,0.010533232587775361,0.4056637302041054,0.004427015342881238,0.2129955463939243,0.21388626992702484,0.06703849061404737,0.01603443647551126,0.007604202561286563,0.002786678885661782,0.4777777777777778,1.0,0.07899840044035379,0.007795392591278984,1,0.2607632767550977,0.22352176676905025,0.8571794018356873,confidence,confidence,confidence,low
595,1,90,-0.04902685350841946,0.029394453361268977,-1.5072880189909938,0.6021891544096459,0.20843194425106049,0.01181123425872294,0.5538507954941856,0.06728058975542768,0.3580160074763828,0.3255704707569546,0.10448929882221668,0.04993279987001306,0.003236763342555829,0.005794840847129453,0.6777777777777778,0.5777777777777777,0.08169880519577659,0.02699006163795981,1,0.3666523011244421,0.18161713518842326,0.49533751538972903,confidence,confidence,confidence,low
596,1,90,-0.0161479522784551,0.025005176747470208,0.21249742261461632,0.7804406618880708,0.23248743227579527,0.031012434817975602,0.6152689243356387,0.05593335888187579,0.41543875005510117,0.39834654563003113,0.1347046308573685,0.0808438989013429,0.006494705219199913,0.007860159010269176,0.9666666666666667,0.5888888888888889,0.10316405521344113,0.013735613777829636,1,0.5122608870388072,0.46307024914989686,0.9039717005431173,confidence,confidence,confidence,low
597,1,90,0.03382743928167556,0.021306628554099205,0.042338716211747895,0.7206067090670016,0.2235227930566503,0.03162829132558947,0.5808685385518604,0.06725060547102502,0.3902614245812098,0.4105187969075309,0.17640774198487386,0.060928840637094195,0.005933010607031257,0.004963256298645044,0.5666666666666667,0.7777777777777778,0.052990898256076766,0.01764938242505065,1,0.29695790031056113,0.14290146571291618,0.48121630826174633,confidence,confidence,confidence,low
598,1,90,0.01313330796029833,0.02524163797668305,-1.6275930930190416,1.2078752569867026,0.20293657870756254,0.02581684106332482,0.5654245843489965,0.03867405639356106,0.06054218063751857,0.3653552813662423,0.332643157109063,0.14912703348521408,0.014141840572052049,0.005506025516726656,0.8222222222222222,0.9888888888888889,0.09457374186606027,0.005309122020002711,1,0.3230806444929848,0.2838830415572449,0.8786727639781127,confidence,confidence,confidence,low
599,1,90,-0.03897007803122202,0.005077683224119244,-2.0065003084933517,0.5903544973928625,0.19747133205334347,0.00857155932661262,0.5364601769381099,0.013401799676202353,0.32120221356550854,0.2665641003184848,0.10337615290843087,0.00873057599473544,0.0013200877942543062,0.002784928331273602,0.8777777777777778,0.36666666666666664,0.011247504781352845,0.004364200143134144,1,0.09659926419598822,0.04834967878488227,0.5005129042586016,confidence,confidence,confidence,low
600,1,90,-0.040124726626608105,0.014767051720911993,-0.41650410671347815,0.8492655496883961,0.1871665860215823,0.014764768165182154,0.5027014707525571,0.04408230898969955,0.3247498720884323,0.294382945034239,0.13842509035620953,0.04684392837017581,0.00523947803310269,0.005918900242872415,0.9222222222222223,0.8222222222222222,0.12422089536455953,0.015781127134742126,1,0.38027006760358084,0.2714537321371442,0.7138427171117976,confidence,confidence,confidence,low
601,1,90,0.012944171494907808,0.01323711272937982,0.8386954852385663,1.437997248772408,0.15512629300355912,0.005401180791938138,0.39414913604656854,0.027851640771318197,0.2886335041787889,0.29599118530750274,0.10831559881199967,0.059962833237475026,0.0058642752535960335,0.0047776194299462525,0.7111111111111111,0.9888888888888889,0.0418686618238526,0.011307435430852785,2,0.2701176230954768,0.048308523486446056,0.1788418841057501,confidence,confidence,confidence,low
602,1,90,-0.01817932923634847,0.007332467863850491,0.5458639644056572,0.3183046931686508,0.1405371020237605,0.0021914980136267448,0.3507241563664542,0.004205538377927679,0.3586175070868598,0.33737946218914455,0.18118573125684595,0.0019813729119567856,0.0005049318814583776,0.00034688833594593915,1.0,1.0,0.0021443165308010293,0.002234352076152116,5,0.028182117599620804,0.0059175164679718725,0.20996670957550456,confidence,confidence,confidence,low
603,1,90,-0.01894095672501458,0.0012830722771754292,0.07451880944871857,0.08241729348854886,0.14285072253810036,0.0011275160435326244,0.3400258196724786,0.002004832309040908,0.3504560755358802,0.33510606156455147,0.17879007881873715,0.0001488743136494306,0.00011714836761865405,0.00011190502405504831,1.0,1.0,0.0004202761321479391,0.0017067398337336087,2,0.014449574502941756,0.0018811815059092932,0.13018039563245976,confidence,confidence,confidence,low
604,1,90,-0.014865018592940437,0.006018199290871035,-0.8676305226721858,1.1131409689264185,0.15532088196939892,0.01342315548916065,0.36416868219772974,0.020670299720858147,0.37991286516189576,0.3631258093648487,0.19694539325739172,0.01900038368037048,0.0035140021831911753,0.0028203080930997034,0.8666666666666667,0.7666666666666667,0.0859081499335439,0.00604288971623281,1,0.24409697380034115,0.22828362159807117,0.9352130951516817,confidence,confidence,confidence,low
605,1,90,-0.022612945569886113,0.009198053240690127,-2.5423792262565734,0.5263822473663944,0.16965938127703137,0.0037388341227914445,0.3957977518439293,0.01431310261108555,0.4226472371154361,0.3829766078127755,0.22206880548628286,0.00893162656131722,0.0013602087079221212,0.0033623774982016598,0.8111111111111111,0.8666666666666667,0.018708324321589573,0.004958594480840915,1,0.1117524852983344,0.06703336689476079,0.5998324501093647,confidence,confidence,confidence,low
606,1,90,-0.023305631346172757,0.0012102671661882735,-1.9643856038471983,0.31281715536077387,0.16522389948368071,0.0013029239281539089,0.386158185535007,0.0012986900557041526,0.4185468918747372,0.37620889875623914,0.22243000967352025,0.0010174895610224723,0.0002888060910995801,0.000222604055790142,0.7888888888888889,1.0,0.0017579845299409112,0.0014837040142225227,3,0.023285203339831168,0.004709366004766441,0.2022384643833736,confidence,confidence,confidence,low
607,1,90,-0.024997141295009198,0.009259168211965305,-1.1787173318056066,0.8253070886227989,0.15201177216238446,0.025423827342426993,0.39297786239120697,0.006359960446670318,0.4188440352678299,0.34707670940293206,0.1686508193751334,0.05568712131716772,0.004495238830858596,0.006529147065908646,0.9777777777777777,0.5666666666666667,0.0809271423865355,0.008143096538016703,1,0.27752575278517444,0.23192003527951147,0.8356673111764262,confidence,confidence,confidence,low
608,1,90,-0.004731500148773193,0.011790122217099245,0.10626506040046362,1.2307117911487,0.13736356099446614,0.007703366949704179,0.3602124591668447,0.018133486528221686,0.27574631373087566,0.2825871706008911,0.05997914638460937,0.02563128784801079,0.004741349416259961,0.006683482523831825,0.8111111111111111,0.8333333333333334,0.07009869672158597,0.004776988743385607,1,0.34499815166829717,0.15383197770994372,0.4458908868791857,confidence,confidence,confidence,low
609,1,90,0.006299230125215324,0.023075811691911093,0.16412362079291867,1.0974398352707586,0.17654227101140552,0.03090113402381577,0.4095887111292945,0.060178087375105604,0.26268147693739996,0.29408942461013793,0.11952366513752168,0.04698847174314548,0.008018582544464749,0.004461498828157702,0.6888888888888889,1.0,0.07754396224488568,0.02033156540528427,1,0.3487954543959211,0.27499690854725006,0.7884165824549906,confidence,confidence,confidence,low
610,2,90,0.00911972379045826,0.017720467163051833,0.17213278986646258,0.8957664976907189,0.24933829751171288,0.058708134362546884,0.5784683167668325,0.11028403119650013,0.5930317313011203,0.5580764588500772,0.3100255401352841,0.06524713002176338,0.008201847404179383,0.014478534239827824,0.14444444444444443,0.26666666666666666,0.05816670245673765,0.032356169807195065,1,0.2894883649840889,0.13316499711288748,0.4599996173268976,confidence,confidence,confidence,confidence
611,2,90,-0.0012478172779083246,0.013728472083589965,0.4214628122779359,0.9034701865929441,0.1630192604329851,0.005626926960032191,0.4274143980609046,0.01030825460960938,0.2854106224245495,0.2996805465883679,0.12668916940136074,0.07037629993707219,0.005664129644326282,0.005347359980850611,0.8555555555555555,0.6666666666666666,0.03591154739052032,0.01292602604589335,1,0.24503392858073894,0.033192436790599286,0.13546002189505155,confidence,confidence,confidence,confidence
612,2,90,-0.017894505461057027,0.013674341524545964,-0.24304058575593968,0.45637136873882417,0.17081666472885343,0.007332508533235026,0.42329656696981854,0.008949521611164668,0.18446054193708633,0.20059846076700422,0.09453427602651553,0.05822033696871975,0.0034832027628346205,0.0032881191915244985,0.8888888888888888,0.9222222222222223,0.031768622479703655,0.004692676752148072,1,0.11913460544353315,0.07102357312545157,0.5961574028271062,confidence,confidence,confidence,confidence
613,2,90,-0.003740342789226107,0.009925468778756656,1.1666267415359184,0.7471618582105666,0.1673596433467335,0.002007921665791838,0.42305153194401,0.00590658566891019,0.19844009810023838,0.19181968337959712,0.12556857534304655,0.060172092101931675,0.004391779797547799,0.0041643842752850544,0.7666666666666667,0.7333333333333333,0.025956711339775725,0.0050512112425740475,1,0.14157224862911696,0.08230823030327075,0.5813826489133954,confidence,confidence,confidence,confidence
614,2,90,-0.005471442474259276,0.005573001814781273,0.3389773086110878,0.34498675858379746,0.1706634771492746,0.0016003142685358583,0.42131464497910603,0.003114920065533655,0.20636170075999366,0.21386707954936557,0.07471623815516831,0.04304308693346257,0.002556410925643574,0.0011508430051710935,0.7888888888888889,0.8111111111111111,0.004900481170787482,0.003952989255925067,3,0.06673151219138419,0.014811439649344935,0.2219523761800958,confidence,confidence,confidence,confidence
615,2,90,-0.018866491980022854,0.0027972206240875616,-0.7957458682307498,0.5632974572726879,0.16760427587562138,0.0014667178866875558,0.42218359145853257,0.0033453483175985,0.22816154857476553,0.21781418290403154,0.07102250601992846,0.008475121822661878,0.0014947784846740203,0.001454806770008865,0.9333333333333333,0.9444444444444444,0.017555468171630357,0.0028656044284725447,2,0.1312660325469185,0.024116290108760867,0.18371932114897954,confidence,confidence,confidence,confidence
616,2,90,-0.011948361992835999,0.004739520359684425,-0.22326980319183537,0.284819490617191,0.16671445618073147,0.001008945385911144,0.42412570003006195,0.003256308560075743,0.2236648698647817,0.1992334289683236,0.07820752785946677,0.03532669351416485,0.001469427008713286,0.0032309292799485054,0.8444444444444444,0.8555555555555555,0.0050544890786921575,0.0020172345633264126,2,0.051318584329886,0.01473407577021951,0.2871043474457588,confidence,confidence,confidence,confidence
617,2,90,-0.0072571102115842985,0.0007626520060857148,-0.4675553121012632,0.54351212848841,0.1643014830019739,0.002564334156345704,0.4220765337347984,0.0019305708860046214,0.2017148925198449,0.2228383113940557,0.11557527559487402,0.04781225743063284,0.0033060696304941513,0.0014182868020566934,0.9666666666666667,0.9444444444444444,0.0016050007817359103,0.0020510474915577262,1,0.03930700652965387,0.0032164241199114417,0.08182618259933835,confidence,confidence,confidence,confidence
618,2,90,-0.020404998792542352,0.013792597116887526,-0.35076496307446864,0.4226268167317629,0.1566617652773857,0.005129874485738055,0.4240529740850131,0.003192889160937684,0.195504563053449,0.1964084439807468,0.08195547166660615,0.03582800225350512,0.004368267537434969,0.004429573240523243,0.9444444444444444,0.7555555555555555,0.0016583349435977672,0.0025336392836987085,3,0.03945346461076791,0.007175054016660431,0.18185658042619127,confidence,confidence,confidence,confidence
619,2,90,-0.01271507375770145,0.005235025833101531,-0.4512503425909618,0.2604053362625562,0.15661623229583105,0.0012546671994794801,0.42163437687688404,0.002238590105509083,0.24327301879723867,0.23120593428611755,0.06316227053586605,0.02892131677840252,0.002832544610636376,0.0014098275323448897,0.6333333333333333,0.7,0.004936386453000787,0.002439712479040566,1,0.04118884455309856,0.009651674980212995,0.23432171412472433,confidence,confidence,confidence,confidence
620,2,90,0.01695476108127171,0.005225855244304576,0.5334631772064894,1.1524128694266338,0.15260869993103876,0.00660277718096061,0.4105213638808992,0.014971655491265626,0.11969568530718486,0.2338564521736569,0.15424128046757513,0.07809543171326037,0.007047758011351538,0.002688643071476587,0.7555555555555555,1.0,0.017890780100525795,0.005879148477321147,3,0.1734140828849775,0.08153385537444087,0.47016588187153546,confidence,confidence,confidence,confidence
621,2,90,0.0186791906754176,0.015772890697606682,0.11582688262037878,0.514066301175889,0.15275330361392764,0.005370970444915679,0.3967842862010002,0.0049404379357834765,0.19303602510028414,0.21817824145158132,0.07502027875731185,0.024226339314952248,0.006844222255012535,0.0023957795113374518,0.4888888888888889,0.9333333333333333,0.02589246422130954,0.005363255544970195,1,0.14075790675221994,0.06438835554156293,0.4574371670483825,confidence,confidence,confidence,confidence
622,2,90,-0.0063576512866550024,0.0035535429511177473,-0.025910846288705627,0.40582493962174343,0.15194671253363293,0.0021474527690590445,0.38484822611014047,0.002961245247154221,0.1984557416703966,0.21561673217349583,0.09036627153325995,0.037174167647484144,0.002846981378093537,0.0026699365532387317,0.6111111111111112,0.5666666666666667,0.012242020516043872,0.005482690003953236,2,0.09902111555899148,0.00779171290605309,0.07868659301074264,confidence,confidence,confidence,confidence
623,2,90,-0.0018052266703711616,0.002178369444630297,0.39857769890943523,0.4257976333882198,0.1470347371366289,0.00312450385694087,0.38007154431607987,0.0032303750384495246,0.2054921249548594,0.21975711915228102,0.07818783514017814,0.01595952911022627,0.0018658142972125251,0.0017685821313511776,0.5,0.9333333333333333,0.013513523303669317,0.0018205621223819231,2,0.08489393937639998,0.010043432155032192,0.11830425027459497,confidence,confidence,confidence,confidence
624,2,90,-0.007664942410257147,0.00372311756859107,0.7566839654707167,0.20998394240364326,0.14998533907863829,0.0032747362986207096,0.3843168323238691,0.002598827317071353,0.17097615500291188,0.19846277170711094,0.08771124973038211,0.034255094713518064,0.002435101152163571,0.0015159493005524349,0.8333333333333334,0.8888888888888888,0.005370635696178766,0.0033479698999269824,2,0.06244759359059781,0.007773782604142631,0.12448290917656539,confidence,confidence,confidence,confidence
625,2,90,-0.006395667791366582,0.0015699545627409948,0.07894381975709788,0.15632163648117506,0.15370846192042034,0.0008906953186851131,0.3813657548692491,0.0012789548439027785,0.18564853999349806,0.19050630397266813,0.04774131620638847,0.004446653578833755,0.0007743369839843475,0.0008229892744040659,0.8666666666666667,0.9888888888888889,0.002786199969340051,0.0024145431036738255,2,0.03291700446330215,0.0026875285346199536,0.08164311836144503,confidence,confidence,confidence,confidence
626,2,90,-0.0012120442257987142,0.013575356013462913,0.5431532583899151,0.3446772580983305,0.1492530142267545,0.0021540504356088994,0.3847928446200159,0.003679459504546813,0.18621572686566246,0.1911598477098677,0.07099135216373881,0.02254184621957742,0.004544358623396155,0.004232991219682573,0.8888888888888888,0.5111111111111111,0.0022447323297001653,0.0035545878691899853,4,0.0673378695308334,0.007716776402799244,0.11459616795713885,confidence,confidence,confidence,confidence
627,2,90,0.017564070224761984,0.005696478424511601,0.43924134003085885,0.2721122659958878,0.1452694704135259,0.0022772333115834275,0.3860432224141227,0.004065957588341316,0.19896658261617026,0.21071623298856948,0.09683651855644902,0.02505128659794122,0.0024638028809457536,0.0011228634456175116,0.5666666666666667,1.0,0.0022297560573117507,0.0037302676219098207,4,0.045598871838133125,0.010801125879222407,0.23686746132891343,confidence,confidence,confidence,confidence
628,2,90,0.005765892399681954,0.004752655316918446,0.42106267291129573,0.702171985330646,0.15822771257824367,0.004077950532360705,0.3903776102595859,0.004854550596481533,0.2065918783346812,0.2233229014608595,0.1025611660004417,0.020202843050204908,0.0018413410069558636,0.0013034230040967778,0.5,0.9888888888888889,0.010990746702349286,0.0034148465768715705,2,0.09638289942125114,0.007644543311877965,0.07931348864053597,confidence,confidence,confidence,confidence
629,2,90,-0.007159406940142318,0.0038879188522858038,-0.08526083860262194,0.3574763261166487,0.15639808691210216,0.004256067717754794,0.3820617319809066,0.0034895055691161305,0.22819379534986284,0.21942942937215168,0.061093249056393614,0.005837496186556486,0.0009320044489212879,0.0009541316772701781,0.5666666666666667,0.9111111111111111,0.011181035402031818,0.0029720836646962173,1,0.07095639985871015,0.03678054228920614,0.5183468160113431,confidence,confidence,confidence,confidence
630,2,90,-0.010752132534980797,0.003157661993505345,-0.8192335749095109,0.5140896555708211,0.15742296626170477,0.0034846965730409647,0.3821682756145795,0.007749224113871545,0.3193024731344647,0.31383711761898464,0.13959838536099647,0.05953285872782123,0.002933928770886534,0.0028541785904570177,1.0,1.0,0.01055637852641007,0.008850626981016104,3,0.13367122738400675,0.03669772606283907,0.27453515798323397,confidence,confidence,confidence,confidence
631,2,90,-0.007335542970233498,0.0017615649407712861,-0.7235021294201426,0.204191514606243,0.16076842314667172,0.003130186857318403,0.3800748282008701,0.0037775450898902534,0.383122044801712,0.38670713239245946,0.19824426204068146,0.0029942787126118575,0.0005763287794029692,0.0006152956360528857,1.0,1.0,0.003896668407665992,0.0030008871373802446,1,0.030171438116510626,0.008901991835515034,0.29503720584793525,confidence,confidence,confidence,confidence
632,2,90,-0.006983021895090757,0.00511608308759358,0.04890720725139677,0.3157769753351964,0.15672477020157707,0.0029473184055684104,0.3911895023451911,0.006527906262502354,0.23077162437968785,0.22223276231024,0.06657061866833999,0.035229405193730225,0.003515036852963953,0.003389521926188669,0.9444444444444444,0.7888888888888889,0.020713025687026734,0.005469218912312882,2,0.12645878217491735,0.03090573233784229,0.24439178849046195,confidence,confidence,confidence,confidence
633,2,90,-0.0018787473440170363,0.0027072886453812037,-0.037930491873924436,0.6227279576666821,0.156598505212201,0.003925750681419176,0.39601482268836763,0.00218593717005666,0.17866312430964576,0.2061444362004598,0.08432009654622774,0.06005572118917979,0.002833263938489359,0.0012949587327514415,0.9444444444444444,0.6444444444444445,0.005093096004784167,0.002256186368799019,1,0.052611754847831364,0.015691016329443908,0.2982359767099455,confidence,confidence,confidence,confidence
634,2,90,-0.0058771888415018745,0.017867953793461504,-0.9395012708331262,0.7951336339602131,0.15843926668167113,0.00531791548478437,0.4025617884265052,0.0043714393462754835,0.16118798653284708,0.1955124749077691,0.09313814546660111,0.06309411877556809,0.0031714046694724263,0.0017575386370477495,0.7555555555555555,0.9888888888888889,0.020469954445955035,0.005402931494953215,2,0.15257097680956422,0.013104032327931371,0.0858875437151046,confidence,confidence,confidence,confidence
635,2,90,-0.004945028159353473,0.0024901906357423986,0.273233533559376,0.3654031933978638,0.15591123584243988,0.0018130668457489434,0.399792490237289,0.003315385143620513,0.2072294851144155,0.19184691674179502,0.04975440035546112,0.004074295878514811,0.0009686985421660867,0.0008053071344119816,0.8666666666666667,0.7,0.006506589073539308,0.0030906262329164326,2,0.05465139555767271,0.008172539021740886,0.1495367026156557,confidence,confidence,confidence,confidence
636,2,90,-0.007371896505355851,0.002206933699805544,0.5775263379332928,0.3043284395629778,0.16129209763473934,0.002710033420008367,0.3998457690080007,0.0021983628172193345,0.21784630020459492,0.19506596989101835,0.0941178747641569,0.04416669902264101,0.0019296360362532463,0.0028935920179527824,0.9555555555555556,0.7333333333333333,0.0022803415299014218,0.0020234314609504514,2,0.03571737243299274,0.0019891419092134405,0.055689601001418745,confidence,confidence,confidence,confidence
637,2,90,-0.0021553638908598212,0.0024419484441408463,0.4823359799378424,0.08638325273819926,0.16107809560166464,0.0022926633399166984,0.39832103037171895,0.0015483768662781384,0.20999894440174102,0.2127668731742435,0.05535176284288802,0.014585986604950064,0.0009956388802244349,0.0008859960511046017,0.9666666666666667,0.6222222222222222,0.00034871163074038736,0.0010676833388909921,8,0.022596490754043345,0.0008475753316237579,0.037507497661973914,confidence,confidence,confidence,confidence
638,2,90,0.0011931998862160509,0.0015846596328778681,0.4170217671449111,0.2624240937910741,0.15576187587446635,0.001128445681390328,0.3988697643081347,0.0037576645320735054,0.19561035136381785,0.21188265813721552,0.10690431981431223,0.023077191301404985,0.003045157158142053,0.0006901723587124913,0.9111111111111111,1.0,0.00818754797465033,0.004330463650462946,1,0.04974406092978732,0.020339078488025072,0.4088662895947131,confidence,confidence,confidence,confidence
639,2,90,-0.011000056068102539,0.008446716526131662,0.27377934227583073,0.1674130963826569,0.1606029051873419,0.002990753753721554,0.396458071966966,0.004373986290781881,0.20077641738785637,0.186389755209287,0.07090831092262664,0.02458959853532804,0.0008044248035671481,0.0014422089213061906,0.9111111111111111,0.8777777777777778,0.010767621958162884,0.003233416731921662,1,0.062164669103553866,0.025017315863370155,0.40242976910128636,confidence,confidence,confidence,confidence
640,2,90,-0.007044738862249611,0.0032986624340381808,0.4054473672550029,0.15851839730690429,0.15703853418429692,0.0024192239010527856,0.3978727733095487,0.0018550449693068467,0.20921347704198626,0.19849385884073045,0.08312225546220367,0.03697755398312149,0.0010470005382042127,0.001907641011515299,0.8555555555555555,0.9888888888888889,0.006360248939284323,0.0012828321904865146,1,0.04327181912383339,0.015477364324893945,0.35766942478608865,confidence,confidence,confidence,confidence
641,2,90,-0.008993161718050662,0.0033299712843403062,0.5254241730503555,0.11338318795899016,0.1592150809036361,0.0033873191869026767,0.4015353555480639,0.0029037091242369176,0.18264594972133635,0.21581302086512247,0.08781042211943403,0.024952979068620172,0.0033350856998957327,0.0013650852365351377,1.0,0.9111111111111111,0.0014242351635359136,0.002805993802434529,3,0.039289996313784964,0.002205082337321748,0.05612182291616032,confidence,confidence,confidence,confidence
642,2,90,-0.00685068037774829,0.002675812569843135,0.5449687009213171,0.3411479876471773,0.1613448570171992,0.003670993684231252,0.4028031173679564,0.0038429628355036946,0.2193627443578508,0.19768760270542568,0.09167465689655252,0.04338563536925957,0.002302773122039175,0.003664411279042626,0.9333333333333333,0.5444444444444444,0.009331880313648816,0.0034435024629247495,2,0.07707592610152267,0.013022394759162585,0.16895321878833106,confidence,confidence,confidence,confidence
643,2,90,-0.0025266173813078257,0.010596686175815082,-0.1514306909119561,0.46972282924509495,0.15230745722850164,0.004408018342774675,0.39943635314702985,0.0036127926817626876,0.1752743234237035,0.22246641318003338,0.12178436712510832,0.07015265118664188,0.0035653386967141243,0.0009288005191861927,0.8777777777777778,0.8333333333333334,0.005255465161294449,0.005841021861855205,2,0.05368999696761142,0.010687127136768974,0.19904877428921428,confidence,confidence,confidence,confidence
644,2,90,0.001644654406441579,0.004458416055237775,-0.13525952599518604,0.7196117266244333,0.15980421370930142,0.004011905146705279,0.40175637735260855,0.004141128034272105,0.19323909845617082,0.21085343990061017,0.09913702006238269,0.06052991357821334,0.0025546037457568178,0.0009862074160116633,0.7444444444444445,1.0,0.004141620711015018,0.005039729347975577,2,0.04337723030225072,0.007925795437977024,0.18271366495939753,confidence,confidence,confidence,confidence
645,2,90,-0.003329887323909355,0.0013118699194831634,0.015394824109953855,0.21618894172932146,0.1579100779361195,0.0016051144819040676,0.3983103518684705,0.0035231589960079456,0.22761488987339867,0.21998907460106742,0.06674436194437786,0.011142469052386418,0.0012111396645118797,0.0009247971570020062,0.6555555555555556,1.0,0.0011588194709835214,0.00249867166999562,5,0.026010939641719646,0.00911726937386992,0.35050324964029395,confidence,confidence,confidence,confidence
646,2,90,0.006995136870278274,0.006466164444601718,0.15063450217299867,0.40109137691449465,0.1596449252631929,0.00204251999207267,0.4017523043685489,0.002576429572718773,0.19655459655655755,0.22492090728547837,0.10712685508937675,0.024516351863177077,0.0031864078398556213,0.0025199999532788354,0.6888888888888889,0.9222222222222223,0.0022648100327398307,0.002561331377067155,2,0.04772219084030477,0.004469891732582657,0.09366288493869099,confidence,confidence,confidence,confidence
647,2,90,-0.010313717193073724,0.006503765946420403,0.023650568777567296,0.23277809764708082,0.15629550566275915,0.0015815856293020284,0.4002107154991892,0.0018286312921842402,0.20168844958146412,0.2026220420996348,0.05974094991322995,0.013506055599657065,0.0015861734247475802,0.0021907716381128896,0.8888888888888888,0.8555555555555555,0.005712608828298288,0.0026560097400030467,1,0.041732409876804676,0.016766039265826704,0.40174141809450437,confidence,confidence,confidence,confidence
648,2,90,-0.00174012614621057,0.001957938314496523,0.3237491176407659,0.16284100442042104,0.16039278325107362,0.0022814131187504543,0.40165223396486704,0.002348970873351276,0.23795812990930346,0.24406367308563656,0.08836875698793235,0.023162337734074077,0.0011608617200773038,0.001301161664305237,0.9,1.0,0.002987899035990058,0.0014061200477964737,2,0.026293042677135305,0.0024932315925656682,0.094821158662442,confidence,confidence,confidence,confidence
649,2,90,-0.0017286721203062312,0.0019329205729154053,0.2224524156115342,0.19275318968253669,0.15730620473623275,0.001084998245684579,0.40277634213368096,0.0012454107861648764,0.24204025599691603,0.23460287153720855,0.12518586527949496,0.014953239154368468,0.0017797922953114384,0.0010645804703394842,1.0,1.0,0.002457645611003314,0.0011292295003921596,1,0.0293188476924108,0.007346584468152091,0.25056693831508864,confidence,confidence,confidence,confidence
650,2,90,-0.00012363526556227806,0.005754346280459389,0.4340135968120152,0.24152969892514858,0.16589468121528625,0.005167058778072281,0.40616683463255565,0.0033282463422020197,0.24383740954928929,0.22535440259509618,0.15141114172633394,0.02864409300215812,0.0013469826762092633,0.004883205492312257,1.0,0.8,0.0037467861248909706,0.0056647197093443085,2,0.052796307021666114,0.001976735539038202,0.03744008265851553,confidence,confidence,confidence,confidence
651,2,90,-0.008305079076025228,0.004891038767581236,0.13553217840251258,0.2519341979950272,0.14717360685269038,0.007977182112534027,0.3963290530774328,0.0037332937185753216,0.21801992588573033,0.2169596211777793,0.051143484625628795,0.009545129099992613,0.0011862186824699325,0.0011063415767578549,0.8666666666666667,0.6777777777777778,0.0003985098114804338,0.0013415458217889906,5,0.020259021774581606,0.0017314880123119377,0.08546328486597567,confidence,confidence,confidence,confidence
652,2,90,-0.012209975388315013,0.004689816814017183,0.6322596531630259,0.2281935225131493,0.15355775439076955,0.003961929822672573,0.4027053506837951,0.006386086946501594,0.2096807251373927,0.21379143529468111,0.0796968502108864,0.03616651898462011,0.0027325817014264876,0.002167922789041429,0.8222222222222222,0.7888888888888889,0.001900648912120481,0.005126414006761066,3,0.03356764750302818,0.011978476212772121,0.3568352347735058,confidence,confidence,confidence,confidence
653,2,90,-0.008020365900463547,0.0047553100081687795,0.5794116772503235,0.26544084553028324,0.15859206318855285,0.001938167057391749,0.3934122900168101,0.002391826217454191,0.19745507372750176,0.2143919501039717,0.09215751438125917,0.02340741474396499,0.0030827250555737432,0.0011433518140237296,0.9555555555555556,1.0,0.004297158481350992,0.001810976125938586,3,0.053941172544625375,0.01698920236592029,0.3149521341926937,confidence,confidence,confidence,confidence
654,2,90,-0.0075338913334740635,0.002515838284614506,0.3884394425061647,0.4655021311507353,0.15600591335031722,0.0017614209915496205,0.39373494717809887,0.004590258672134022,0.21428948011663224,0.21056416398949093,0.05393086781737744,0.008714285833041234,0.00120782511524854,0.0016060513267215145,0.8666666666666667,0.9111111111111111,0.008285074419082113,0.003517331430707537,2,0.06366841433048039,0.00694004520301802,0.10900124142803085,confidence,confidence,confidence,confidence
655,2,90,-0.005270852314101326,0.0055635457139627115,0.4512998133263617,0.1914989194605667,0.15447076078918245,0.003445612215975149,0.4010061656435331,0.0019358373605520862,0.20966862870587244,0.23624231417973837,0.09031153732441607,0.018379461375168826,0.0025076022622862837,0.0031364591055336307,0.9555555555555556,0.8444444444444444,0.0037523461439604305,0.003348463594708611,2,0.04654532291146635,0.006667747841181268,0.1432497225154324,confidence,confidence,confidence,confidence
656,2,90,0.00354155335161422,0.004713868223462995,0.03589705733097989,0.34789667467762175,0.15688347501887215,0.0017631284082857762,0.39844036516216064,0.0036412620721992793,0.20664267341295878,0.2034686654806137,0.09256194024184315,0.026985033507874224,0.0029419164695681753,0.0014314308587545033,0.6666666666666666,0.9777777777777777,0.002509930304555173,0.0035573133204379434,1,0.055330571682447684,0.005665727934317802,0.10239593349767592,confidence,confidence,confidence,confidence
657,2,90,-0.011203412214914974,0.011069002414596026,1.5307611775411831,1.4135518479018108,0.1559998310274548,0.00876851335685802,0.404796572526296,0.002202829411893812,0.1858151117960612,0.1731559111012353,0.049663019347969094,0.014733864525940705,0.002581300501537515,0.003891798314599199,0.9666666666666667,0.5888888888888889,0.005427026812448635,0.00141802268983348,1,0.0406086059652846,0.01211561368717165,0.2983435421050075,confidence,confidence,confidence,confidence
658,2,90,-0.013739562365743864,0.007537589638758957,2.8876398186980743,1.5917975669649465,0.14942583822541766,0.008682698877532017,0.40104526794619033,0.0046842285007554375,0.17320341202947828,0.12959565023581188,0.05578886080391087,0.010213644197912522,0.0026753289440025474,0.00552726672474516,0.8777777777777778,0.8888888888888888,0.01103168216070554,0.008485927017672965,1,0.08664136837407727,0.029448511029807337,0.3398858039367505,confidence,confidence,confidence,confidence
659,2,90,-0.011602903405825317,0.002619949298308807,0.32857031103679313,0.23918343533894065,0.15987223833799363,0.0011883660238964032,0.3979433902435833,0.0016793475028269585,0.2178388665119807,0.21273477342393662,0.06134108050595856,0.009516317305075944,0.002097730815868808,0.0019158822912209558,0.8,0.8888888888888888,0.008345184405941649,0.0020976797394273348,3,0.08622303436990131,0.05452935966884339,0.6324148489145417,confidence,confidence,confidence,confidence
660,2,90,-0.024326119489139982,0.027028459374960397,-1.13697737472754,0.7992554826311811,0.2003462173872524,0.02839031977432452,0.48194259421692953,0.0715905025182269,0.2699221862687005,0.26239594916502634,0.1123815007223973,0.032563295240552625,0.006009848713429039,0.007839319220354917,0.6666666666666666,0.8888888888888888,0.08685465004794182,0.025842632573042052,1,0.3354585441934932,0.2225995578235092,0.6635660295749812,confidence,confidence,confidence,confidence
661,2,90,0.002943715784284811,0.010379009432208403,-0.10435984065394176,0.5994928519528248,0.21095836410919824,0.010323131402601446,0.5193654934565226,0.010057706181808568,0.26358483102586533,0.2712751454777188,0.1305853417871017,0.05235645705396209,0.006287545894591035,0.003073332901192324,0.6444444444444445,0.9111111111111111,0.03322099473326637,0.003190377758340361,1,0.19133391434731375,0.1166708072420485,0.6097726995621199,confidence,confidence,confidence,confidence
662,2,90,-0.002204867866304187,0.004802036103111161,0.2421319443584977,0.3608444260509684,0.21694953358835645,0.004995805828628553,0.5101199766000112,0.003952360678348694,0.28577183683713275,0.300827157497406,0.1233009168566295,0.041680971559291354,0.004619355462719497,0.0019309164216711429,0.7555555555555555,1.0,0.0073260662528887785,0.0037211390020095597,4,0.10299561888038133,0.005538947941918225,0.05377795894786675,confidence,confidence,confidence,confidence
663,2,90,-0.01257219016551972,0.01504329061452054,-0.6787767198726522,0.6906971010578998,0.21966358257664576,0.003055969714219234,0.5200744246443113,0.005402859653397653,0.30051484405994416,0.29416658149825203,0.10539826104047875,0.04110339468597413,0.004242724624542622,0.0027084484219303396,0.8111111111111111,0.9111111111111111,0.03299087488174736,0.004940529449655681,1,0.14159266270699908,0.09997112666407924,0.7060423803779291,confidence,confidence,confidence,confidence
664,2,90,-0.033083551128705355,0.009877582159538054,-1.2185325921979724,0.4184668762675218,0.21664435466130574,0.0037300595935582776,0.5368881829910808,0.007569930162828173,0.2835993703868654,0.28866756624645656,0.12190610346582997,0.030816442423684674,0.003091045074202157,0.003585805608512427,0.9777777777777777,0.7111111111111111,0.01935607061509388,0.0047118600154743015,1,0.0999088943759605,0.03309217799805374,0.3312202280339524,confidence,confidence,confidence,confidence
665,2,90,-0.03180988861454858,0.008144211022279664,-0.6390427287029241,0.8150337503662453,0.20551401608520084,0.01722913146055726,0.5329607253273329,0.005773943757622482,0.2797655873828464,0.260127568576071,0.09786194756882279,0.029104973481559708,0.005052462573968738,0.004287861186045703,0.8555555555555555,0.8333333333333334,0.002030235363622576,0.005788654671114255,2,0.06221465825335923,0.0045180738412644835,0.07261956182904386,confidence,confidence,confidence,confidence
666,2,90,-0.017110325561629395,0.015653618540738774,-1.870405662531892,0.6221348171572313,0.2078473592797915,0.008345191841338038,0.5243411810861693,0.0036170096285698754,0.24447288513183593,0.2544523321919971,0.12911802099149458,0.0546552434842362,0.005260978910546984,0.00348884477329893,0.9222222222222223,0.7888888888888889,0.02236868693369391,0.005283323221542729,2,0.13938077110169464,0.025208984163209443,0.18086284859170473,confidence,confidence,confidence,confidence
667,2,90,-0.026774487892786657,0.012458501304477197,-0.9899243634239839,0.4364205179464587,0.21607702937391068,0.006605707126125499,0.5185407443179024,0.005326111946893446,0.48690065675311617,0.4190157393614451,0.254616393707527,0.0483242996513288,0.0044905568277299876,0.005490638446598049,0.9555555555555556,0.9666666666666667,0.026020099062914973,0.00855405810716685,2,0.1928281592897319,0.035888561788231306,0.18611584430707187,confidence,confidence,confidence,confidence
668,2,90,-0.031095242169168254,0.012721567060231666,-0.21449759787246145,0.38403054091930017,0.19995984501308864,0.011239018457386203,0.5301274711887042,0.007570700598514301,0.33875860075155895,0.30336410403251646,0.12778303959174447,0.05378004420809444,0.005114624374803627,0.0036168926397514836,0.9777777777777777,0.7555555555555555,0.018140982905127688,0.00569850515939413,1,0.10014717073858048,0.059260093971084705,0.5917241776264985,confidence,confidence,confidence,confidence
669,2,90,-0.0058574663268195284,0.007707119382268417,-0.5119952085365331,0.1129576879752824,0.2211473469932874,0.0050861133836794395,0.5227764126327302,0.0048679093889419335,0.2634137464894189,0.2687849462032318,0.09990412622483837,0.012102261417860817,0.002023238009889639,0.0022377716142060406,0.9777777777777777,1.0,0.004693179547592037,0.004171346106964584,1,0.05018672054391247,0.017253431965046712,0.3437779556047096,confidence,confidence,confidence,confidence
670,2,90,-0.0071147908767064385,0.009737775443896597,-0.5524087263844262,0.24194337917764747,0.22620435208082199,0.003465385793527787,0.5306701612141397,0.004149896801810088,0.28185300529003143,0.2828472958670722,0.09913485268307873,0.013809650406725502,0.002236176736216605,0.0023008601145153456,0.9,0.9,0.0025291224643649098,0.003573409086597774,2,0.03684037552877917,0.007514829033080754,0.20397797110508095,confidence,confidence,confidence,confidence
671,2,90,-0.02157695160971747,0.0066582736522659775,-0.5656903347408675,0.3042570403561991,0.2163791898224089,0.008589018576710223,0.5325667252143224,0.0028450574144308926,0.3052240159776476,0.27456596824857926,0.1380701230203089,0.04009031216552869,0.002542489757496893,0.002996209004824665,1.0,0.8666666666666667,0.0027723054503949666,0.00293510104249168,6,0.05768104508428104,0.0020968730831189696,0.036352266637827466,confidence,confidence,confidence,confidence
672,2,90,-0.017053171661165024,0.0025434401386203696,-1.078175347790858,0.09659843022626471,0.21838445083962546,0.0010281674182281784,0.5351769006914563,0.002292602060166523,0.2885464115275277,0.26567160652743443,0.10464716963377807,0.0037010012798365873,0.001289214322627939,0.0014680503156481778,1.0,1.0,0.001281749996866327,0.0011264836287237666,2,0.02359046217689873,0.002942312723425606,0.12471938794479565,confidence,confidence,confidence,confidence
673,2,90,-0.01787588331434461,0.010784021578328267,-1.0436967797716965,0.6331262669927001,0.21839858674340779,0.005988325367626318,0.5448752873473697,0.019115649628802103,0.3018937438726425,0.27323608762688106,0.1158914149752813,0.018700453804177675,0.004264123855885893,0.004505117766048005,1.0,0.9888888888888889,0.04962375765077375,0.009304324505743745,2,0.33996661867296585,0.13994836568234265,0.4116520456525212,confidence,confidence,confidence,confidence
674,2,90,-0.0003247797489166328,0.009885395399786947,1.3440320854408097,0.5153866128711111,0.20589554889334571,0.018046679984049,0.5214105404085583,0.030057843479987138,0.2870833694934845,0.28336954646640355,0.11135177376435358,0.01806945121561433,0.0037950810722759253,0.004956471834923571,0.8333333333333334,1.0,0.029371705586897126,0.014681783617797263,3,0.3098652481058598,0.13288072784243474,0.42883253227708307,confidence,confidence,confidence,confidence
675,2,90,-0.015453607175085279,0.013784516373097647,-0.03698958806224788,0.5835269708734626,0.22505737476878696,0.01810116815723296,0.5666192301445537,0.009555851824257736,0.3234764142168893,0.32082201838493346,0.12859219445910533,0.022274501984629984,0.002558177611908045,0.0033742446355146684,1.0,0.9555555555555556,0.010461255939645187,0.004035788182306599,4,0.12846052348277573,0.010530217982944024,0.08197176631145846,confidence,confidence,confidence,confidence
676,2,90,-0.02519752648141649,0.005415403936568455,1.1987680444410111,0.8927673501616034,0.2124696614013778,0.008998013341363627,0.5793454355663723,0.010539466205992856,0.3300187495019701,0.3180263784196642,0.15692778781534586,0.02151936543174391,0.0025104658118368147,0.005137095915935709,1.0,0.9,0.006746496940464983,0.0031495265862409158,2,0.10023191259877214,0.02071959991254965,0.20671453493015093,confidence,confidence,confidence,confidence
677,2,90,0.009169651733504399,0.012707859709233006,-0.9188322876150076,1.0982637061237206,0.21605947415033977,0.011580287012681035,0.57720558328761,0.005791191730628125,0.1996683226691352,0.2951247367593977,0.22403067441379984,0.0704039855893795,0.010500113413626737,0.004196560595776806,0.8888888888888888,0.9333333333333333,0.016560994506971398,0.0070180879599993405,2,0.108682372089826,0.03663518199117523,0.33708175672812696,confidence,confidence,confidence,confidence
678,2,90,-0.016473613844977485,0.017356964050735644,-0.3643020279830314,0.8685684769789677,0.23287659270895852,0.010111799089890182,0.5939327018128501,0.014355980786719213,0.3487184355656306,0.31974967552555933,0.1440247067601017,0.04864786586489312,0.006235167255283929,0.0039321024550606236,0.7555555555555555,0.9555555555555556,0.019390168676925387,0.006858373622313369,3,0.1778127839732597,0.0326852425840417,0.18381726013410202,confidence,confidence,confidence,confidence
679,2,90,-0.023963343766000542,0.01479873880333396,1.1437577361204099,0.9130304398670008,0.23100713971588346,0.007502052647376169,0.5924734143747223,0.006464576543864555,0.31273943351374733,0.2797953612274594,0.16232639966211546,0.06304235598220952,0.002692669604945214,0.0058297840570340695,0.9888888888888889,0.8555555555555555,0.011461235415092908,0.0053543374943568495,2,0.12380050769374502,0.015355752819874844,0.12403526504589314,confidence,confidence,confidence,confidence
680,2,90,-0.0023954646454917034,0.00667948085323769,0.8102331982672423,0.2994211048880321,0.23673944994807244,0.008566584073099872,0.571210932234923,0.0061288439757415086,0.3219947258631388,0.3026525096760856,0.23953846574591853,0.12100654979202599,0.007956353229339295,0.0050254034945729055,0.7555555555555555,0.9222222222222223,0.004576599116337555,0.004719936688498286,2,0.07201221717907821,0.0008863393204172194,0.01230800893415334,confidence,confidence,confidence,confidence
681,2,90,-0.011753802829318582,0.004290006409881304,-0.01000317225281236,0.563515589367732,0.23638428664869732,0.0030366491801537133,0.5737029516034656,0.0041940976374005255,0.2851061267985238,0.2770167135530048,0.12330055209347471,0.07972160170375647,0.007125762287646538,0.004615031626156851,0.8,0.8777777777777778,0.005802422680516657,0.006127717255278412,4,0.11487089409212474,0.013558831067063572,0.11803436492646048,confidence,confidence,confidence,confidence
682,2,90,-0.004158844881587559,0.010326574127269197,-0.9411666189522211,0.6930150726358859,0.23600244985686408,0.00744854813673878,0.5746442296438747,0.009468464880816948,0.1699751615524292,0.30887015759944914,0.25651516433200416,0.1618518347127401,0.005679155239511243,0.002299147028338504,0.7777777777777778,0.7222222222222222,0.0025989973907903463,0.0057435324826450775,1,0.047825960071062316,0.01320303321506023,0.2760583820389772,confidence,confidence,confidence,confidence
683,2,90,-0.006531177957852684,0.009153623316241699,0.3608670499108054,0.9746097262344154,0.23953154128458765,0.009278914034977478,0.575673032965925,0.010262294288037746,0.29849109550317127,0.2698619312710232,0.13819540358870736,0.07311022453590602,0.0021283587839347933,0.004631162623138994,0.8444444444444444,0.8555555555555555,0.005799951518849539,0.004582096223366756,1,0.05077245670332037,0.017395042200010917,0.34260110162783847,confidence,confidence,confidence,confidence
684,2,90,-0.0077340616120232485,0.007215926434869934,1.3583297106079903,1.0506421584028802,0.23920260667800902,0.0081694953723176,0.5848762628104952,0.009865488375951107,0.28105109598901534,0.22112421856986153,0.15524375723362188,0.07179239822439333,0.0016716325808081192,0.004250438311023113,0.9555555555555556,0.9666666666666667,0.003953971494100637,0.009075536801786133,2,0.09609672404926073,0.014899929717824919,0.15504976694543832,confidence,confidence,confidence,confidence
685,2,90,-0.008333471417427067,0.0027400302063416895,0.014527341809885125,0.4153563459198027,0.2394659879306952,0.004427826701340219,0.576156099471781,0.007100477865936332,0.26761411958270603,0.2790197342634201,0.09037367950565126,0.009220638021761056,0.0009459792288195886,0.0010164584685549137,1.0,1.0,0.0022159444550045493,0.0029021816769469427,1,0.028043703657739727,0.010217884488507073,0.36434275124483834,confidence,confidence,confidence,confidence
686,2,90,-0.00042073428630829166,0.004057619583809503,-0.6509119637905589,0.14868224236310001,0.23161736710204017,0.003047061055776283,0.5724959471159511,0.0034477688898221464,0.2876958661609226,0.2812748389111625,0.12453252424672849,0.05912689115391503,0.004455498929885172,0.0027439060657903254,0.8333333333333334,0.8666666666666667,0.0025258859998751877,0.0035365097924800427,3,0.04532582186168611,0.009359878553076862,0.20649756962088242,confidence,confidence,confidence,confidence
687,2,90,0.006611213088035583,0.002626711383544103,0.002125255698105608,0.22924752910678659,0.22720906337102253,0.0026175674828497015,0.57150855610768,0.0043374779510728005,0.30579459104273055,0.2989225837919447,0.1395762397030208,0.049554706600415825,0.002386929641825508,0.003718327501249879,0.8888888888888888,1.0,0.002519452682422431,0.004904688497648741,4,0.06055950873111362,0.010406540785724555,0.17183707673145887,confidence,confidence,confidence,confidence
688,2,90,0.005532833933830262,0.003777122311561585,-0.007398911791752052,0.33243624191951693,0.2304999969071812,0.0055277828538761375,0.5687122525440322,0.004968536445469624,0.2590154353115294,0.2644433816274007,0.08779097708307614,0.011672009018132295,0.0015501111824873207,0.001813419380942176,0.8888888888888888,0.8111111111111111,0.0032749775784965624,0.004671954122022104,2,0.04829424664689142,0.010305769750894082,0.21339097460758957,confidence,confidence,confidence,confidence
689,2,90,-0.004953760902086893,0.005217219239837423,-0.5399247047013044,1.0881255326709374,0.22844397558106316,0.02184621023716328,0.5549704550041092,0.012213514876135211,0.22809207836786907,0.2972224675946765,0.31896792212630426,0.06318044452494563,0.006874457424455039,0.0061516680000897024,0.9,0.8333333333333334,0.002433532775906919,0.006277116266638256,3,0.059335728621762944,0.00830191749042011,0.13991195138747864,confidence,confidence,confidence,confidence
690,2,90,0.006436077422565887,0.034966775168231885,1.1213764074152548,0.6157737175243391,0.23025898602273728,0.008430738760267812,0.5795988233553039,0.015233491955755596,0.27561250428358713,0.30088477002249825,0.15292953307730914,0.037963849567643426,0.011029657573470063,0.006683498483308995,0.8666666666666667,0.9111111111111111,0.004105847236013918,0.008612228297695547,2,0.08993791565919489,0.016495702459501833,0.18341006602757945,confidence,confidence,confidence,confidence
691,2,90,0.006124626927905613,0.010920777858520692,-0.16743261631001155,0.26369389679916383,0.23752413872215483,0.0033348628196525273,0.5807260990142822,0.003486619000894483,0.31994133856561446,0.3381479428874122,0.18606054549215847,0.02763962656016056,0.008506663536760722,0.0036426931659005912,0.9,1.0,0.012597080593762806,0.0049238459331905375,2,0.11532546588129036,0.0042495449405071375,0.03684795946908965,confidence,confidence,confidence,confidence
692,2,90,-0.00033545096715291585,0.008041559868863294,0.2685398343627308,0.3532335150406915,0.2398728554447492,0.00927927405082952,0.574753189418051,0.003798113501455197,0.32378192477756074,0.2753940602143606,0.15353298438063004,0.07346650839551308,0.0030972335950632604,0.007017553828448359,0.8666666666666667,0.5666666666666667,0.006428871533022695,0.006128021047930973,3,0.09370445306126492,0.013431931339761954,0.1433420457503163,confidence,confidence,confidence,confidence
693,2,90,-0.0036098347769843164,0.007907420080263853,-1.1335059843507003,0.5723015533055319,0.22062693933645885,0.010569549936323266,0.5780831187963485,0.008859821272483191,0.3503269917435116,0.33795199592908226,0.10253737307162027,0.006704879825953463,0.003058563182525061,0.0036887737579838725,0.8222222222222222,0.9333333333333333,0.04549026197444001,0.004069297677321806,1,0.23036798606519795,0.17757791699165096,0.7708412491835758,confidence,confidence,confidence,confidence
694,2,90,-0.0007221980227364446,0.00982250634436243,0.055671762838675594,1.4633932940285703,0.193205080098576,0.022415151617576463,0.4591378120912446,0.051415322045758265,0.2873405767811669,0.2876365704668893,0.16543844312266257,0.06469043964500121,0.007407506150218838,0.0058042859965807036,0.8111111111111111,0.9,0.03674702395559423,0.017173794467898424,3,0.2993559960052564,0.15870207131102104,0.530143184989184,confidence,confidence,confidence,confidence
695,2,90,-0.014894689785109631,0.006395785504323811,-0.7680280037026348,1.0107905622330278,0.18949308842420579,0.0038183830449529466,0.4620237378610505,0.005520144588258449,0.2712215208344989,0.26013808912701075,0.10776377825204225,0.060235183151383216,0.004258435251405583,0.004021917227557226,0.7444444444444445,0.7222222222222222,0.05606056610064602,0.005056465142706049,1,0.20050858488752224,0.11741308303524266,0.5855734183535747,confidence,confidence,confidence,confidence
696,2,90,-0.018709842032856413,0.002747914989489002,-0.9794964810921687,0.7472243227410592,0.18695105993085437,0.007254436720442752,0.4746063667866919,0.005305660944158249,0.2627817514869902,0.26211895015504627,0.08424294098840819,0.013533492871169681,0.0020480212350720145,0.001989702555519827,0.9333333333333333,0.9333333333333333,0.021442802393234976,0.004245519256266104,1,0.09402446355232214,0.06575176062443101,0.6992973832864146,confidence,confidence,confidence,confidence
697,2,90,-0.008199245731035868,0.009669857048689095,-0.7347755279183362,0.39594448575294583,0.18682039860222074,0.006048165152218575,0.47729846884806953,0.00765275208991783,0.2203553299109141,0.238555313150088,0.11835705645786922,0.05778754518656495,0.0034460791244598165,0.0035748880926715367,0.9666666666666667,0.9333333333333333,0.02401585652710723,0.00504386912280651,1,0.11086796450088977,0.04134827881529108,0.37294728061575105,confidence,confidence,confidence,confidence
698,2,90,-0.00903273820877075,0.0064852018288124955,-0.3368792418516623,0.4212779645128282,0.2018689157234298,0.0037175148637711083,0.4724562608533435,0.00396965921600598,0.23157891730467478,0.2676140629582935,0.18810783793851485,0.05948011570710945,0.006161677809969631,0.004101539783381189,0.9222222222222223,0.8444444444444444,0.013526876137616656,0.0071621918827647355,2,0.1313496590308102,0.009024267108651847,0.06870363023100687,confidence,confidence,confidence,confidence
699,2,90,-0.01221799088848961,0.009354814520215641,-0.2825182900064173,0.4914008978229192,0.19422400974565082,0.007439891105400931,0.4756119388673041,0.005113081362290468,0.28911347058084275,0.2432500531276067,0.1270454132707462,0.07232099608117087,0.0017896876897487183,0.003054203511176446,0.8666666666666667,0.9111111111111111,0.020394308974520468,0.003947670240375561,1,0.07360583968539758,0.04993025362673327,0.6783371469300921,confidence,confidence,confidence,confidence
700,2,90,-0.006765061948034496,0.006792475334562385,-0.701306514384473,0.5172826969607105,0.1921921847595109,0.0025245583453038997,0.47619351032707424,0.003657239165271174,0.2645896044042375,0.24505486852592892,0.09657337699101894,0.055785891151275975,0.0014349299095176805,0.003193459042935508,0.9777777777777777,0.9333333333333333,0.015726621770417965,0.004848412058100816,1,0.06837975261469259,0.04161998333437514,0.6086505594475203,confidence,confidence,confidence,confidence
701,2,90,-0.004250832398732498,0.0013120997705443511,-1.156247850900377,0.19141849092927282,0.20025483684407341,0.0019737013663915226,0.47559897038671706,0.0016584502952149784,0.2344246053033405,0.23932051757971445,0.07531384781656925,0.009808400459954198,0.0022314569873739527,0.0018041573146965687,1.0,1.0,0.008464328549582519,0.003301543344276099,1,0.047486091693277416,0.025478593790614505,0.5365372542749638,confidence,confidence,confidence,confidence
702,2,90,-0.007215258479118343,0.003803993974008615,-0.27102747085247214,0.4662132394875071,0.19221941712829801,0.003796067021449375,0.47532599485582777,0.0021204851279343416,0.2507785942819383,0.229071639974912,0.08636594369379748,0.027922590608766663,0.0025550532873450608,0.0023801842853679463,0.8444444444444444,0.8444444444444444,0.003499634557389255,0.002403113888491768,2,0.03882315679816814,0.0009839534601555455,0.02534384623652591,confidence,confidence,confidence,confidence
703,2,90,-0.020203818546401138,0.0016606111169511029,0.17942042918629583,0.12968784639299005,0.19131497028801175,0.0027971578002583784,0.4742207989096642,0.002669432453526932,0.2534992979632484,0.1641174101167255,0.1858204305964246,0.029672237991952365,0.002853020325918793,0.004250407776561383,0.9666666666666667,1.0,0.006399941412301838,0.004390464149408652,1,0.04236058521244684,0.020101685938359995,0.47452629162833226,confidence,confidence,confidence,confidence
704,2,90,-0.016027171081966825,0.004902720504655971,-0.05970903915640735,0.7176122641400986,0.18886743072006437,0.0035090833491790213,0.4791110697719786,0.0032466032989506583,0.20395657486385768,0.22355979416105481,0.12469401353157922,0.04806790831177715,0.00367047081790055,0.004088133929990141,1.0,0.8333333333333334,0.0065836413660073055,0.005895984627711435,1,0.05388015317320414,0.014695689653156582,0.2727426713737255,confidence,confidence,confidence,confidence
705,2,90,-0.0024584710597991945,0.0043485482072005335,-1.1004396745991487,0.1418300579612687,0.1885946853293313,0.0024133219874806016,0.47717489931318496,0.0010873586327254591,0.2635771330859926,0.26685887806945374,0.05931638462902062,0.010138712620355506,0.0012081677612360707,0.0010579079022209185,0.7,0.9,0.004471528269579656,0.0031896210955533436,2,0.03470085765181959,0.01395667076236253,0.40218800106889124,confidence,confidence,confidence,confidence
706,2,90,0.002928260299894548,0.0021854683534003306,-1.0736344725432185,0.3823054357382889,0.19494969381226435,0.003979210584362665,0.47196667359934913,0.003988180167435602,0.25660969416300455,0.2771352065934075,0.12327029936196204,0.05959365421531576,0.003979781041993745,0.002765390405382286,0.8111111111111111,0.9777777777777777,0.002787933230223679,0.0035943870739313065,2,0.046496996339390466,0.006033700941662671,0.12976260090053088,confidence,confidence,confidence,confidence
707,2,90,0.007021593054135641,0.006402176990324156,-1.1662582299680013,0.4056480506882897,0.1852277022269037,0.005920168211974035,0.46901368482245337,0.0019517987103175346,0.2052230136262046,0.2409816132651435,0.09903251964110307,0.03960111959942625,0.005742268202695876,0.002815656838799265,0.8888888888888888,0.7777777777777778,0.024106326027068515,0.00329499888733751,1,0.11991530861184083,0.03616019830122356,0.30154529204423003,confidence,confidence,confidence,confidence
708,2,90,-0.0022310114569134157,0.00742228671844546,-0.874095717515756,0.178600208096864,0.17596653550863267,0.0034036293698166483,0.46886206385162144,0.0032818349677853987,0.22303508089648352,0.22276976903279622,0.0881889002374187,0.02687361069077343,0.0031495595337507074,0.0020896159991052182,0.9222222222222223,0.7777777777777778,0.016580198015165023,0.0037577706135322577,2,0.11199448267350642,0.03555616431990789,0.31747855780543044,confidence,confidence,confidence,confidence
709,2,90,0.005471621950467427,0.0026217787577787364,-0.5105724965743764,0.2222736785253784,0.17592885543902714,0.005641663971992474,0.4620329209499889,0.003935031396305249,0.2188514424694909,0.23570631047089893,0.09500681963729878,0.03289889473373522,0.0023491276850610573,0.002649881015016479,0.9777777777777777,0.7888888888888889,0.003594803146110675,0.002556287171019305,2,0.045324778627261024,0.008251323215755732,0.1820448200925776,confidence,confidence,confidence,confidence
710,2,90,0.005931135349803505,0.0006666148527541727,-0.2144698380407164,0.08196702230792227,0.19340800560182994,0.00311382881119162,0.4654580257005162,0.0015549325573631712,0.26698758006095885,0.2751936505238215,0.07251845347033073,0.024228090847500293,0.0015561865604516844,0.0016412663819787101,0.9222222222222223,0.45555555555555555,0.0010835023710370401,0.0009183862991796782,4,0.02045609407072439,0.0005924532498614922,0.028960772620649798,confidence,confidence,confidence,confidence
711,2,90,0.007119018170568682,0.005177434506399789,-0.4021233595006594,0.3762709826874793,0.1852579495973057,0.012646176784285994,0.4544532890121142,0.024816189941642235,0.25817507439189485,0.2771549711624781,0.07719035878663824,0.01149232266347015,0.002032072031236748,0.0022414951170790193,0.7444444444444445,1.0,0.027701875677231227,0.007869192574960585,1,0.11539654072057785,0.06667224699188341,0.577761420005672,confidence,confidence,confidence,confidence
712,2,90,-0.0042910698387357915,0.01051102900146612,0.21999347909261743,0.7300992378605763,0.14958335906267167,0.003976872030599335,0.36643057747019664,0.012204044116455976,0.344148506058587,0.33212733235624103,0.1630652155378419,0.04641882103181342,0.0027601399405473904,0.003694905088704689,0.9333333333333333,1.0,0.04169394537436356,0.006016872920181405,1,0.1613419520160797,0.12400857152595768,0.7686023465939732,confidence,confidence,confidence,confidence
713,2,90,-0.005030643277698093,0.0026690682370633574,-0.21274282268605302,0.38410633991789034,0.14038422372606066,0.004698456321575811,0.35129837228192223,0.0017555952286057272,0.3630337284670936,0.3522334886921777,0.18433890919669382,0.0022043791557038,0.0008232520796951317,0.0007422464161648617,1.0,1.0,0.018229547230426343,0.0035543116519340095,1,0.06297564334995925,0.04509011410632037,0.715981540263364,confidence,confidence,confidence,confidence
714,2,90,-0.002714058425691393,0.00318331549051369,0.024235355493421002,0.3641527834305541,0.13931487103303272,0.00220630213223272,0.3560842858420478,0.010361951443467484,0.2900151881906721,0.2823227326075236,0.12324655333630016,0.06292184192874442,0.003377744577332315,0.002945747525879194,0.8888888888888888,0.7888888888888889,0.020947948434296006,0.008780856123135278,1,0.08981452095929676,0.060411910860319946,0.6726221728168548,confidence,confidence,confidence,confidence
715,2,90,0.037172557342620136,0.07682644816224186,13.617395391449671,30.907476227067278,0.18502045167787445,0.09876458866238892,0.4433710152904193,0.2358764487327175,0.3453134261071682,0.2798989386785598,0.2323332469501429,0.1436409696084598,0.010165919541222389,0.01176252140527109,0.7,0.7777777777777778,0.09210328173657902,0.13113569441577208,2,0.45435209814402755,0.3670014500782541,0.8077450150057446,confidence,confidence,confidence,confidence
716,3,90,0.011025274531883114,0.02288355987575794,-0.000562484555244724,1.0078810486865308,0.23459326152704052,0.04805601694470224,0.5442420921304769,0.11461035675354954,0.5770260942609686,0.5665059419054734,0.27744102092661466,0.07370393220662125,0.013213199882505213,0.012188078092412444,0.011111111111111112,0.044444444444444446,0.056317444380727756,0.033432703347195135,2,0.30531791654597457,0.11817388656412657,0.3870506547743893,low,confidence,confidence,confidence
717,3,90,-0.006242050064934624,0.010428938317352306,0.8853180215950918,1.0276953223410012,0.15161021252473195,0.005504089662056055,0.3617266542381711,0.012335592800590574,0.38002130190531414,0.3553148534562853,0.18535320057094443,0.019857725951559338,0.005092155217236474,0.004386432002505701,1.0,0.7555555555555555,0.04078372141805839,0.010265535614545511,1,0.25032639661137884,0.05328263067829556,0.2128517749138512,low,confidence,confidence,confidence
718,3,90,-0.00497303671307034,0.00515435034956322,0.23651431874956258,0.5168338893235086,0.13418910768296982,0.004327185040469022,0.3599913060665131,0.002590270334092789,0.23711938129531013,0.2461525003115336,0.07797499929179286,0.03059788104487833,0.004343956118789293,0.003182765489805587,0.8888888888888888,0.9,0.010456715315864758,0.003747544418049146,1,0.0756347901804421,0.036886331183638425,0.4876835568933673,low,confidence,confidence,confidence
719,3,90,0.001558938291337755,0.005459777442994808,0.38437913942565616,0.6115428892238743,0.14006752106878492,0.004373720967717807,0.35861551794740887,0.0018615911678075134,0.1748144679599338,0.23351168168915643,0.16664707692819178,0.03635711403865943,0.0019110468073580853,0.0018788035558869,0.8444444444444444,0.9222222222222223,0.004553574245620347,0.0027173489807087842,2,0.05917785508982229,0.0030682027244421906,0.05184626704564054,low,confidence,confidence,confidence
720,3,90,-0.004896597729788886,0.0020177719214145547,0.5562675481857411,0.3444562888400323,0.14292519258128272,0.004033843099369182,0.3631395435995526,0.001956079476004311,0.20772996213701037,0.1868706014421251,0.09343070715382702,0.03175017488132435,0.000525369207336192,0.0015747523789108625,1.0,0.9888888888888889,0.002875553554116394,0.002001968287626116,2,0.0381714356576123,0.003316121166535508,0.08687213978902106,low,confidence,confidence,confidence
721,3,90,-0.007599252462387085,0.00443209768556894,0.35466987845489206,0.5077051269148594,0.12973933617273967,0.002539061506320333,0.36696360773510406,0.0016014818667692875,0.2016107029385037,0.1991009838051266,0.07352305546848871,0.013450968809343569,0.00207819984615849,0.0019174474974170044,1.0,1.0,0.017110703684762283,0.00610602557731283,1,0.08778706647620906,0.05102644633917497,0.581245816058648,low,confidence,confidence,confidence
722,3,90,0.009175464179780749,0.013735548130651061,0.9673844743952732,0.7002094317599553,0.11764627065923479,0.007409500129946521,0.371332750055525,0.0060936905548329345,0.1948940806918674,0.2237533516354031,0.059222859358151574,0.03402298033787403,0.003939801015107065,0.00227998349403402,0.7777777777777778,0.9444444444444444,0.017798890850126262,0.005464621086611232,1,0.08474066216157354,0.04170865951661368,0.49218599745057445,low,confidence,confidence,confidence
723,3,90,-0.006527162260479397,0.01407186743725935,0.697436224740709,1.0729546903987095,0.10883831646707323,0.00847021273207392,0.3617418262693617,0.0056200160522055995,0.15914652281337313,0.2117898854944441,0.08487104312434969,0.05453479932421146,0.003936267407313449,0.0025005318280726416,0.8111111111111111,0.9444444444444444,0.007717337480061144,0.008683609812920564,5,0.11582446829925472,0.031017306700052944,0.2677934927050282,low,confidence,confidence,confidence
724,3,90,-0.014850173393885295,0.004491135235371887,0.20742395661812146,0.4121122780520442,0.123995907107989,0.004402385298711575,0.35879437426726024,0.003143616684744687,0.23085417416360643,0.2121591998471154,0.07238354419821236,0.004637308526451695,0.0008233837905167327,0.0009557376094146235,1.0,1.0,0.0032208091881802906,0.0036930737063285497,2,0.05222787493314748,0.018702672506534502,0.35809066403352097,low,confidence,confidence,confidence
725,3,90,-0.018988429837756688,0.003624330205245167,0.7836806957714062,0.21264720365250975,0.13252978457344902,0.0011146290813173008,0.36342458724975585,0.00158572509865041,0.22151641382111442,0.1835061298476325,0.10513529434730871,0.026009860344156147,0.0008366565964039917,0.0018440804674853086,1.0,0.9666666666666667,0.001503769631079292,0.0015381897133185827,3,0.0363477102633586,0.0038195839854278557,0.10508169224585105,low,confidence,confidence,confidence
726,3,90,-0.011514974302715725,0.004444707693660909,0.6807840438824317,0.21089728255193457,0.12862226234541999,0.0018543094351701863,0.36346692807144587,0.0009904220454344833,0.2293759869204627,0.21417084005143908,0.07645239806483346,0.012757993052281808,0.0011848814949298376,0.0012404975870443638,0.9777777777777777,0.9777777777777777,0.0007830609404952541,0.00170653888322243,5,0.027322396829021114,0.0035175099907612194,0.12873618945595927,low,confidence,confidence,confidence
727,3,90,-0.00410055054558648,0.0029364232870204812,0.7659040696541368,0.28274154781783584,0.12828940318690407,0.0019618881607408314,0.3619185937775506,0.003009292184753738,0.2178456836276584,0.2153438150882721,0.07879939736440475,0.02439862609485843,0.002053899261220502,0.00149694450297243,0.9666666666666667,0.9888888888888889,0.0010358480356519948,0.0030629168091649696,4,0.03196348573810516,0.006640704450055324,0.20775258217712786,low,confidence,confidence,confidence
728,3,90,-0.02313299510214064,0.01436655859147272,-0.40145352695968844,0.576907062944716,0.129453092151218,0.0035410030395670246,0.3675310578611162,0.006248933513591786,0.24565357367197674,0.20808454685741,0.06057795675077499,0.026694266169534908,0.0026981838172757725,0.002739221748544358,1.0,0.4666666666666667,0.008622960370751578,0.009720942606627436,1,0.09211709217538547,0.01809997578351183,0.19648665485875375,low,confidence,confidence,confidence
729,3,90,-0.003658585415946113,0.0038992120974336926,0.14860316366193418,0.30538289974391625,0.12067790528138479,0.006551875589279157,0.35805657174852157,0.005967600822167978,0.25416407651371425,0.23751960396766664,0.07689418631713676,0.03934355290301495,0.0015520934885824246,0.0024258110840782517,0.9888888888888889,0.7222222222222222,0.004351320426153199,0.004572981308074417,3,0.06118804220072043,0.024539400281604236,0.4010423990803261,low,confidence,confidence,confidence
730,3,90,0.00759435428513421,0.00149684073082647,0.42777225855302403,0.37528338086298174,0.11995680100387997,0.0071982099118589465,0.3554323891798655,0.007817799936951317,0.2179094221856859,0.23262019488546584,0.12392111525902622,0.03229709440907513,0.0025245695551617425,0.0022615077975036164,0.9333333333333333,0.9,0.001821401843224794,0.00736325687012563,2,0.04723595126126616,0.01318434783021418,0.27911089683353923,low,confidence,confidence,confidence
731,3,90,0.004125883844163683,0.0007632351859987975,0.9533005894705223,0.11316368551807554,0.13371445106135474,0.0018507529077433052,0.3587168468369378,0.0016409541329622567,0.1894649558597141,0.20220883157518174,0.04924402889454736,0.007457242095896473,0.0004922010637948066,0.0006142440601124248,0.7,0.5777777777777777,0.0005951595576813689,0.0015810365102470916,7,0.02111858207005667,0.005668180260386712,0.26838505807475493,low,confidence,confidence,confidence
732,3,90,-0.0036191417111290825,0.004287235513638222,0.6410595456941292,0.38473095906411864,0.13125787211789028,0.0011695209345851739,0.3552934149901072,0.0016429645602159932,0.17380758457713658,0.1795203924179077,0.06610500513875842,0.009816216366344685,0.0008602505743421843,0.0010856067205794238,1.0,0.8777777777777778,0.002284196591449977,0.0029326486518383246,1,0.03150135610860085,0.0105300797353727,0.33426324364664745,low,confidence,confidence,confidence
733,3,90,-0.007768354813257853,0.0017435999038978643,0.07515476663632253,0.1834345929678563,0.13452367186546327,0.0007759241873585722,0.3540526101986567,0.004747239896587915,0.16719497111108567,0.16150972180896336,0.06935175457419364,0.010877077709956643,0.001540897713135869,0.0020724976562753656,0.9888888888888889,0.8444444444444444,0.0014438517784617676,0.005715129471812074,1,0.04575210673149876,0.02080701421857364,0.45476724325364853,low,confidence,confidence,confidence
734,3,90,0.005839897526635064,0.01267863325218388,0.3288395322824585,0.7080405639776017,0.1192102226946089,0.006104296266012894,0.36333164142237767,0.004400415928573923,0.22190476854642233,0.233353677060869,0.0686531285524271,0.00973373940975129,0.002065948376393142,0.0019965476174784087,0.9222222222222223,0.9333333333333333,0.0017814623272494523,0.0034119200521133216,2,0.04854674258593134,0.0042886239508236525,0.08833827738195295,low,confidence,confidence,confidence
735,3,90,0.010691308975219726,0.006705918414725465,0.2760263881369564,0.2416357290474816,0.1112329857216941,0.005816968891636581,0.36572426391972435,0.0027431912190446772,0.22805492613050674,0.24684212538931105,0.09888699895948913,0.03083529340074118,0.0024903108411357153,0.0007670465988539307,0.9333333333333333,1.0,0.001276503312759943,0.006902525602559618,6,0.04433804429306488,0.0137598625901147,0.3103328637209011,low,confidence,confidence,confidence
736,3,90,0.00966146588325501,0.008774867363627536,-0.12546108427466954,0.5599397805082721,0.12289423313405778,0.018797965673250074,0.3814026481575436,0.03278786420201888,0.2493887060218387,0.2675190223587884,0.059609473307894414,0.011226249816501386,0.0033664002221347415,0.002636830328757475,0.7111111111111111,0.9888888888888889,0.042424407332463304,0.017419642495253324,1,0.19839252004944632,0.15965622730779686,0.8047451714552227,low,confidence,confidence,confidence
737,3,90,-0.04126043551497991,0.017032757552991922,-4.246740387957629,1.1436951752388884,0.14947589056359398,0.008347527790421092,0.4374640122056007,0.008377959044531964,0.3171481837828954,0.26760315431488885,0.08954759948435279,0.018833363219277147,0.003340272589173545,0.004807303590893561,0.8888888888888888,0.9111111111111111,0.03686756691773335,0.012286307908955935,1,0.2621784964646337,0.1507035124572484,0.5748104428050778,low,confidence,confidence,confidence
738,3,90,-0.036311247613694954,0.008964938512578824,-3.9695766863636703,0.32143799168307996,0.14859416551060148,0.0077930402638501685,0.46116267442703246,0.008635832584188983,0.3397158649232652,0.2556956966718038,0.10180796778738678,0.058624328879135934,0.0016527283703622155,0.0033006268544089785,0.9888888888888889,0.7444444444444445,0.005930658494297152,0.007533034020736254,1,0.06006490871939174,0.026256754579791743,0.43713239572308316,low,confidence,confidence,confidence
739,3,90,-0.022476415501700528,0.021237395896896855,-2.790681283376746,1.0658874827740554,0.16386732790205213,0.005307844794085596,0.4441042797433005,0.014723823328609881,0.31471251216199664,0.2515171292755339,0.11220544859285475,0.05343717954039773,0.003924253359315987,0.004132858319864329,0.8888888888888888,0.9666666666666667,0.03649973069953902,0.0162978535043229,1,0.1943340995914648,0.06978614487432314,0.35910211290203875,low,confidence,confidence,confidence
740,3,90,-0.004247232609324998,0.007183122661107613,-2.4886353163023274,1.4083062125552537,0.16949782056940926,0.001934623443412367,0.4305300787091255,0.00886028329458465,0.14495769871605768,0.2658753338787291,0.16948697143465805,0.12631456955422424,0.006069794349370817,0.002724934622189529,0.7666666666666667,0.6333333333333333,0.03157573515372596,0.0052694559219419014,1,0.1260810736402033,0.07269736640684117,0.5765876488857211,low,confidence,confidence,confidence
741,3,90,-0.007442837953567509,0.004383070370280815,-1.2637202541494912,0.31777537402379236,0.17237236003081005,0.0015317963207503332,0.43626226650344,0.0020350893965612933,0.1740800420443217,0.2461780826250712,0.11928787132431311,0.050529328577546107,0.0018450827055298752,0.001735807979049199,1.0,1.0,0.0024279152830734424,0.0027391020126357754,1,0.03406993631366503,0.00862396837218184,0.2531180327064559,low,confidence,confidence,confidence
742,3,90,-0.012288296884960618,0.00245642887537398,-1.0814254961991092,0.40024894255188403,0.17104379170470768,0.0019433189749657627,0.4373326202233632,0.002655475071872999,0.2185010592142741,0.1918751855691274,0.16356044376546922,0.05032567050588512,0.0037390350501328427,0.0035207336089929766,1.0,0.9888888888888889,0.0011287834626812284,0.002963097176407222,6,0.04312161458313634,0.005415712839203245,0.1255886938108138,low,confidence,confidence,confidence
743,3,90,-0.034636676973766774,0.015763221426669496,-3.7032249211002313,1.7263221953756698,0.15211941798528036,0.018420907512088223,0.43613098363081615,0.008124897514208385,0.34080298741658527,0.2834954685635037,0.076447502019373,0.04827095176004669,0.002801519298327431,0.005344676605686808,0.7111111111111111,0.9888888888888889,0.03201209226716773,0.004738792584957734,2,0.20951927899206163,0.0194988926711512,0.09306446500049755,low,confidence,confidence,confidence
744,3,90,-0.041494719518555566,0.0037294373933468997,-5.400388724634569,0.41539719763664573,0.11385274711582395,0.0037568968426721964,0.42801770087745455,0.007106119045068854,0.3771059105793635,0.28151352405548097,0.09166292396153028,0.043521796105108895,0.0020351587948392166,0.003891314484379989,0.6555555555555556,0.7,0.0030846112943542685,0.007050323018759795,4,0.12479286434729744,0.03850623567812551,0.30855872505850007,low,confidence,confidence,confidence
745,3,90,-0.037034319506751186,0.010440151049318905,-4.218548123806352,1.2270889124317417,0.12352032661437988,0.00719923368028621,0.39140372210078767,0.012558149146196709,0.43446793357531227,0.3408830775154961,0.09021769519437069,0.010225300461936091,0.003939144481114232,0.003205380154235966,0.6777777777777778,0.9,0.00728825049986235,0.014163295786442326,1,0.16378089508509475,0.01362155895768715,0.083168893305392,low,confidence,confidence,confidence
746,3,90,-0.02060050434536404,0.006056320180604256,-3.3486585165971285,0.49059195510344955,0.13657737771670023,0.0055633738940347255,0.37424242860741086,0.00654587639652502,0.40058460897869536,0.37446299923790827,0.07332911315166646,0.007478198101115306,0.002091934004059972,0.001999007428770286,0.9555555555555556,0.9777777777777777,0.007656523046194348,0.0032297483024674362,3,0.08623841274727513,0.03605151131985219,0.4180398517497012,low,confidence,confidence,confidence
747,3,90,-0.0066722856627570255,0.0031974047060827596,-1.6970565999358374,0.6618223652389197,0.15481730004151661,0.005466953711807068,0.38831385771433513,0.00838403619558315,0.407445271147622,0.3842256082428826,0.17646240302276436,0.03722498313903323,0.003072597549935475,0.0029920454959390056,0.8111111111111111,1.0,0.018674705100462752,0.00872821518137343,1,0.16684783748610274,0.07316652054876702,0.4385198102136087,low,confidence,confidence,confidence
748,3,90,-0.009062894847657946,0.005508764630616158,-0.8976948214710939,0.5492235804056208,0.13658929732110764,0.0044230152065492185,0.3725477321280373,0.005549119143516861,0.3220030566056569,0.31920308536953396,0.09293269871930564,0.04546698611398226,0.0025605840835682,0.00247127248609032,0.9888888888888889,1.0,0.013424593079450937,0.004650581842278366,2,0.13263233328655907,0.04893374601822318,0.36894003042583623,low,confidence,confidence,confidence
749,3,90,-0.019161356820000544,0.007088287833506392,-0.5508419111857166,0.4155809954176068,0.1394708749320772,0.00613298638134167,0.3719041022989485,0.0038943946944151667,0.26334065662489997,0.18941814833217197,0.14436817691983342,0.07189384504862299,0.0018652664889148153,0.0033955108083178693,1.0,0.8888888888888888,0.006200596150004491,0.004918215017730916,1,0.06540084328427793,0.02205789226374333,0.3372671343201402,low,confidence,confidence,confidence
750,3,90,-0.00404240157869127,0.006561223608636742,-0.8480965207807836,0.6329707686944892,0.1434996700949139,0.0032045425320506218,0.37316971917947134,0.0032565910759217833,0.08921142286724515,0.16142899791399637,0.15643161992963958,0.0702464732393181,0.003941999472887147,0.0021975446136992933,0.9777777777777777,0.8333333333333334,0.00392265713286429,0.0031420037470564865,1,0.060972163119667126,0.006338224029696753,0.10395104510581532,low,confidence,confidence,confidence
751,3,90,-0.01483093500137329,0.007114162634697599,-0.6588693785382512,0.6398799766127599,0.1393796804878447,0.006392340602988519,0.377184208896425,0.004637700860756353,0.16527664992544386,0.1785667313469781,0.09043265782360212,0.05963695490701895,0.0035318431939379354,0.0023130879071584557,0.7555555555555555,0.6555555555555556,0.007879290192795835,0.005096785902852949,1,0.0550725463271933,0.017212276754561395,0.3125325660400155,low,confidence,confidence,confidence
752,3,90,-0.030949977371427746,0.012554444955297749,-0.4124922941885277,0.3542405833576239,0.13648751311832005,0.004592179852480286,0.3945789813995361,0.012078449079780501,0.19395030207104152,0.17744099299112956,0.08896588173542203,0.03457788980659721,0.004530857135323053,0.0038648343302975737,0.8666666666666667,0.6111111111111112,0.018326559699272417,0.006446737813099177,2,0.12883974012508814,0.0185648474308697,0.14409143732677698,low,confidence,confidence,confidence
753,3,90,-0.015147369437747532,0.005703655248577296,-1.0181770680882378,0.5942083832421347,0.1308531509505378,0.005097008123645886,0.3814592844910092,0.003352664999786957,0.2284922374619378,0.20457132988505894,0.0781315685177439,0.01881146758216788,0.0018662455510548115,0.0014123472899982793,0.8333333333333334,0.9666666666666667,0.014050141778918834,0.0032930219046647803,2,0.09553389116275546,0.007772653562042136,0.08135931770519803,low,confidence,confidence,confidence
754,3,90,0.002847885423236423,0.004394714956558717,0.7846522661116285,0.628330934769121,0.12637613713741302,0.0027650941135343924,0.37431646154986487,0.0017657647327704593,0.23343295653661092,0.2415820664829678,0.05725626169028471,0.006563877187787648,0.0005562955377695164,0.0007212558184959554,0.9777777777777777,1.0,0.0026016719775406377,0.0013623793953210907,4,0.03720071303270301,0.0026729148188272913,0.07184924028841373,low,confidence,confidence,confidence
755,3,90,-0.0018762012322743734,0.00716005901348698,-1.283594485096791,0.6509317273439398,0.12267429497506883,0.004599539070310093,0.380767830212911,0.0037438996002430443,0.23625947965515984,0.24330030679702758,0.05665342348258031,0.007277026793195884,0.0017548556518996337,0.0015475695647705935,0.7666666666666667,0.9888888888888889,0.02663810112769516,0.008337553065326752,1,0.11364827146483503,0.07008234273778516,0.6166545709839398,low,confidence,confidence,confidence
756,3,90,0.00011260641945732964,0.002565220348539192,-2.02696376620033,0.13307588225678968,0.12165532675054339,0.0024310816519013,0.37972684303919474,0.0019165968555199928,0.26351597640249463,0.26605500446425545,0.06019716046763173,0.007600838866697427,0.001018385722639137,0.0008284177076843903,0.9888888888888889,0.9888888888888889,0.0011544893780826829,0.002194753234344605,4,0.031008496076274566,0.008602509991474907,0.27741534303927967,low,confidence,confidence,confidence
757,3,90,-0.02895602583885193,0.02616407607924935,-3.6993495596426733,1.3968472209794573,0.12442598077985975,0.005180786868145933,0.38249461154143016,0.0032029968088369528,0.26137880484263104,0.21603204011917115,0.09471015345454678,0.02041290798903466,0.00188375298540685,0.0032133898231182694,0.9666666666666667,0.9,0.009923809553472393,0.0060254341085204935,1,0.0649687229556828,0.021593043006730987,0.33235547304796187,low,confidence,confidence,confidence
758,3,90,-0.003712026940451728,0.007703504147061919,-1.7060052646445885,0.3804803779318831,0.13109980987177955,0.004993365466928308,0.3928428570429484,0.003721076793684354,0.23711065583758884,0.24080049925380284,0.0797986893252798,0.05406545006778551,0.003905098395075546,0.0016749342956529968,0.7666666666666667,0.9888888888888889,0.002316234859418831,0.002716889326326889,5,0.04057967156245193,0.015934680451197347,0.39266675088593717,low,confidence,confidence,confidence
759,3,90,-0.012095577187008329,0.012938904222856767,-4.353959141185992,1.4453342534118225,0.1419233520825704,0.007043630548979755,0.38830363783571453,0.0025839784545292747,0.05439912080764771,0.2211439847946167,0.2214274139256625,0.05722164425627628,0.0041270792676501205,0.0014618688436930302,0.9777777777777777,1.0,0.00966959506130105,0.005064883213786993,2,0.08794322569985939,0.02058910721755675,0.2341155096165645,low,confidence,confidence,confidence
760,3,90,-0.023210834794574312,0.013035555690358218,-2.3154301727161903,0.3345176622654524,0.14602303504943848,0.006042468858213094,0.39124597741497885,0.005194164991612675,0.19737987385855782,0.1869071304798126,0.10884425399688848,0.04341779365323518,0.004300822967406271,0.003624424046513712,0.9888888888888889,0.7444444444444445,0.007920932881801573,0.003184565703306579,2,0.07703025941837993,0.008299356886696847,0.10774011679622872,low,confidence,confidence,confidence
761,3,90,-0.013734966516494751,0.018101197659425132,-2.014625040993813,1.171030373584525,0.1319817821184794,0.004901519254343372,0.37931065526273516,0.004563106626734263,0.32088263233502706,0.2844082368744744,0.09119462596119793,0.06561158061162356,0.0050176117688938765,0.003959855734692419,0.8,0.9333333333333333,0.008205325914484722,0.007351419924100452,1,0.12837800279759434,0.013811771359914725,0.10758590625361626,low,confidence,confidence,confidence
762,3,90,-0.0022458096345265707,0.006383203579407552,-1.4623868370145905,0.7068500620033867,0.1374998324447208,0.004803646873560533,0.38996572527620527,0.004262657195084318,0.18445109327634177,0.1931779252158271,0.0640257960877737,0.011716295226185659,0.0024315409721777474,0.002506523255108431,0.9888888888888889,0.6111111111111112,0.04064032745162753,0.0057011035216443335,1,0.14514586248141093,0.10509474094539602,0.7240579585993847,low,confidence,confidence,confidence
763,3,90,-0.009475119246376885,0.0024280438004427897,0.10317952361338881,0.5890364173489566,0.13421024415228103,0.0038796628674225456,0.39641446040736306,0.0030876011577222044,0.18902941147486368,0.1882883436150021,0.06153832535169174,0.013716951184165238,0.0030786898338669893,0.001690942840497448,0.7666666666666667,0.8444444444444444,0.004687484584536209,0.003462288542839611,3,0.05160983830735305,0.015463611735052063,0.29961946448075705,low,confidence,confidence,confidence
764,3,90,-0.015985609425438776,0.0053514135303035296,-0.033723440386923396,0.20564136253322687,0.1447737607691023,0.0022873160460252936,0.39169375399748485,0.00463277157622443,0.20095493131213718,0.18515736990504794,0.0592400278240938,0.023673281330201277,0.002566553867657978,0.002682099864657799,0.8111111111111111,0.9222222222222223,0.007669162802561566,0.0063480606922212265,2,0.0684093838642952,0.01532873550170334,0.22407030388998775,low,confidence,confidence,confidence
765,3,90,-0.02234326137436761,0.0054876748284561905,-0.08086934763087758,0.269664825977688,0.1340736680560642,0.007001402087315737,0.38990136517418755,0.0035698651766577277,0.23138974375194973,0.21190175082948473,0.09485442110947684,0.03853359220883257,0.0013581409638397264,0.0023297677990942733,0.9555555555555556,0.9777777777777777,0.02358938375231082,0.006939353180300997,1,0.10821644406977718,0.05886081479717611,0.5439124468622955,low,confidence,confidence,confidence
766,3,90,-0.002462919553120931,0.010776880600215586,0.09517330629337242,0.4236416415534436,0.13837439550293817,0.00392069223165608,0.3943260709444682,0.0026073294035624905,0.21941582096947565,0.2360812611050076,0.07601438250657895,0.016779634967096682,0.0024788050530768152,0.0015930295660454058,0.9,0.9777777777777777,0.011604545879623097,0.0038197004964213243,1,0.0658828847686623,0.026325663378447623,0.39957667145592235,low,confidence,confidence,confidence
767,3,90,-0.001021319627761841,0.011047720224567714,0.11101948855435019,0.5189969070826491,0.14687866502337985,0.0034305514895406346,0.3968133058812883,0.002189024765464187,0.23204036686155532,0.2248790721098582,0.09008508676857674,0.017698334730760552,0.004328950837445952,0.00333915219293086,0.8888888888888888,0.9,0.008348104264318711,0.001990566720666478,3,0.07175093755489012,0.009127849652248322,0.12721398143799992,low,confidence,confidence,confidence
768,3,90,-0.023758348491456784,0.005380767586247403,-1.197755915747764,0.45638397543306297,0.1368321567773819,0.018521023065028893,0.39234998060597315,0.02930785037757476,0.2572922163539463,0.2230454378657871,0.06707397824111265,0.022260139352506165,0.002420789351022676,0.0038930267085602807,0.7111111111111111,0.8888888888888888,0.03492676419925529,0.013318325013124594,1,0.24640716383666236,0.14034600579557008,0.5695671913232625,low,confidence,confidence,confidence
769,3,90,-0.008935402830441785,0.007219911821354472,-0.759167777216227,0.38347158543590393,0.18204202436738545,0.003246288072391683,0.46746087355746163,0.008217884738292158,0.287877474559678,0.27921219799253677,0.11543112158303821,0.038853139829328816,0.0033723886159199197,0.00299562458519449,0.6888888888888889,0.7666666666666667,0.013508760863250535,0.004744682965204161,1,0.09567527884164242,0.0680118292882187,0.7108536213117961,low,confidence,confidence,confidence
770,3,90,-0.001974289284812084,0.0014441236778958443,-1.5586149632927686,0.2375065345167211,0.17909217807981703,0.0013964922823662437,0.4758877393272188,0.001629845508657868,0.22541014386547936,0.28897354503472644,0.1741598983215696,0.06493794528537458,0.0032020278877560714,0.00044923000879853634,0.5777777777777777,1.0,0.000954789931289306,0.0018315452832193897,3,0.026109041197387394,0.009996845155374707,0.3828735879733121,low,confidence,confidence,confidence
771,3,90,-0.0073332071304321265,0.007854151918061136,-0.7430118410624914,0.3553795861197508,0.17288148436281417,0.006100289925074145,0.4759841587808397,0.004489740731502122,0.2982874588833915,0.30363164510991836,0.08999151669913016,0.0050421964189795235,0.001005071901549842,0.0011341191535182095,1.0,1.0,0.021040606405488528,0.005486431790551433,1,0.10235826965635972,0.06880804792208736,0.6722209737631928,low,confidence,confidence,confidence
772,3,90,-0.03146551185184054,0.00903565649795307,-0.7713343946903245,0.5375314659088882,0.1879518042008082,0.004738021871299773,0.49407082266277735,0.006163139623626883,0.3208399216334025,0.27462724248568215,0.09796476494170304,0.010762308130237094,0.0022099880789783867,0.003157669962928669,0.9888888888888889,0.8777777777777778,0.01888520611296864,0.003891025681149242,2,0.11664171053287074,0.04174712463301609,0.3579059886580006,low,confidence,confidence,confidence
773,3,90,-0.011900348133511013,0.008193799640493275,-0.19338805560109254,0.32123337437525995,0.1761176413959927,0.010117481969777353,0.48367471959855823,0.003925868195878819,0.32047102848688763,0.27404069701830547,0.13485244137931932,0.05520861024216388,0.0011029433154727416,0.003069139002345444,1.0,0.9666666666666667,0.0152592071762253,0.004094582077182167,1,0.07849322946728769,0.04414843653228073,0.5624418104604684,low,confidence,confidence,confidence
774,3,90,-0.010583652390374076,0.011548796920581665,-0.22794220494443512,0.4390187366920629,0.17100035183959536,0.00649391259525938,0.4834941065973706,0.004394879336988046,0.3217328763670392,0.29838226139545443,0.09755802313608816,0.03515476999955105,0.0017798568806491602,0.0027771923176771267,0.8666666666666667,0.9777777777777777,0.017643308981468302,0.003628379075510234,2,0.0892956102247024,0.027680219301478022,0.30998062784045927,low,confidence,confidence,confidence
775,3,90,0.002259443534745113,0.007908101454885198,-1.4815944397628482,0.461845460193555,0.1710996566547288,0.012257883378440786,0.4913782995608118,0.0054411455348692215,0.2239387167824639,0.3026593406995138,0.14844334351686578,0.0824677129204351,0.007815643326196232,0.002550897552261251,0.7333333333333333,1.0,0.010451864484860131,0.006626567595737322,2,0.10802679559829467,0.009093129938382669,0.08417398400126395,low,confidence,confidence,confidence
776,3,90,-0.0067431479692459054,0.004488060290723176,-1.0811440496796232,0.21449628493655348,0.18609466006358463,0.002638980010234026,0.4844895934065183,0.002294382509910871,0.29531854225529564,0.2968940734863281,0.1743335956383685,0.07064909067744762,0.0031953066390717033,0.0038742392823789356,0.9333333333333333,0.8,0.01915031167446104,0.003992448296712735,2,0.10709197240407069,0.02642488521316391,0.24674714521379254,low,confidence,confidence,confidence
777,3,90,-0.01916961040761736,0.008224028409446343,-0.715659596947035,0.429096733079988,0.1994188071952926,0.005015078700030833,0.47882478485504787,0.004350538888215045,0.31043729848331875,0.30637832515769536,0.2541750055376792,0.035320349041262446,0.0043853624684953695,0.002218228816067656,0.7111111111111111,0.9888888888888889,0.020597195083933057,0.008393181162958377,1,0.10317363080166103,0.05528331424657351,0.5358227484510998,low,confidence,confidence,confidence
778,3,90,-0.02160974111821917,0.006585942128006085,-0.8314814139918453,0.7783951266724356,0.17837773776716656,0.009045012838531093,0.4817004765073458,0.002464576215827558,0.29872031576103636,0.26459029846721227,0.09185832028455376,0.03451033715206887,0.0031528667735334958,0.0033300109618435336,0.9666666666666667,0.9,0.02015420753494487,0.004233983908354313,1,0.1066518716020557,0.060510406256496646,0.5673584344008448,low,confidence,confidence,confidence
779,3,90,-0.008728358811802334,0.00552691836381169,0.38363274866188946,0.9722406419486568,0.15450564407640033,0.01858121139084123,0.47003162321117187,0.00400058161712948,0.32391965488592783,0.30499610172377695,0.09584350962815105,0.005072515241646564,0.0022530763782646268,0.0019658479181249673,1.0,0.9777777777777777,0.0031601843336567575,0.003507429087615625,2,0.05226874783914019,0.009131584738995873,0.1747011439025546,low,confidence,confidence,confidence
780,3,90,-0.015262166990174193,0.01592166495559797,0.5446887299018137,1.4805406560671093,0.14641178233755958,0.02444492292795027,0.4673299711611536,0.004366427466573459,0.34836887386110094,0.3161392241716385,0.09446894332492892,0.019723591522018007,0.0019512936532718158,0.0016704924870342768,0.9333333333333333,1.0,0.025230429196276064,0.0047634696096358715,1,0.09811284329533096,0.06772641064474054,0.6902839433256969,low,confidence,confidence,confidence
781,3,90,-0.038217665420638196,0.0032048035584700124,-1.1616226150736502,0.5909938086632982,0.16422685335079829,0.00564200521709711,0.4800167168180148,0.004385006627003731,0.3419008056322734,0.2971395774020089,0.10626054998433734,0.011392133116048092,0.0023853061594461883,0.003459774196225661,0.9222222222222223,0.9333333333333333,0.021718391802747924,0.0049338104073635,1,0.10572154540918688,0.04741954768411323,0.44852824438327094,low,confidence,confidence,confidence
782,3,90,-0.025332983334859224,0.0035455293765025058,-0.35160080401266414,0.579261463795762,0.16327944927745394,0.004903429431761542,0.47205894456969366,0.0037191173273247516,0.3071516275405884,0.2620724850230747,0.11959370080615438,0.03341259713426426,0.001077728097396368,0.002630542977725911,1.0,0.7222222222222222,0.004626375004913335,0.003133456922490289,2,0.059092057326081845,0.008713132972348922,0.1474476591094097,low,confidence,confidence,confidence
783,3,90,-0.019126816590627035,0.0058892268773459286,-1.4991007903383453,0.22150659209358994,0.17452731728553772,0.004258465605845907,0.5023170924848981,0.007054417812825434,0.31775078740384843,0.3134094148874283,0.0774019960289999,0.012228596332130156,0.0022525706815235374,0.0016247693761801405,1.0,0.9,0.015568316938485083,0.005048528077360626,2,0.10916997863175004,0.01682100045709456,0.15407941440036274,low,confidence,confidence,confidence
784,3,90,-0.004260564181539742,0.002693073294335954,-1.2821511510479995,0.17756739583032888,0.17361157619290882,0.003532465306932354,0.48789832211203044,0.0023382549911492643,0.24353204336431292,0.30240853627522785,0.11063964791995572,0.021013543382139056,0.0017118488107310485,0.0021943091270754988,0.9333333333333333,1.0,0.011604619478295001,0.005252965860457415,3,0.06650511741606037,0.047230688788405466,0.710170592171719,low,confidence,confidence,confidence
785,3,90,-0.015566465258598332,0.008560784602097141,-1.924436471630651,0.5877998466925412,0.168170856932799,0.0031589113201589258,0.4706258186035686,0.013274454377553714,0.2853937917285495,0.28739302191469407,0.08189527124261307,0.009307900444725303,0.004170940461978685,0.003927912670349049,0.7555555555555555,1.0,0.1035946036590965,0.0040854916298539755,1,0.2732922687259433,0.22964812513592026,0.8402992368107314,low,confidence,confidence,confidence
786,3,90,-0.023997448219193366,0.02012765565683871,-2.123628438847321,0.7922641680980873,0.1644269299176004,0.0038033623597956054,0.45084506223599113,0.004569080551059884,0.27631610532601675,0.2500688936975267,0.09299229991947333,0.0063516317218322215,0.0012349883446620225,0.0020891934641994,1.0,0.9222222222222223,0.011422508649207323,0.0038356637127791933,1,0.06127813095208616,0.02331580793535474,0.38048529039331924,low,confidence,confidence,confidence
787,3,90,-0.037962279717127505,0.009797837366384407,-2.648001471572928,0.36613214747653594,0.15700234406524236,0.004341435066606188,0.45841768284638723,0.002491744688696407,0.2862406101491716,0.24678879380226135,0.09868360584982225,0.02138811097400566,0.0016743232124611517,0.002812270610865894,0.8777777777777778,0.8888888888888888,0.00507819325461233,0.001762220296311545,3,0.054291746868824355,0.021999624064556605,0.40520373960281414,low,confidence,confidence,confidence
788,3,90,-0.019149771001603894,0.005432098035755122,-2.4348971528465064,0.39019530334936253,0.17025985254181755,0.006014543559896883,0.45042058891720244,0.002006517015580676,0.22555353310373094,0.2561479912863837,0.11917195172684016,0.03869459771684802,0.003724016745611271,0.0020834697933530344,0.8555555555555555,0.7333333333333333,0.007852913496032291,0.0017970365306194196,1,0.06038970599972289,0.015059999517176185,0.24937611289467768,low,confidence,confidence,confidence
789,3,90,-0.016572332382202175,0.005285811341214011,-2.684880213612343,0.5206683989313283,0.17700907786687214,0.0030133613195715463,0.4502667423751619,0.006168848247134599,0.11267208920584787,0.22157999674479167,0.22152709120966263,0.076943024788431,0.00559783053551091,0.0029740907694261317,0.9111111111111111,0.9555555555555556,0.004300384883189331,0.003636119280332513,3,0.07182783666349983,0.005064459484726001,0.07050732992449438,low,confidence,confidence,confidence
790,3,90,-0.023536825842327566,0.012848759335788317,-2.635516973179527,0.376585766806687,0.1724365446302626,0.004798513037950456,0.455306668082873,0.007434511483849676,0.21693670484754773,0.2464990324444241,0.11082639250993817,0.031316637736589624,0.005362973900595455,0.004936251195917366,0.8777777777777778,0.8222222222222222,0.003907910383861886,0.003334558246167539,3,0.07247278171372926,0.009831935442115039,0.13566196229349656,low,confidence,confidence,confidence
791,3,90,-0.0054557250605689256,0.010818907703559179,-2.025940211952949,0.3038888145037436,0.18112600478861068,0.004952269109653358,0.4527412083413866,0.005029489558731818,0.274509072303772,0.2827655878331926,0.13721167702594353,0.031189764887767032,0.001954573643725674,0.002765534603489927,0.8444444444444444,0.9555555555555556,0.00290588808716886,0.004892687279725446,4,0.06616259210341033,0.011579071177743617,0.17500668886970522,low,confidence,confidence,confidence
792,3,90,-0.019430211848682842,0.007589081982827703,-1.8448307111896418,0.33161598937398074,0.16739472730292215,0.005477032859529365,0.45457600437932544,0.004052750060698647,0.2948139919175042,0.2695034917857912,0.09771480462320503,0.029204169570562752,0.003146752558876894,0.0021177800654902075,1.0,0.8777777777777778,0.010087220683418092,0.005431396633424676,3,0.10989754468072424,0.04244056146885032,0.3861794675457083,low,confidence,confidence,confidence
793,3,90,-0.036823854843775455,0.004887918911096256,-1.6840111549049188,0.5165152346965504,0.16486519840028552,0.0059538968576535595,0.4517245497968462,0.010456536403038867,0.29397821558846365,0.26981935103734334,0.08575078144644084,0.022582240051967458,0.002655733112346616,0.0019552381764569443,0.9333333333333333,0.9444444444444444,0.02322531760434105,0.0038736205386596294,1,0.10163125862824125,0.04325112936201334,0.4255649726355177,low,confidence,confidence,confidence
794,3,90,-0.024002143740654017,0.010259665098318712,-0.8941232387594348,0.2515261186903199,0.16816348847415713,0.005682322003706803,0.4483310528927379,0.008641873433015309,0.3142392257849375,0.2729799406396018,0.07759312387216778,0.0104925893665358,0.0022613396828265204,0.0027476630138928847,0.7222222222222222,0.7,0.012635879035463924,0.004597616159391083,1,0.075006641814833,0.026720860889271586,0.35624184740050646,low,confidence,confidence,confidence
795,3,90,-0.025613341397709335,0.007076229610173923,-1.0534345237212466,0.20408466723316426,0.17736286636855866,0.0015568306324367255,0.4412171580725246,0.0036823069238448945,0.31375727156798044,0.2772513078318702,0.1024973335677429,0.027375027668219164,0.0016843651835940832,0.0018904822121687478,1.0,0.9555555555555556,0.0062776124894966135,0.00240608768299984,3,0.06173621077240127,0.0043967667868829675,0.07121745106192065,low,confidence,confidence,confidence
796,3,90,-0.03740239805645415,0.003651664345124917,-1.2464161490725945,0.18108786463156512,0.17395150595241124,0.004567381920560726,0.44045733445220525,0.003407366871446004,0.3316002660327487,0.2835470113489363,0.11631932601441351,0.011762973575509978,0.001591997358284759,0.0022273836768846407,1.0,0.9666666666666667,0.00376818118350912,0.0036556762612197833,2,0.05016958229681776,0.0033315384919971906,0.06640422214530495,low,confidence,confidence,confidence
797,3,90,-0.028985235757297965,0.0021901833812436305,-1.4882083311381473,0.4419664995684983,0.1732554139362441,0.0020023738113660616,0.4414284923010402,0.002685390568893867,0.28185211254490744,0.2617511239316728,0.12776029372960065,0.028771038148095434,0.002701857499778898,0.001655897539290018,0.9,1.0,0.0039597085379239096,0.0022514079122531,2,0.0486888517890803,0.006381428241239817,0.13106279864813603,low,confidence,confidence,confidence
798,3,90,-0.025720419486363753,0.001565971042577249,-1.1365595962547392,0.14867134858256398,0.1703045709265603,0.0017081621505504027,0.4428110222021739,0.0016555616588591945,0.2936043017440372,0.2532410714361403,0.0904759495566339,0.0020784466300926,0.00036340470187787923,0.0006417519355783795,1.0,0.9888888888888889,0.0014878170613749275,0.0036636920930776576,1,0.02389529806816607,0.008180367215226407,0.3423278029045029,low,confidence,confidence,confidence
799,3,90,-0.029021562801467077,0.0015547972311133924,-1.1705405752107987,0.18877926859457841,0.1686559248301718,0.0008647752611608363,0.44031273639864393,0.0026300577922911722,0.27851282523738013,0.2458637171321445,0.101630027382436,0.019538527872496957,0.0013376460340601118,0.001103197326559626,0.9888888888888889,0.9666666666666667,0.0028589936337035248,0.0019968318032500066,2,0.03885872242066008,0.0022005897729289914,0.05662906567132426,low,confidence,confidence,confidence
800,3,90,-0.030439920889006742,0.003246001558608114,-1.4084800444145058,0.13914203228637148,0.1684533190396097,0.0009738682514628434,0.4419723422990905,0.003284894816023355,0.28189086019992826,0.24267763362990485,0.08370605259875351,0.009632281936388045,0.0004781166638573239,0.0012115983013806979,0.9777777777777777,0.7333333333333333,0.0015807373919640437,0.0016266271833906675,1,0.016362675470746862,0.0037569082106887947,0.22958828640943,low,confidence,confidence,confidence
801,3,90,-0.03390752375125887,0.002865527117922282,-1.489665136742128,0.11451870214106677,0.16318631983465617,0.004228262526184326,0.4449730123082797,0.002533383523561102,0.2792636589871513,0.2238160683049096,0.1274507257244999,0.02606848161598324,0.0010064993865824359,0.0025455280085373583,1.0,0.9111111111111111,0.0010685177647254947,0.002273092843251816,3,0.03346917949074994,0.003574893756768321,0.10680832344374802,low,confidence,confidence,confidence
802,3,90,-0.02884237832493255,0.001912630797167123,-1.600410973571279,0.09578175917020958,0.16460804839928944,0.0018547341089979168,0.4400946252875858,0.005366181602134647,0.2701998684141371,0.23444365594122146,0.09132241461198153,0.007946075460146342,0.0011793616501366503,0.0012179176161780847,0.9888888888888889,0.9333333333333333,0.0018354193346455292,0.0023376233444275057,1,0.022652405947282857,0.005023277325862173,0.221744903947421,low,confidence,confidence,confidence
803,3,90,-0.03486313521862032,0.007050280494007226,-1.6798652241303513,0.2619259836238127,0.16981208274761836,0.003282485165575418,0.440847343703111,0.003618677193881028,0.2856311192115148,0.2530558983484904,0.13122082028395696,0.024784765657886884,0.0026278845918333376,0.0025544299192549733,0.9888888888888889,0.7666666666666667,0.001565832308828591,0.0032221586191806878,3,0.049470502198515676,0.007517573053026474,0.15195764670457143,low,confidence,confidence,confidence
804,3,90,-0.029087361362245354,0.008225137953840231,-1.9377892592023835,0.9288902961951067,0.17591820690366958,0.011323253742803945,0.47581429415278964,0.022881768662878853,0.3379314104715983,0.29529003699620565,0.09905768364519592,0.009008282886584125,0.004799405219214138,0.0041804954440870035,0.7555555555555555,1.0,0.04927745697908034,0.008603803781530204,2,0.3131241728167611,0.04569550510850491,0.1459336683072927,low,confidence,confidence,confidence
805,3,90,0.006446081731054513,0.03546740576849226,0.3207693384630882,1.2932709982319102,0.2118325968583425,0.014859470546992453,0.5415162263645066,0.020891129414473592,0.3790252172284656,0.3704201400279999,0.1304703205471615,0.014172885337925689,0.003923239501678218,0.003253845876679323,0.9111111111111111,1.0,0.08358498088008938,0.010983262598824008,1,0.2819099316797156,0.25374621377017,0.9000935588352987,low,confidence,confidence,confidence
806,3,90,0.04668621089723375,0.012268534546237954,1.4420664870925177,1.0714617282024628,0.20804100351201163,0.01848150569422828,0.5645254621903102,0.017606751973614353,0.3712732705805037,0.4273856302102407,0.12497024686032421,0.07261376650164089,0.006604234585187256,0.0043383702793739305,0.7666666666666667,1.0,0.013578950574131722,0.010278055705609641,3,0.15424599011907147,0.057050304771107285,0.36986332587149423,low,confidence,confidence,confidence
807,3,90,0.044580838084220885,0.008757614355813105,1.1141680914422483,0.8066118347400911,0.19223352819681166,0.02551493843108076,0.5744239633282026,0.016365645095936878,0.3282474335696962,0.46532200243737964,0.16223656037699377,0.06645339590124284,0.008049084714330034,0.004921210418938126,0.8333333333333334,1.0,0.036657124147464706,0.006460664946723597,1,0.15207348682995542,0.11268032107219446,0.7409548006444355,low,confidence,confidence,confidence
808,3,90,0.035100558400154115,0.008564975533883301,1.0895860659740124,0.2904871362134584,0.22061773604816862,0.0054183257867378145,0.5509206429123878,0.004097529877739951,0.3211396647824181,0.36169088847107356,0.10185245635418154,0.020645698593216223,0.0025486662276051446,0.0018520152817714916,0.4666666666666667,1.0,0.005679771825766081,0.002055586878879442,2,0.057085760795535394,0.005012315603567112,0.08780171678542868,low,confidence,confidence,confidence
809,3,90,-0.0008754703733656135,0.016523215702245773,0.6927041257113331,0.43314456347167757,0.22802092101838853,0.005724663139909379,0.5508676446146435,0.004410764454534315,0.2926162014404933,0.29311322470506035,0.12127511848270434,0.015721136443937835,0.0029211593582006336,0.003743855189839994,1.0,0.9555555555555556,0.03211986552327802,0.014238430400563693,1,0.11137939661987414,0.08985661314182608,0.806754293114023,low,confidence,confidence,confidence
810,3,90,-0.00982420676284366,0.03170390059405725,0.2502481933592835,0.4254443405325977,0.21824484484063256,0.0038457047594717057,0.552754304309686,0.006834539758134537,0.31073621412118274,0.3106613940662808,0.1184962279759237,0.046692326893305006,0.006942806621134862,0.009956147354941002,0.9111111111111111,0.7333333333333333,0.0320141599497876,0.007154232144840632,1,0.12060637473538999,0.0802000644287812,0.6649681630558533,low,confidence,confidence,confidence
811,3,90,0.035083274046579994,0.019644638955084944,1.2588684091880116,0.4794450040098635,0.20620226661364238,0.008584826523475343,0.5427945299281014,0.012822566923042655,0.3165752463870578,0.3263773149914212,0.16192907621077493,0.018956878389380816,0.0036667956221377103,0.002360950466182942,0.8444444444444444,1.0,0.020781079756183287,0.012571437440966319,1,0.09578719883690634,0.05665034394859656,0.5914125605916466,low,confidence,confidence,confidence
812,3,90,-0.001717432339986163,0.0028635995521913552,0.33457567297401136,0.3139994355762917,0.20263279957903757,0.007578626094211311,0.5153843604856068,0.004858777090418679,0.3352429813808865,0.33487710025575423,0.15272241811657503,0.06247880493502632,0.004242516016131214,0.002553674907468447,0.8777777777777778,0.9777777777777777,0.004872304154271062,0.004040916110536915,4,0.06894848878810188,0.004632671899697114,0.06718935819719292,low,confidence,confidence,confidence
813,3,90,-0.005004784795973037,0.00789071219825702,-0.3166278762024002,0.46902169432064295,0.20287607361872992,0.0027494271771938417,0.5215755906369951,0.004028839499133566,0.31444777150948844,0.3265628904104233,0.12925027299644504,0.01974581258534318,0.0028357466852321654,0.0022420588190642785,0.9555555555555556,0.9888888888888889,0.0018347790827947484,0.0034329125155672154,4,0.04244728705965457,0.001261742750419026,0.029724232420635478,low,confidence,confidence,confidence
814,3,90,-0.024300448762045967,0.008582695366513127,-0.8285013735001728,0.4705185813540177,0.2002427539891667,0.003026862507722524,0.5216847985982895,0.0021217675101465818,0.31122832993666333,0.28983778655529024,0.09651837588240178,0.009411380269803458,0.0014514469918664877,0.0014183676586340729,0.8555555555555555,1.0,0.002863444214170505,0.0016668730188715173,1,0.027914917698147183,0.011053801390016544,0.3959676880244635,low,confidence,confidence,confidence
815,3,90,-0.006383997533056474,0.01835741154539423,0.09641032989504016,0.3791100243301783,0.2154340113202731,0.009607910576739886,0.525291130443414,0.005700963187945549,0.3387107074260712,0.35063561035527124,0.15304328854021831,0.03935778457904469,0.0054959950248000275,0.0037070422596649625,0.9222222222222223,0.9888888888888889,0.008004010917455992,0.006749138901612029,2,0.08735524171755159,0.0032271216780114646,0.0369420846703284,low,confidence,confidence,confidence
816,3,90,-0.0020108898480733217,0.011821899634726945,0.2087671480408864,0.2475830123672666,0.19398787849479251,0.005954610111214655,0.5194654077291488,0.0028218912508612836,0.3394386645820406,0.33606120381090376,0.09793003285093846,0.01426499056425328,0.002618404581157276,0.002596694743608874,0.8555555555555555,0.9333333333333333,0.002692431644433496,0.0028747299923911943,4,0.045314910218149415,0.009497270952758588,0.2095791722386026,low,confidence,confidence,confidence
817,3,90,0.009496707717577609,0.0035087046555885614,-0.049116640878664186,0.17553975211575765,0.19766416168875164,0.003608024209901249,0.5193292010161612,0.005271423876963613,0.3540500150786506,0.36359959211614395,0.1994122851942519,0.06475759121210163,0.004572398850446749,0.0031847649814030553,0.8111111111111111,0.9777777777777777,0.003595174938715937,0.0032961799578812363,1,0.06517809399689405,0.009508946595915446,0.14588951783172335,low,confidence,confidence,confidence
818,3,90,0.005150318145751963,0.0021713246271933212,0.2149316182625315,0.2177192591264989,0.2027133234673076,0.004250587039207615,0.5220633784929911,0.004250109397878681,0.3315536187754737,0.34789137641588846,0.14534098748978383,0.042573500217156536,0.0029220100451923248,0.0008608811857043654,0.9111111111111111,1.0,0.003612188651601385,0.004267041118846436,1,0.04138086061810792,0.013185112821201947,0.3186205894142998,low,confidence,confidence,confidence
819,3,90,0.004643413093354968,0.004884901816966055,0.19172482128403504,0.22710683551728938,0.2032499157720142,0.0037453945137241795,0.5224909298949771,0.0037707399375057024,0.34747636483775246,0.35093109044763776,0.12737753735972085,0.0491993995835827,0.002324196023828628,0.000930418880993892,0.9222222222222223,1.0,0.0017187443214692912,0.004353538478884667,7,0.03276849475020012,0.012806765550574787,0.3908136408022152,low,confidence,confidence,confidence
820,3,90,-0.03400856819417741,0.016963881401553246,-1.1599218785290482,0.46044659125321985,0.20644962936639785,0.0049314710262722055,0.5353196745117506,0.010763761054361564,0.37150360809432137,0.3489604562520981,0.1966387666471573,0.06852551744511516,0.0027128614110255938,0.002745323247235566,0.9333333333333333,0.9555555555555556,0.0038672345301250504,0.0022387473105506582,2,0.05600542027501118,0.01098306543113733,0.19610368556330904,low,confidence,confidence,confidence
821,3,90,-0.02496713598569234,0.003924830503973193,-0.6719292116526703,0.33173307737979013,0.19599637173944048,0.007518415260004025,0.5229678630828858,0.004681592310376946,0.3219023628367318,0.32194628814856213,0.139095843093292,0.07305539272765986,0.0037851268772165817,0.002601764984435217,0.8666666666666667,0.9111111111111111,0.0033311615461793097,0.004566691585512664,3,0.04335095460306715,0.009566930346921338,0.22068048452524625,low,confidence,confidence,confidence
822,3,90,-0.019034604231516514,0.004512264602859243,-0.24712411363740844,0.1909291166546672,0.19462403605381648,0.002120227383075771,0.5287123921844694,0.001743020748244367,0.306272401743465,0.2787289967139562,0.09667639356044888,0.007898847828087915,0.001503191709764373,0.0014737516868436463,0.8333333333333334,0.9777777777777777,0.0009653045036488027,0.002714024085226792,3,0.022412047378363782,0.008339407244486901,0.37207824102211406,low,confidence,confidence,confidence
823,3,90,-0.010798721181021799,0.012153485972013335,0.1301676033800415,0.4473329872743901,0.17137824760542975,0.009134125637954906,0.5264866352081299,0.015858169807100014,0.2872958633634779,0.2879706435733371,0.07739169925796863,0.02915468965392624,0.004374137986838746,0.00515422602296173,0.8777777777777778,0.7777777777777778,0.008771665050437133,0.005410508392247566,3,0.0802717005951061,0.029252645760163364,0.36441586670558307,low,confidence,confidence,confidence
824,3,90,-0.00578541325198279,0.011821360989647088,2.062097636261184,1.7864423539838343,0.1690049209528499,0.017797136504867975,0.5473064752088652,0.016940906357868938,0.23501707282331255,0.23776581618520948,0.05632528773168492,0.03084605419556787,0.006148234775418846,0.006312786728483153,0.5555555555555556,0.5444444444444444,0.014411829215991902,0.004336116492374778,1,0.10775560996507416,0.03901709092061599,0.3620853600838234,low,confidence,confidence,confidence
825,3,90,-0.04924934274620479,0.029069959733356875,-0.9897024425570192,0.9308989762536125,0.21827602653453748,0.077870336531209,0.5913761127326224,0.10314302159610232,0.45316062139140234,0.454533373647266,0.3288014279089904,0.17846105287192945,0.015388700795602998,0.01940009838760799,0.4777777777777778,0.5,0.04529329685357532,0.06895064469661641,2,0.5795924749197907,0.24855576236498098,0.4288449976069491,low,confidence,confidence,confidence
826,4,90,-0.02095046422698281,0.01034873787946984,0.4114256684298939,0.6351046109525312,0.266883151097202,0.06963663828665843,0.576001499728723,0.09889183314240257,0.6063808273185384,0.5794238296422092,0.3267327265507983,0.07415454635607284,0.00823704873420366,0.010387117272016029,0.05555555555555555,0.044444444444444446,0.043438793734360805,0.023714648835546793,2,0.2390481101962212,0.0773847555213889,0.32371906951616913,confidence,confidence,confidence,confidence
827,4,90,-0.004376122024324205,0.0034835147331218107,0.4625634856295106,0.6816869701464565,0.1474417871899075,0.011131055768602937,0.35998401674959396,0.01991143233272757,0.33769194384415946,0.32459707160790763,0.16295754757372552,0.05525712808048847,0.0037996988857593597,0.0037256162224982192,0.9888888888888889,0.7333333333333333,0.013896802547035021,0.011289264250126899,7,0.18890068279048022,0.040837651643034246,0.21618468951559958,confidence,confidence,confidence,confidence
828,4,90,-0.0070523175928327774,0.002671523688422382,0.4660696539096944,0.2045888098706533,0.13494278026951684,0.0013243701958347768,0.3463456753227446,0.003953759503028176,0.2115321397781372,0.21898684369193183,0.07901008711056921,0.015911644976852928,0.0013638982178445593,0.0015792882862362236,1.0,1.0,0.005366395476057762,0.004313174336891331,5,0.06660408750834916,0.020007240746531426,0.3003860740221001,confidence,confidence,confidence,confidence
829,4,90,-0.009800066550572714,0.0029178717298714925,0.9006742799366082,0.19299579988444845,0.14283097121450636,0.0038230580844137076,0.3504849129252964,0.0031177217393369362,0.18315604660246107,0.17111354139116075,0.07802560282124835,0.02856707907918031,0.0008851931822535619,0.0013087339221217072,0.9777777777777777,0.7,0.003208146725542743,0.0030552633276892094,1,0.05431979377971718,0.008333258168293868,0.1534082547115764,confidence,confidence,confidence,confidence
830,4,90,-0.021174143420325395,0.00850938517444014,1.5487320909661944,0.5976284246794838,0.13458562658892737,0.005358162947252484,0.3556659029589759,0.00796566582573909,0.19791242678960164,0.17950728336970012,0.060272043362920254,0.009657698089509862,0.0006750538636940968,0.0013104981847372663,1.0,0.8777777777777778,0.0010854931141511654,0.005719043258344459,2,0.04263732299493174,0.0076768695645346025,0.18004623599870764,confidence,confidence,confidence,confidence
831,4,90,-0.026139209998978518,0.00747190481719377,2.1771870739999764,0.6576889447799524,0.12683813489145704,0.006258206775234881,0.3581739334596528,0.004285110322349658,0.18218615154425302,0.1701035605536567,0.06432214367689919,0.017590412096003552,0.002457181545591767,0.0024744725229912585,1.0,0.8111111111111111,0.0023270536955809253,0.0023938032554289466,3,0.04256543512163949,0.00683796084233319,0.16064208390467205,confidence,confidence,confidence,confidence
832,4,90,0.0021950960159301757,0.004038954767662293,0.05971554397213108,0.22407270382404326,0.14349752797020807,0.0014889440282419193,0.3455601781606674,0.002907716785346323,0.18258915543556214,0.19230519665612114,0.07230005756053871,0.02794116878001819,0.001727349640058896,0.0011114070664898577,0.8444444444444444,0.9555555555555556,0.0018177124515234425,0.002830534477831437,4,0.049042697625282274,0.006457099205060095,0.13166012184471645,confidence,confidence,confidence,confidence
833,4,90,-0.003954123126135932,0.003305855598884993,0.22687832196183788,0.266809692703505,0.14556706812646653,0.0020950786358146707,0.3496706720855501,0.0015171051865795501,0.18461915254592895,0.18517280485894944,0.051822217059372386,0.007934113133930484,0.0005124250340860798,0.0009506451759657591,0.9333333333333333,0.4,0.001153878616826103,0.0017829701608696232,3,0.03292364185591184,0.005259660947851722,0.15974846350249106,confidence,confidence,confidence,confidence
834,4,90,-0.017614232500394192,0.0018486846149981331,1.0834719773883101,0.3881739584000283,0.13267901556359396,0.0034871571414994227,0.3416515613595645,0.0026171332779310478,0.1667904539240731,0.1757646401723226,0.061773674102120875,0.017384881414339685,0.0018087976114959075,0.0019451916394370768,1.0,0.2222222222222222,0.0007763895326050527,0.00407123341976784,6,0.0675913113063105,0.003398446644542737,0.05027859794795113,confidence,confidence,confidence,confidence
835,4,90,-0.012157683240042792,0.0032658752371284515,0.7320292990662394,0.3125635269291501,0.14020077221923405,0.00218166138563561,0.3448700815439224,0.0046459350794370085,0.17721875376171536,0.16839922534094917,0.06835965255010534,0.011703689507419545,0.0010473771085468628,0.001259726059468482,0.9888888888888889,0.9444444444444444,0.0008665356028936757,0.003565761867432563,5,0.03705081638072942,0.004349754395375682,0.11739652249917715,confidence,confidence,confidence,confidence
836,4,90,-0.005081123775906033,0.005228399484965717,0.6186858365496655,0.20261085478328775,0.1421482973628574,0.0013277063848609425,0.3432349817620383,0.0021003783634964256,0.1888459755314721,0.18068458769056533,0.07282498906534324,0.0067130716264476985,0.0007684616772222663,0.0005979431381252839,1.0,0.9222222222222223,0.002878570902588291,0.0021200107052757717,2,0.0462896243195751,0.002334544097522675,0.050432331208275734,confidence,confidence,confidence,confidence
837,4,90,0.00831792950630188,0.003527483455808039,0.08211256497794359,0.33296025426106285,0.13898728258079954,0.0026660974476322877,0.35148257613182066,0.0022663506940724765,0.19332804282506308,0.20968210366037157,0.10120057346247621,0.018500736700377572,0.0013928517672497404,0.00028943527350999015,0.9777777777777777,1.0,0.0011863634479688699,0.0032941046527686373,1,0.042485479446620546,0.008704262432889714,0.20487135075114038,confidence,confidence,confidence,confidence
838,4,90,0.010566139883465237,0.003774694731639951,0.13132872039519536,0.5698381139067391,0.13953475587897832,0.0019974526514086556,0.35085572203000387,0.0021036361200934732,0.1830132828818427,0.19433143072658116,0.11687048421717239,0.010217676862826892,0.003242493493700333,0.00144094200750252,0.4222222222222222,0.9,0.002082443757163528,0.002580098963951281,5,0.06038732950956623,0.005002071733227952,0.08283176192902576,confidence,confidence,confidence,confidence
839,4,90,-0.014647035466300116,0.007708586948778755,-0.460499316093489,1.6840832896597553,0.1542072312699424,0.008379865820928567,0.3600842965973748,0.004395911040269085,0.1275652229785919,0.19332885808414882,0.14849666125573333,0.07732632671837542,0.003645254185423831,0.0016259061649236805,0.9333333333333333,1.0,0.008078935808243674,0.005378955272608817,1,0.07199782443573474,0.01855591520399851,0.25772525245271594,confidence,confidence,confidence,confidence
840,4,90,-0.011661883195241292,0.0014228353607571226,1.0198671024377504,0.24436654865291477,0.1357232196463479,0.0019216315102146256,0.34924459722306994,0.006168024875069378,0.19794084032376608,0.19017919103304545,0.06888034274843416,0.005201113266603938,0.0010301931774803728,0.0010733457499697192,1.0,0.9333333333333333,0.005516818620605742,0.0062832051553651964,1,0.059487660901618444,0.013305965863429399,0.2236723042973623,confidence,confidence,confidence,confidence
841,4,90,-0.013673845926920574,0.0011664374360992927,1.180510365783089,0.2411089070647742,0.13961290816466013,0.002477958275489655,0.3533002469274733,0.0035017726647390526,0.21596404512723286,0.18707169757948983,0.10356674611393495,0.0160081655272994,0.00038388755369235034,0.0012574800663476924,1.0,0.7333333333333333,0.002700203566678003,0.002717657433190843,6,0.055734712440698775,0.0024791368817206265,0.04448022234143608,confidence,confidence,confidence,confidence
842,4,90,-0.01553030874994066,0.004873435274222247,1.551435964013961,0.33051063964184274,0.14182476898034413,0.002415500490097811,0.3608239703708225,0.0045376520620869915,0.22069645524024964,0.21035241352187262,0.10337667654049301,0.004044758525913458,0.0006310529471457293,0.0010874371639551593,1.0,1.0,0.01019401949058373,0.004986798510556777,2,0.08510331970907743,0.017728504726488074,0.208314980803461,confidence,confidence,confidence,confidence
843,4,90,-0.0037107692824469673,0.012208379730807723,0.537024441985192,0.39415411806652273,0.15115904145770603,0.00421952163465028,0.35071936978234186,0.009883789282298487,0.20626916686693827,0.20609442790349325,0.09867384810062026,0.016653336487543153,0.0010901841349492238,0.0014144387639176059,0.8222222222222222,0.9555555555555556,0.013143025764340772,0.00834714926041458,1,0.08733629599847562,0.04159441390759529,0.4762503055775997,confidence,confidence,confidence,confidence
844,4,90,-0.004134951035181681,0.0035391859107892633,0.30605725394772576,0.12537934069900422,0.14833521478705936,0.0014393975719171896,0.34684351252184975,0.0017712821309373882,0.19149779147571988,0.19831076860427857,0.08503581101335507,0.02561938319723273,0.0011106210952335608,0.0008481376769903174,0.9888888888888889,0.9555555555555556,0.0011441769501323751,0.0020137530146022166,4,0.03957156390366826,0.0021313947844013893,0.053860416767279894,confidence,confidence,confidence,confidence
845,4,90,-0.004827300045225355,0.0012824065707261038,0.23371876271154893,0.4409216696123174,0.1444297320312924,0.0018551017868421063,0.3415470063686371,0.0062500152197811935,0.20134619077046711,0.20779818760024177,0.08105385303753401,0.009421427174013976,0.0006262385225352766,0.0007412454037088894,1.0,0.9888888888888889,0.00542360263626013,0.006324538036452172,1,0.048874340328577084,0.026533316117044053,0.5428773679869437,confidence,confidence,confidence,confidence
846,4,90,-0.005644337998496162,0.0026841005508439772,-0.7962723907207081,0.18501199474173424,0.14505112999015385,0.0017323807096910882,0.3399324576059977,0.006110794528497794,0.1984806047545539,0.20183709263801575,0.11136437739112799,0.014063067133550043,0.0030936197510171735,0.0017384226835477437,0.9666666666666667,1.0,0.0014549782589816415,0.005356888597728403,9,0.06429953450879124,0.012294653528133115,0.1912060859533318,confidence,confidence,confidence,confidence
847,4,90,-0.008300383223427667,0.00376279974041042,-0.8878960612746883,0.1998011259451915,0.14643957979149289,0.0025298218845398474,0.33326675229602387,0.0040738645988783965,0.19319468935330708,0.19891547958056133,0.14436881969433585,0.013264865233867473,0.0015264463038553095,0.0010844303454841187,0.8666666666666667,0.9777777777777777,0.002104045953725548,0.0032127631194097395,2,0.05542522404889776,0.001893246892567884,0.0341579626802222,confidence,confidence,confidence,confidence
848,4,90,0.000851183467441135,0.01164596119131029,-0.11836499831465931,0.8091797822772376,0.1453262107239829,0.0019753830636771667,0.3458653214904997,0.004418666642690605,0.21593890455034043,0.2256513430012597,0.0958404220653476,0.03417623763515607,0.003908290776550217,0.001179291138273764,0.7444444444444445,1.0,0.010559886236926226,0.005335145715433195,2,0.09344238164380875,0.020013990796468387,0.2141830747602706,confidence,confidence,confidence,confidence
849,4,90,0.010358784596125289,0.02030791280523372,-1.2096706005367839,0.7409794061454519,0.15183092223273384,0.021053916685694753,0.3750282403495577,0.02980332316652159,0.24907892478836907,0.2495915836758084,0.05681333755760798,0.02004135687055697,0.005748705132769423,0.00368759365864945,0.37777777777777777,0.9,0.09332445674602372,0.009733562022322595,1,0.3803940663772029,0.349467371569861,0.9186958571732008,confidence,confidence,confidence,confidence
850,4,90,-0.020569993058840438,0.008506129833480449,-1.0605714617199034,0.7936760913508463,0.18098388893736733,0.0049944042758726425,0.42130026436514323,0.01438066014419068,0.26221344570318855,0.23841467367278205,0.10457710941281297,0.028231959802166633,0.0026388868522107868,0.004647114846229703,0.9555555555555556,0.6111111111111112,0.050836336350762366,0.006463037328449232,1,0.18575069823995846,0.11622666562545249,0.6257098412920463,confidence,confidence,confidence,confidence
851,4,90,-0.01949689189592999,0.004749533236008664,-0.8516748263678328,0.3052712619691338,0.17180207073688508,0.0034781699083483676,0.39889202151033615,0.012009159331659315,0.2878833936320411,0.24957961572541132,0.09559367799933965,0.05547089455255023,0.0034187067383170196,0.0023299626654544854,1.0,1.0,0.017110476689035932,0.009037386794153224,1,0.10775845147590805,0.05000530146424035,0.46404561993729254,confidence,confidence,confidence,confidence
852,4,90,-0.008654692769050617,0.002963799306949299,-1.4975425482594273,0.5432291704486825,0.1646292992764049,0.00574332754980346,0.38276904109451504,0.0030037233406285564,0.3866429034206602,0.3688112888071272,0.20254434871944355,0.011337458396911734,0.0013952621889618602,0.0012816826116609345,1.0,1.0,0.01865807611229195,0.0038688338674604354,1,0.08419053449237518,0.045720363565275444,0.5430517906692403,confidence,confidence,confidence,confidence
853,4,90,-0.013845552669631132,0.0018982239958763995,-0.912906925756913,0.3090196736860222,0.16593466781907612,0.001181665288463019,0.37653427869081496,0.003772609610976978,0.4036573181549708,0.3646297362115648,0.19875642288880913,0.0018110623056534843,0.0006406324418980898,0.0003893054477237511,1.0,1.0,0.0016294181035906446,0.0031193449329196274,3,0.029885327166920855,0.007103788525431177,0.23769359432342282,confidence,confidence,confidence,confidence
854,4,90,-0.02798826429578996,0.010388097720341773,-0.03454534516962563,0.8483639618973288,0.1562415960762236,0.005690127547352323,0.3837826152642568,0.011255902211327723,0.4139290875858731,0.33679403066635133,0.17947105463093663,0.026514435380418543,0.0017519411983012005,0.002778593226760202,1.0,0.6111111111111112,0.006877996875455453,0.007615150132143069,1,0.0667143967867177,0.023747652777167293,0.3559546059972649,confidence,confidence,confidence,confidence
855,4,90,-0.04067005680667032,0.008663020461924595,1.1707252509167534,0.8744500925593662,0.14337610983186297,0.007711527456237981,0.3990413419074482,0.004018861420769807,0.28423999978436365,0.2481966170999739,0.04789807541027264,0.015580465791218339,0.0027180974543442064,0.0022349058524708406,0.9777777777777777,0.36666666666666664,0.001973866550046423,0.004577803352390778,3,0.06909438979459485,0.012298907893754384,0.17799896534799625,confidence,confidence,confidence,confidence
856,4,90,-0.007818224363856853,0.0021313687173787855,-1.4086375059389515,0.16033888054321402,0.1591566077537007,0.0029838939585188754,0.3884301836291949,0.0023023151007188214,0.20501746932665507,0.21301466524600982,0.08274944402319657,0.027605675043123935,0.0026281634592718885,0.0014906594311555545,1.0,0.9777777777777777,0.0017645955929715873,0.00190357298373033,3,0.041714792500538285,0.005998840852990651,0.14380263428803958,confidence,confidence,confidence,confidence
857,4,90,-0.01210569871796504,0.006630484924301633,-1.0930927476691543,0.2704093941262506,0.15905083417892457,0.0015265400767410819,0.3872444096538756,0.0019182213318828375,0.22970892058478462,0.21815444959534538,0.09627594732768714,0.041187625172959465,0.0010729063055259687,0.0023547648836165823,1.0,0.9777777777777777,0.004147926879456702,0.0035978093406426465,2,0.0483140925495735,0.002691962402521179,0.05571680111673391,confidence,confidence,confidence,confidence
858,4,90,-0.01880452500449289,0.006417567328928403,-1.401703421010711,0.2677457584753369,0.15659728149573007,0.0015461789291057546,0.38600075244903564,0.0017124143419536446,0.2567712512281206,0.23161705401208665,0.08377569330895239,0.020719191768031345,0.000890397513262385,0.001959945129552664,0.9333333333333333,0.9333333333333333,0.004710046722441825,0.002854863379658144,1,0.03770588745519686,0.013142828776080057,0.34855247046567556,confidence,confidence,confidence,confidence
859,4,90,-0.0216079072819816,0.003119595227652971,-1.3139040039393823,0.170726839961406,0.1581581855813662,0.0017774126656245474,0.3874957722094324,0.002268163581590635,0.24918309615717993,0.22034693823920357,0.06932148360667618,0.006635212015444592,0.0008856743674603935,0.0007954308569891298,1.0,1.0,0.0007129685762633483,0.0029757355821104863,3,0.036862324187634035,0.002860244154016949,0.07759051081390078,confidence,confidence,confidence,confidence
860,4,90,-0.015710040926933313,0.004159475069861831,1.2387646554115317,1.5598150967285995,0.15448892033762401,0.005198236968655695,0.3947693485352728,0.006325053139582358,0.21057402326001062,0.1425049795044793,0.08440166849043435,0.025522946677739407,0.0030713720458602424,0.0043139272672866194,0.9888888888888889,0.9555555555555556,0.003612179459785873,0.006905976909809721,2,0.08029100259099083,0.00867496738808077,0.10804273287678771,confidence,confidence,confidence,confidence
861,4,90,-0.008909018503295079,0.002340876510376268,-1.082708806043687,0.4703581951031083,0.16198099437687133,0.003540747227430406,0.3853386814395587,0.004157069409905404,0.2317454242044025,0.2146249426735772,0.07204259962737586,0.009883843237057485,0.002023242099919532,0.0017733569945086686,0.8,0.9888888888888889,0.0033729580999272432,0.00312779356715207,1,0.03409126313622967,0.012871246880725214,0.37754157972126545,confidence,confidence,confidence,confidence
862,4,90,-0.012821338242954693,0.009417750808154516,-1.5770436140725523,0.39614630359334213,0.16555020991298888,0.001646051651436977,0.3784171261721187,0.005009113284466242,0.3766395890050464,0.34767586257722644,0.17956137483380052,0.04106359052276673,0.0028745472220600503,0.002781690602228692,1.0,0.9888888888888889,0.004220528196264926,0.0041888869647880725,2,0.07602133035485177,0.01147616930243357,0.15095787315208442,confidence,confidence,confidence,confidence
863,4,90,-0.013696810603141804,0.00473712281181424,-1.3448812705884494,0.21938281273434554,0.16395148552126354,0.00153098417460641,0.37304022394948533,0.0014762536244792874,0.4108443939023548,0.3572041067812178,0.19846162988606955,0.00208134378494405,0.00016201490727229574,0.00037665130072519007,1.0,1.0,0.001777860231893039,0.0013113432119745416,1,0.019416912396000144,0.004507382002238692,0.23212495299789065,confidence,confidence,confidence,confidence
864,4,90,-0.017329162028100774,0.01217757199290545,-1.9786689631913044,0.8256850352692976,0.16314825697077645,0.0072242392181396595,0.376801137957308,0.003012845640384113,0.3828742653131485,0.38069194224145675,0.20790452984229446,0.024756656392651018,0.00319902874582141,0.0011881156454410765,0.9444444444444444,1.0,0.006388566452675434,0.007508384803126837,1,0.05640921168066336,0.01766376094620346,0.31313055597446643,confidence,confidence,confidence,confidence
865,4,90,-0.04906930128733319,0.006564401667095543,-5.795323175593339,1.6880971371648492,0.1547045472595427,0.004818424795863364,0.38305429849359723,0.005733141281347506,0.02965508467621275,0.31899385650952655,0.3802073476900122,0.0892038439798322,0.0028838623928061453,0.0038043720315516405,1.0,1.0,0.005623660625690085,0.003218354622856784,2,0.07920290122641717,0.010238812106488651,0.12927156299055712,confidence,confidence,confidence,confidence
866,4,90,-0.012805141674147725,0.01068915063412157,-1.958153024824294,1.860537640466788,0.15944722609387504,0.0028223853346566485,0.38617053180933,0.0029281816163764865,0.24331474072403378,0.24852896928787233,0.0790066544413188,0.05379234498461074,0.004201403290722136,0.0016892956296448564,0.9444444444444444,1.0,0.005833434936447265,0.0019442014437338175,1,0.04832502618924689,0.01013850271943207,0.20979384234344528,confidence,confidence,confidence,confidence
867,4,90,-0.008823831213845161,0.011128497090806648,-1.7649237301506029,0.4826926172136036,0.15866379141807557,0.0022910387805519183,0.3806644168164995,0.004071391333416558,0.2624754746754964,0.26178945038053725,0.09696706405468204,0.056655761171046586,0.0029420558025920886,0.0024341867754834505,0.9222222222222223,0.9222222222222223,0.00407499954531099,0.003167760655678601,1,0.04478773029291691,0.007786873539208041,0.17385787648549375,confidence,confidence,confidence,confidence
868,4,90,-0.014330552352799335,0.007920134104627443,-0.49656598252274636,0.6683526637215902,0.1591661716500918,0.008136271011343177,0.39244184013870026,0.010396225475238642,0.23282897041903602,0.23509338365660773,0.11077779391463706,0.03985304377033746,0.005170547747637775,0.0035528511056279917,0.9333333333333333,0.8777777777777778,0.002414466026573662,0.008731854416636837,4,0.07108222787863523,0.011707169563521573,0.1646966508542626,confidence,confidence,confidence,confidence
869,4,90,-0.010617490940623833,0.0036185925140849408,-1.3545207650891662,0.36928910577110474,0.1595359856883685,0.00271806096938684,0.3835778711570634,0.0032771738146177773,0.19342007007863787,0.20395237141185338,0.11482295217699756,0.030534504661437256,0.004397511938289141,0.0026465220918125004,0.8333333333333334,1.0,0.0012878665141342648,0.004429561088169921,3,0.06853137057503868,0.007907598980203143,0.11538487453231774,confidence,confidence,confidence,confidence
870,4,90,-0.018293466170628887,0.002668426003633414,-0.6077716293882025,0.1556114433667865,0.1551994244257609,0.002976769028985546,0.388983342382643,0.004647054663844555,0.20904363791147867,0.21073352562056646,0.0955593766572157,0.021996617809858583,0.001605774186186628,0.002025849048804374,1.0,0.9222222222222223,0.002871417119355201,0.0055861837010711185,1,0.05489617852836288,0.011067812759453026,0.2016098651360523,confidence,confidence,confidence,confidence
871,4,90,-0.020457118418481635,0.004219533628711268,-0.9990678768046297,0.34420421595914547,0.16470076193412145,0.006680871939575297,0.39575551400581993,0.0065013550039501045,0.21985625326633454,0.21097031633059185,0.06388158427898001,0.0034018838665845876,0.000603725666764963,0.0010635825825520643,1.0,0.5333333333333333,0.011583636158788286,0.005412590529520254,1,0.06314906985770889,0.01947725963638104,0.30842815661594075,confidence,confidence,confidence,confidence
872,4,90,-0.011984766523043342,0.0031232288633894043,-1.2520169339028642,0.20899401658146521,0.16104449679454166,0.004119939415471784,0.38442190868986975,0.005805578743627816,0.21874772078461116,0.21449462042914497,0.08255350792969945,0.017765034595940983,0.0013013103407502511,0.0008480155945823091,0.9,0.8111111111111111,0.0022163049325625204,0.005051010066263941,3,0.04051190420757989,0.018238004558179952,0.4501776635101774,confidence,confidence,confidence,confidence
873,4,90,-0.02061303920216033,0.007777397981080143,-0.40610151143287326,0.7527966723995836,0.15439111292362212,0.005479081914633116,0.39190577864646914,0.01076383122521621,0.21625942058033412,0.20947199794981214,0.0854329781356457,0.019444815681486424,0.002035165053730435,0.0019334718617005562,0.8333333333333334,0.9555555555555556,0.002173214759487981,0.006990701130076516,3,0.043048499259467125,0.01580046834800008,0.36703024703650555,confidence,confidence,confidence,confidence
874,4,90,-0.025699107514487392,0.0018840047297438048,0.21074898253398908,0.13682958887855526,0.15210604104730818,0.0008363803607945285,0.39838875465922885,0.002300576928282472,0.2089454001850552,0.20878715382681953,0.06360690473496236,0.006479384859034287,0.00035724798597728256,0.000875632322892228,0.9888888888888889,0.2777777777777778,0.0010563265205467635,0.002153671858553126,3,0.03378489277892826,0.0051455048744043635,0.15229743692354153,confidence,confidence,confidence,confidence
875,4,90,-0.022169048256344293,0.0014326461789310075,-0.308084838508381,0.7793122115865252,0.15417484210597143,0.008627983649742009,0.3897842751608955,0.004216109823318666,0.1889429959985945,0.19921282463603548,0.0792715400443899,0.014003205352808608,0.0017557669078705949,0.0025535550742798174,0.9888888888888889,0.9,0.01699447307575292,0.004487731408541747,1,0.0879954368904952,0.04490840808278971,0.5103434828693663,confidence,confidence,confidence,confidence
876,4,90,-0.0027027951346503386,0.014309389484845276,0.2799555554177252,0.7678265827014407,0.18733551833364698,0.017870850056027045,0.44247397515508863,0.037305679048296646,0.2606400609016418,0.2442782097392612,0.09069501194514697,0.014305326574563083,0.00456060486838852,0.004338789834408928,0.6555555555555556,0.9666666666666667,0.07023431722922613,0.008359051481393112,1,0.3281976769067292,0.2619131838771639,0.7980324184902093,confidence,confidence,confidence,confidence
877,4,90,-0.016910655962096323,0.018194102338225288,-1.289424552103411,0.45428479862309484,0.19942722535795634,0.004092954882120157,0.4753882913125886,0.007672830382317298,0.26645559469858804,0.2556568122572369,0.1270622478189934,0.03227936458339436,0.0018853466085106579,0.003125091434861512,0.8333333333333334,1.0,0.027935046224699004,0.003720839845623355,1,0.12057793742038642,0.05751182599961663,0.47696411355083845,confidence,confidence,confidence,confidence
878,4,90,-0.010292962193489076,0.011845486414578835,-0.33975895856794036,0.45188108105472813,0.19273332754770914,0.005615466179142404,0.4742007846633593,0.008264835368589012,0.256210567884975,0.24908988740709093,0.12572643396825578,0.023769862905899494,0.002651546981863287,0.0018380556410634062,0.9555555555555556,0.9888888888888889,0.014628994912755763,0.004348074721843759,1,0.07448687267934109,0.03717323040476937,0.49905077253037483,confidence,confidence,confidence,confidence
879,4,90,-0.003933699263466739,0.003140256446085187,-0.8645612405485107,0.39382777550786124,0.19943158759011162,0.0005628374664297339,0.476418149140146,0.0018296367479448542,0.22334307432174683,0.24476833012368943,0.11927393169395552,0.043292901173473695,0.005242156463160558,0.0012892822018465908,0.7777777777777778,1.0,0.005070928089477022,0.0024355942163341924,2,0.04213588307718928,0.01119148315700302,0.26559826782872575,confidence,confidence,confidence,confidence
880,4,90,-0.002924182017644239,0.005753294490646865,-0.8939017689465174,0.15982597767536522,0.19945748299360275,0.002615133945820667,0.4684776888953315,0.002523800305250774,0.24002655545870463,0.25670376287566293,0.10029742683088046,0.010449817591438001,0.000959706395460745,0.000916105158298068,0.5888888888888889,1.0,0.003627035603036221,0.0020429429628179164,1,0.031128791337771113,0.017468299835148082,0.5611441350701585,confidence,confidence,confidence,confidence
881,4,90,-0.008926902545822997,0.007321008817227106,-0.11512749438394931,0.2966325203971986,0.20456991576486164,0.0022959270485561714,0.4682664982146687,0.003040085037573324,0.24013191527790492,0.202340539627605,0.16034500980661276,0.06920767203988591,0.0013036505356809527,0.004394901455394217,0.9111111111111111,0.9,0.0007905599886226294,0.002301560781947317,3,0.0361573983222433,0.0029924905140026755,0.08276059374460197,confidence,confidence,confidence,confidence
882,4,90,0.0007756183544794687,0.0024273047827252387,-0.47460752494111536,0.19809277234740583,0.20251595626274746,0.001662633656872226,0.4671411022543907,0.0021916465252938585,0.2367964188257853,0.24162736038366953,0.1228728545190421,0.03707498356164904,0.0024763218491348445,0.0007299605184501203,0.9888888888888889,1.0,0.0008447045515694128,0.0032977930503814944,3,0.03135020389564417,0.0025632734452300083,0.08175996857288599,confidence,confidence,confidence,confidence
883,4,90,0.009525665640830997,0.010902527524375979,-1.7208144574588946,0.6639499672173697,0.18970278965102302,0.007903049616818921,0.47028140442238914,0.001052828517636459,0.20377699236075084,0.2350368473264906,0.16606739770999765,0.024659336033166186,0.0009083814744149276,0.001979311667917512,1.0,1.0,0.0014442768587175619,0.0012867899129546904,2,0.023810037175337674,0.001781714524831633,0.07482725392059138,confidence,confidence,confidence,confidence
884,4,90,0.0006349275509516386,0.020649585259301047,-1.023017474697311,1.2955303823067534,0.18762141135003832,0.008433248524301695,0.47178473124901454,0.002262731845799541,0.22607495420508913,0.21470796797010633,0.1176857080797224,0.017429123073068337,0.0037057536089464015,0.002809330033867889,0.9222222222222223,0.8666666666666667,0.007197363201566521,0.004992941718577959,1,0.05045879221919518,0.015073982848151615,0.2987325588395386,confidence,confidence,confidence,confidence
885,4,90,-0.020838023887740236,0.0028024977584846914,0.2807876777213671,0.11879434439823483,0.19853520890076956,0.003991575870433393,0.47116429259379705,0.002829893739665985,0.27652964293956755,0.2552970707416534,0.16268737420687662,0.03504504966960686,0.0018950245769484416,0.0016240312528737627,0.9333333333333333,0.9444444444444444,0.0026358830685947183,0.0014917492575411825,1,0.029153877080619554,0.009591772966727283,0.3289937714435891,confidence,confidence,confidence,confidence
886,4,90,-0.021434397167629664,0.0027236824318702334,-0.5239969034377834,0.2447581353019864,0.20054291370842192,0.003640771430357422,0.4713506311178207,0.003244348482676991,0.2578020857440101,0.2656012607945336,0.18471875536432236,0.07178488396500704,0.003401200420046963,0.0022334808788068523,0.9111111111111111,0.8888888888888888,0.001183943184744505,0.003830751891545962,5,0.05095479618133771,0.010841149990262342,0.21275597287660192,confidence,confidence,confidence,confidence
887,4,90,-0.018566436568895985,0.001701360156482181,-0.7832120712050378,0.7976021344008378,0.2057234603497717,0.0023850973644387544,0.4699212046133147,0.0017681329064908984,0.20617873668670655,0.26210251483652325,0.17746636058581294,0.12028429283810961,0.004800194220892423,0.0020936309588543826,0.8555555555555555,0.9333333333333333,0.0041779469033968635,0.0019901068277630996,1,0.03125290014780518,0.011489101866733041,0.36760538084524047,confidence,confidence,confidence,confidence
888,4,90,-0.013113493058416581,0.0029072236735122443,-0.6870982399304099,0.3611148774969762,0.20062057922283807,0.0025777915891150526,0.47009035928381815,0.0019702839109461434,0.21573420233196683,0.21195086737473806,0.089558052703856,0.04379265897097886,0.002723716720840454,0.0017628223864311946,0.8444444444444444,0.8333333333333334,0.001678404354664197,0.0018153188959202508,7,0.033518047529774664,0.007137523329464476,0.21293932421928993,confidence,confidence,confidence,confidence
889,4,90,-0.013163780834939747,0.002594170205956513,-0.29647025115975567,0.08751313821673659,0.19756447590059703,0.0028190637279444735,0.4707630635963546,0.0011979488696277835,0.24958094623353747,0.23118598295582665,0.11737074097500633,0.03913765965155041,0.0009596113827240385,0.002429562532598745,1.0,0.9555555555555556,0.0013924462519537527,0.0016586571036310846,3,0.02357971407787229,0.004774301395526413,0.20246636211948008,confidence,confidence,confidence,confidence
890,4,90,-0.016213868061701456,0.004920713051788334,-0.11502081683332549,0.19698003822231763,0.19812229921420416,0.0016675534793053938,0.4719746712181303,0.005376813115601686,0.28798949321111045,0.2590618987878164,0.11134852133465364,0.04898500517503028,0.0014044845261702824,0.0030743520020889885,0.9111111111111111,0.9777777777777777,0.00853338239394974,0.002339868332640692,1,0.056802876471740676,0.03199510744453681,0.5632557042203631,confidence,confidence,confidence,confidence
891,4,90,-0.01177508334318797,0.016186816460233934,-1.0437156697662993,0.5801606396883389,0.2270374317963918,0.020841484819947846,0.5307448756363656,0.04029916033304982,0.33682518932554456,0.32979565295908186,0.1141629707211984,0.02225947590495709,0.004390996186695344,0.004463263242601134,0.9333333333333333,0.9777777777777777,0.0727265369834296,0.01018808557776845,1,0.293145058936422,0.26521666500122737,0.9047253303130642,confidence,confidence,confidence,confidence
892,4,90,-0.025754419962565105,0.007611403700356659,-1.5511101446390314,0.4844309516579486,0.22295041183630626,0.004157146295246301,0.5398813350333108,0.005463403503820314,0.33753313852681055,0.31186347305774687,0.1384603208106022,0.05476597735886508,0.0029076328360896136,0.0029795840398577746,0.9777777777777777,0.9333333333333333,0.013647131593289395,0.005626732312536197,4,0.15657488180979617,0.0030732758841600307,0.019628028586761253,confidence,confidence,confidence,confidence
893,4,90,-0.03743630051612854,0.01031364632343096,-1.8048766030649543,0.356683181864891,0.21370994167195426,0.0056695992131760775,0.535313703947597,0.007232727425196857,0.30218554503387873,0.29235115746657053,0.1386812694912503,0.03863529736293503,0.004627868976914321,0.00331992293820674,0.9777777777777777,0.9111111111111111,0.005411143403205219,0.006693282339514689,2,0.06836727921937233,0.019094411827620505,0.2792875884202458,confidence,confidence,confidence,confidence
894,4,90,-0.0428385509385003,0.0032333450689841056,-1.1484611666755304,0.7249206778150128,0.20746591488520305,0.010138130069064567,0.5543692522578769,0.011580471675975087,0.2967861208650801,0.254576219452752,0.12791577469976081,0.05558353432311764,0.004187769803167637,0.005404216407356506,0.8888888888888888,0.9666666666666667,0.011219332318463148,0.010061513653894533,3,0.146532078142134,0.02105360876797834,0.14367819904497453,confidence,confidence,confidence,confidence
895,4,90,-0.031123498082160958,0.012137784745839906,-0.2918930716183328,0.48017045528802776,0.20492375642061234,0.013946368354253504,0.5466674352685611,0.0034545609412021073,0.2425873382223977,0.14126489294899836,0.11903078219095167,0.012740496047010497,0.0012552930583718434,0.0032003384603279204,0.9666666666666667,1.0,0.008416165137712935,0.004738772743403578,3,0.10198469662279634,0.016947125871761375,0.16617159496828177,confidence,confidence,confidence,confidence
896,4,90,-0.020079644521077473,0.005129947323416526,-0.6954158218399212,0.24127583281188925,0.21738723615805308,0.004979757668786758,0.5424848940637377,0.005274544977502435,0.21733470459779103,0.21950965490606095,0.10300248153968643,0.054230163490471904,0.002323018431712263,0.010678746588656949,1.0,0.8555555555555555,0.007019432055712265,0.003929376279635222,3,0.09604699050587126,0.022716593012470133,0.2365129441316266,confidence,confidence,confidence,confidence
897,4,90,-0.027642446425226,0.010114004504648055,-1.2823077508482168,1.1926560608265682,0.2218893340892262,0.008851900809584097,0.5424880337384012,0.011119861365410306,0.33754958973990545,0.2987212793694602,0.11337881179661886,0.03480828368787521,0.006245271248523884,0.004849574410344334,1.0,0.5888888888888889,0.04723206714678192,0.009940627662402,2,0.2298982896942534,0.05142141345360801,0.22366930111873828,confidence,confidence,confidence,confidence
898,4,90,-0.04825692176818848,0.005276410745587767,-1.997139569536095,0.4464878293448115,0.22257500307427514,0.0063403226826667936,0.5567248420582878,0.005745302121222595,0.30629165338145364,0.3071734610531065,0.15709758207614868,0.029869530284026665,0.0041464017308411585,0.004826629079140746,0.9888888888888889,0.6333333333333333,0.01093286972385625,0.005474636636625988,1,0.09690199666643963,0.047774010730151306,0.4930086000807533,confidence,confidence,confidence,confidence
899,4,90,-0.0311836944686042,0.010335053647544104,-1.8286746461625751,0.4068716117349172,0.22877268774641885,0.005094306135985845,0.5465617696444194,0.006458925795517552,0.3203259663449393,0.28836130334271326,0.11168444391248536,0.016113811008118054,0.0025714113210800215,0.0022523159719212665,1.0,1.0,0.01512475814210483,0.004449693676437103,2,0.12500095589109506,0.021982770909568662,0.17585941558162996,confidence,confidence,confidence,confidence
900,4,90,-0.03329104979832967,0.004067068037310319,-1.071973412013101,0.7166355584887246,0.2167452590333091,0.008769168079520037,0.5507443434662289,0.0018394327956400057,0.3365660723712709,0.3186246994468901,0.13672607538607692,0.012561755303375152,0.0016890079614771882,0.0017016433449544464,1.0,1.0,0.009625969513223502,0.003608938195935725,1,0.05169926296837654,0.02809477570364667,0.5434164952087648,confidence,confidence,confidence,confidence
901,4,90,-0.03937116463979085,0.007036310907380726,-0.6921211011722582,0.3377061768826205,0.2075173439251052,0.004539896646529719,0.5548594812552134,0.006531426633308073,0.3162259386645423,0.29765202866660223,0.16764473479190656,0.05427320279938074,0.00338233426283682,0.005551689530817118,0.9666666666666667,0.8777777777777778,0.002938860845413378,0.003638682290477499,3,0.05335024585380063,0.015860927410380348,0.29729254034374997,confidence,confidence,confidence,confidence
902,4,90,-0.05151014725367226,0.007854790980078966,-3.46959118330573,1.0934724042921353,0.21481876224279403,0.0030963383910770624,0.5395264744758606,0.0051614045563028515,0.1755894382794698,0.25864629447460175,0.20891286228144565,0.1317980671865045,0.009155630101494555,0.004964916438042732,0.8222222222222222,0.8222222222222222,0.0102960343259163,0.006332638499927541,2,0.11183836825076161,0.011160858612954117,0.09979364858293638,confidence,confidence,confidence,confidence
903,4,90,-0.05175559653176202,0.0028809313169886556,-1.996125775406686,0.16285067611426926,0.21226917306582133,0.0033437699205373403,0.5515925344493654,0.003581085095914177,0.3026876823769675,0.25050745771990884,0.1498935996437193,0.0494703194204199,0.0017925305227782817,0.004063925239168903,0.9666666666666667,0.8666666666666667,0.0026335222725970115,0.004654032518084306,2,0.061153633492916894,0.010890441991745796,0.1780804064994872,confidence,confidence,confidence,confidence
904,4,90,-0.05117721524503496,0.0033005453466137978,-2.0969468463332643,0.40498880155311645,0.21572196202145683,0.004186599842939985,0.5552751989828215,0.00675020759368004,0.29029763870769076,0.28709411058160994,0.1561430677342851,0.05045041188193826,0.002711443075099238,0.003767585663543863,1.0,0.8444444444444444,0.006095489680682168,0.006979967096776954,3,0.08972516335979852,0.019359320651702,0.21576004062574097,confidence,confidence,confidence,confidence
905,4,90,-0.046881892283757526,0.006707283413614906,-2.0118557685182012,0.2990914775568389,0.2167467044459449,0.0022425625123144648,0.5475217392047246,0.00520807347905251,0.19999141097068787,0.3193131125635571,0.26950105168706073,0.057581614472764546,0.004536942686461121,0.004735315334132367,0.9888888888888889,0.5888888888888889,0.010006657644758405,0.007815033257361277,2,0.10445110758689855,0.008719815756213528,0.0834814725874163,confidence,confidence,confidence,confidence
906,4,90,-0.04767699142297109,0.00737627452486325,-2.1502214566242452,0.39358231823225875,0.20747487677468193,0.010290535153113345,0.5443358959423171,0.0038309978921711478,0.21489327218797472,0.273638371957673,0.19510754321655607,0.04851442626131635,0.007905544731934359,0.006486006061572806,1.0,0.7444444444444445,0.007094866955063062,0.008213976638768248,4,0.11966322928888717,0.01448289440629288,0.12102943788932136,confidence,confidence,confidence,confidence
907,4,90,-0.039272869295544105,0.021444670291604257,-2.4146991494876926,0.39512108401357054,0.21458662218517727,0.011228954043828825,0.5342535260650847,0.012143306553872935,0.3328296929597855,0.30682164265049827,0.10007606775191157,0.016448209754323494,0.0022068541064608756,0.005333561992404927,0.9222222222222223,0.7444444444444445,0.019943280975674316,0.008791313489176191,1,0.09253337902606365,0.043171447691681825,0.4665449549245039,confidence,confidence,confidence,confidence
908,4,90,-0.03240078422758314,0.011698879484776225,-1.237454191108745,0.33833777806100857,0.2139269835419125,0.0058174897368679914,0.5354115098714829,0.010261253728693246,0.32852002018027837,0.3225925270054075,0.17628592853136393,0.04169518513995221,0.004401370932467999,0.006839462298083353,0.9666666666666667,0.7888888888888889,0.020208669295509078,0.007383630147404874,1,0.12852321166510852,0.05392914582104868,0.41960300804310824,confidence,confidence,confidence,confidence
909,4,90,-0.04853407541910807,0.011411238328902725,-2.1109809677253075,0.528545617172493,0.21978359984027016,0.009528813530420028,0.5497054093413882,0.004829980896164385,0.30106083088450963,0.30272388458251953,0.12104303533298862,0.024232003650276446,0.006338947479354721,0.009187013133617486,0.9666666666666667,0.7888888888888889,0.012367947776174773,0.004947825020390239,2,0.1180108480118804,0.01681074925405264,0.14244967380190743,confidence,confidence,confidence,confidence
910,4,90,-0.03546488814883762,0.00600098166894202,-2.2428255055361017,0.8067939920255698,0.21670304040114086,0.0023625997831012604,0.5332504361867905,0.007765160638299055,0.23410696023040348,0.23694219953484005,0.1133769955291179,0.04774484010539304,0.0037046748738602535,0.0032228017476833896,0.9333333333333333,0.6111111111111112,0.04069420162297196,0.0028163265020070306,1,0.18225596124945376,0.14839487098449802,0.8142068756506429,confidence,confidence,confidence,confidence
911,4,90,-0.01384509404500326,0.015884784010966102,0.23533403747023318,1.1611914761026725,0.2138648572895262,0.01402343265265213,0.5483730177084605,0.0187346210470571,0.3387898733218511,0.3192680368820826,0.11137875202170355,0.00809009944303373,0.0029630757330195274,0.002795631745321342,0.9222222222222223,1.0,0.03923011985245284,0.005825618635263436,1,0.19769694317371403,0.1769061272311111,0.8948303881728628,confidence,confidence,confidence,confidence
912,4,90,0.02733566529221004,0.006370709192109315,-0.899328587998373,0.7190455486583297,0.1978624994556109,0.009719377793288582,0.516973479754395,0.013290481341323254,0.3058237853977415,0.3291875594192081,0.13441225772217505,0.057181540775387875,0.0037121046442226964,0.003764936989359908,0.5444444444444444,0.8666666666666667,0.009363290547745148,0.010201560023761897,3,0.12082330733024886,0.04441423995303002,0.36759358223865213,confidence,confidence,confidence,confidence
913,4,90,0.011747700638241234,0.0038716982938185067,-1.7937447095412504,0.39281576158807147,0.1976296893424458,0.0030936291482118582,0.5091368433501985,0.004068633877447996,0.3093532198005252,0.32614048653178745,0.1296853275159834,0.05714887942053297,0.0021566297240605352,0.002836993994259545,0.7222222222222222,0.9666666666666667,0.002833063161811026,0.004104138184447723,5,0.05659106272238606,0.0070042274078700945,0.1237669572538737,confidence,confidence,confidence,confidence
914,4,90,0.005873172481854758,0.013097259526149754,-1.7281185027630852,0.5777641491883423,0.20449011656973098,0.005399853512228694,0.5048236378365093,0.00751211735233897,0.25841104322009617,0.30404166678587596,0.14050475906300036,0.04686334506208898,0.003580737354762486,0.003099873282229322,0.9666666666666667,0.9222222222222223,0.005125231577803494,0.008801584778405591,3,0.08594838445810259,0.013563625389073757,0.15780945348928666,confidence,confidence,confidence,confidence
915,4,90,-0.014587064915233193,0.010397801524134045,-0.25825095026209843,0.9357421522574946,0.213044154478444,0.003810393139045614,0.504257511264748,0.007115259147668955,0.3188893069823583,0.31094625724686514,0.18148536486397115,0.07087519726765149,0.004192971211260178,0.005050735356445333,0.9333333333333333,0.9111111111111111,0.020831965165257073,0.004548526276146788,1,0.11693426737845473,0.07527777766373756,0.6437559801364721,confidence,confidence,confidence,confidence
916,4,90,-0.009157750672764253,0.00585926148984658,0.4963635817493935,0.8894080424895748,0.21308980054325527,0.006089483266993031,0.5081266100207965,0.007817407974731948,0.39043597016069626,0.3660865094926622,0.19063967054874004,0.05690940940965146,0.005313679970767911,0.004208150212026143,0.8777777777777778,0.9444444444444444,0.02223786567564973,0.0025253201350824337,1,0.10192785118519024,0.053372104787708145,0.5236211746440526,confidence,confidence,confidence,confidence
917,4,90,-0.006200149655342107,0.005220475556777231,0.18580832494268862,0.7166456274991673,0.17449256049262152,0.008350327016497357,0.4064835381176737,0.024800164798641753,0.405555839671029,0.3822478046019872,0.2123482710598627,0.013460092968505324,0.002353737855481299,0.002082616704798269,0.8777777777777778,1.0,0.02517400031631757,0.01268985173069221,1,0.145077858200358,0.04025334924417322,0.2774584094712284,confidence,confidence,confidence,confidence
918,4,90,-0.014561923344930007,0.004317509127134421,0.6459794376367529,0.45756311724985976,0.1517610490322113,0.004534778840493729,0.39858043756749895,0.00849307588441936,0.29725837773746916,0.2885297331545088,0.14461985447973993,0.05513458753268616,0.0054394219021603575,0.002998950565891674,0.9333333333333333,0.9888888888888889,0.019307979044489266,0.007075239734437585,1,0.12378479030733505,0.0594406518251261,0.4801896217453312,confidence,confidence,confidence,confidence
919,4,90,-0.017256462242868226,0.0035160029971097726,0.22612775255666834,0.33149074183786803,0.16130922718180551,0.004219208964866218,0.40411117258999085,0.007001256659456116,0.1623989072110918,0.1724249174197515,0.07896782054557532,0.026364874495381583,0.002906122472282351,0.0028940853865303583,0.9555555555555556,0.7111111111111111,0.0027163751428507282,0.003947513158240682,1,0.04864096273254373,0.01226759396043786,0.25220186997574157,confidence,confidence,confidence,confidence
920,4,90,-0.012613100475735144,0.005475922496111962,0.20470606255168755,0.36522295602595467,0.1618490348259608,0.0041033371705613735,0.3898231761323081,0.004685233451039632,0.14551833868026734,0.14394568072424996,0.058644288734242996,0.022864644614731866,0.0015515046872642177,0.0018049281307866336,0.9777777777777777,0.6111111111111112,0.00520404487683598,0.001651136271834011,1,0.0457807159659939,0.013178394324764812,0.2878527824198106,confidence,confidence,confidence,confidence
921,4,90,-0.01422300967905258,0.006383973031378903,0.5623496678680202,0.30239531596620145,0.15943046261866886,0.012403057811274553,0.40103322582112416,0.003709365899848328,0.1463791913456387,0.1821079370048311,0.07598072999519767,0.04060153572092491,0.003668557349900113,0.004145245058075426,0.9555555555555556,0.4666666666666667,0.0044099451229620374,0.004741404305477491,1,0.05096758486245747,0.013429223224747145,0.26348040191790506,confidence,confidence,confidence,confidence
922,4,90,-0.005119808514912923,0.0036316520066441323,0.02649178348391055,0.26678422737175356,0.1703492393096288,0.0021808626696364643,0.3938377228048113,0.0030252477767655325,0.20888568692737156,0.21145595841937595,0.15410053436864915,0.08688361413459737,0.002993383416931356,0.003142778980063478,0.6777777777777778,0.8777777777777778,0.001983355195195361,0.002695619382303295,3,0.05393625716174367,0.0049963718122829695,0.09263303466285211,confidence,confidence,confidence,confidence
923,4,90,-0.005337670445442205,0.017780866212665024,1.3714697541997687,1.6891744675394658,0.16193818897008896,0.008726947826996664,0.398156027826998,0.012220161476867882,0.13122398687733544,0.13590482142236499,0.041681271037644275,0.023585037228421677,0.0030495320854141143,0.0035970270854637724,0.9444444444444444,0.9,0.0012011622015222047,0.002339449080618023,5,0.047896798736941706,0.00842001728622187,0.17579132044178553,confidence,confidence,confidence,confidence
924,4,90,-0.010708225766817743,0.009090910485009518,0.41278806030218457,0.4799706324070403,0.16645832674370872,0.008979399862967167,0.3971768360998895,0.004539011566930022,0.18438650932576922,0.17654732134607104,0.05329483155840656,0.007118038355416506,0.0022932082785551196,0.00196892084575902,0.8111111111111111,0.8222222222222222,0.0029489330413892197,0.0032265107984839904,2,0.04446558708569732,0.003782303204476211,0.08505944468341689,confidence,confidence,confidence,confidence
925,4,90,-0.004817177520857924,0.0034078311413215327,0.6659451531215267,0.42239913190811185,0.17007725619607503,0.0026003912837778468,0.398717151913378,0.003445846400711091,0.17710557414425743,0.21530372169282702,0.09701456972118881,0.02818937190370179,0.0019295626531565524,0.00167650815440069,1.0,1.0,0.0026181017935325516,0.0024832569301718793,1,0.03660844259303414,0.007015274146251094,0.19162471890751825,confidence,confidence,confidence,confidence
926,4,90,-0.0017391761144002211,0.006677448411704326,0.11613721936972718,0.5156613130273736,0.1617872695128123,0.009884786182743736,0.4040381153424581,0.010457125657160777,0.21617624693446688,0.22695921659469603,0.0999399873336612,0.042835855950586824,0.004065032300048402,0.00247726980330163,0.5666666666666667,0.5,0.0036494525526348464,0.0067922856554467545,5,0.06446434620355129,0.016327385510495302,0.25327383582089336,confidence,confidence,confidence,confidence
927,4,90,-0.016911496718724585,0.010532470330337683,-0.7016895355292434,0.9316853918014907,0.16431715720229678,0.007996701681051576,0.4032621072398292,0.006348139888213962,0.23912809623612297,0.23834114736980863,0.07358197721091299,0.010556175165189354,0.0011212285298941149,0.001474221510937457,0.9333333333333333,0.9,0.0012699758568105722,0.003463901607099267,2,0.028432820185100804,0.010363857834253892,0.3644905175170415,confidence,confidence,confidence,confidence
928,4,90,-0.0035189072291056376,0.00716266957236122,0.937707559170053,0.506506652700176,0.16089008417394426,0.002929636430185571,0.39442554546727077,0.002527311732285817,0.2291843401061164,0.23084646595848932,0.1380169003620779,0.022833130228760875,0.0045448631577960745,0.0029140937137322937,0.9777777777777777,0.9888888888888889,0.008075955941183955,0.002455006096573152,1,0.05795592025080875,0.022414973583303962,0.38675232373119717,confidence,confidence,confidence,confidence
929,4,90,-0.010914513137605473,0.004185419877405902,-1.2701895480537946,1.0578489825676998,0.16403136120902168,0.004486669469686259,0.3972713036669625,0.003606259883353048,0.2052180959118737,0.23562649687131246,0.18980185663744448,0.04336058117092589,0.005161862917008376,0.001577724566597172,0.9666666666666667,0.9888888888888889,0.0038067756188321744,0.004482579039647706,4,0.05798485501061584,0.010384599120795172,0.1790884883717589,confidence,confidence,confidence,confidence
930,4,90,-0.009580430057313719,0.0025127397154126345,0.3482107057209951,1.2501343943938077,0.16162349151240454,0.005883821138323269,0.4031218386358685,0.006434724291197299,0.2284396876891454,0.21993794010745155,0.11255944014182848,0.03407075163313182,0.005147750568875303,0.002825738433297808,0.8666666666666667,0.9222222222222223,0.0035687191310546556,0.004348795756633258,1,0.07693740524464159,0.008789670662967193,0.1142429536330863,confidence,confidence,confidence,confidence
931,4,90,-0.00246487425433265,0.00280382105666881,-0.13107541398580455,0.17834302997630544,0.16476951291163763,0.0025911319205775113,0.3931707744797071,0.0028907087664799586,0.2465194414059321,0.25154288278685677,0.16966126203114695,0.03490227022163136,0.0036199437933828625,0.0018202296345766656,0.9888888888888889,0.9888888888888889,0.0020255691748139078,0.00453167678404986,1,0.07244491006704015,0.01173409236501235,0.161970390794371,confidence,confidence,confidence,confidence
932,4,90,0.004211823476685418,0.001857875399496117,0.2925372694614745,0.2917011079837836,0.16059468802478577,0.0023465057900685354,0.4003610029816628,0.007756107890709333,0.23008155590958065,0.24028656548923916,0.07290125308593416,0.028844285435651765,0.0033858760521595795,0.002658679471747451,0.8888888888888888,0.9444444444444444,0.021470548316434714,0.002421679827621778,1,0.10815265912486735,0.07891816911516221,0.7296856135403454,confidence,confidence,confidence,confidence
933,4,90,-0.0034731808635923636,0.009788649964651272,-1.2116686041758524,0.5709153274296946,0.21758669258819685,0.03504708118344378,0.519239892396662,0.07032383662246121,0.36091605325539905,0.378820577594969,0.2276478512162955,0.07462574666612357,0.003351570483515661,0.003206511267457001,0.9777777777777777,0.9444444444444444,0.013841028821635163,0.023232476817726517,4,0.1891442361062921,0.08046870340162127,0.4254334132761401,confidence,confidence,confidence,confidence
934,5,90,0.02673553568976265,0.008938551762431654,-139.35171240095315,102.2264878326859,-0.037490003571218386,0.025735225541799526,-0.16810511022197958,0.06149962416903534,-0.006323932384958065,-0.015048734995783587,0.06506729672780878,0.05815227756381924,0.02084297577569107,0.036699079270912115,0.022222222222222223,0.0,0.018241378128861237,0.09992727695615047,2,0.5960966913276032,0.20206002959532177,0.33897133395249746,,,,
935,5,90,0.03502023745985592,0.010894926977143244,-168.8324257945897,30.186035019100608,-0.029803990879479575,0.02094434575511565,-0.19824214411132476,0.07895591060327198,0.011596897069145646,0.024076408323119667,0.037978113604899985,0.026551526011373373,0.015934704835138595,0.02267872437505917,0.08888888888888889,0.0,0.0372182945733907,0.045869121349153566,5,0.4355814038255493,0.08604175059227727,0.19753265934667322,,,,
936,5,90,0.019548145287177143,0.018112347248196024,-174.6386188513127,1.086073315594893,-0.03758121632477816,0.03361337068038807,-0.2626381636980702,0.03822537622415795,-0.042677126386586356,-0.038061521070844984,0.06148068195011766,0.0564318352546615,0.031429094094361426,0.03127200152611065,0.022222222222222223,0.011111111111111112,0.013933009603003017,0.024217651207395694,5,0.43289862877408114,0.04638108035552979,0.10714049463815746,,,,
937,6,90,-0.0025824647525261256,0.013879887417135995,-0.6586044431841851,0.6149640967286237,0.1858956928782422,0.012389782466526295,0.5301164183123358,0.06266847783408895,0.14827725573860365,0.09542152619567411,0.24285363896375756,0.06611480177997489,0.017730314926654108,0.017793047361868156,0.4666666666666667,0.4,0.03634268613880612,0.01899167924336477,3,0.3460677826406653,0.17012279588990206,0.4915866568252307,confidence,confidence,low,confidence
938,6,90,0.0026593665281931657,0.016035475763388474,-1.0922649538181224,0.3863001689058441,0.181176933977339,0.008999618250115273,0.4708968394332462,0.0052394571646763154,0.10634219944477082,0.28305770059426627,0.23473175155917525,0.12208192004823519,0.006532534373277191,0.00581222898075423,0.7555555555555555,0.7888888888888889,0.03532840523373905,0.006720508850108055,3,0.2855705871774368,0.052164310209765814,0.1826663174910118,confidence,confidence,low,confidence
939,6,90,-0.004824943343798318,0.014652641973801952,0.474629780174227,1.2146068079349719,0.18369990603791342,0.0040945243055700445,0.4714153274893761,0.0045886115177323685,0.20911276075575086,0.24173224535253313,0.11827765193875944,0.07960102508791086,0.00718068511392057,0.0054839068543534215,0.9444444444444444,0.7,0.03319918916782397,0.0038675133318465424,3,0.2848255534965783,0.08428468224348874,0.29591581686747925,confidence,confidence,low,confidence
940,6,90,-0.01577699217531416,0.0117111576035319,0.7418413868491391,1.1702442724001696,0.17692150192128286,0.0048231091403738114,0.4681183836526341,0.007770420747992005,0.2623775045077006,0.2140883316596349,0.15329526601173113,0.08988875480460684,0.0041303839538673745,0.007799657267127776,0.9666666666666667,0.6888888888888889,0.037722668227282645,0.004281040262420518,3,0.3100045123448325,0.08137264032263021,0.26248772064451525,confidence,confidence,low,confidence
941,6,90,-0.007119400633705992,0.02048690453992405,-0.1770990154913182,0.8905159801136029,0.17496527400281695,0.002302751102214676,0.46044097774558596,0.004246183951398085,0.2305314815706677,0.2390361703104443,0.10216253501256137,0.03441801871413117,0.006370844234057691,0.0035455025483474936,0.8444444444444444,0.9555555555555556,0.035773645704071766,0.004461758092262975,3,0.29326913739080995,0.056501313549127824,0.19265962109819088,confidence,confidence,low,confidence
942,6,90,-0.005347715152634522,0.022256348822600698,-0.27753448768122685,1.8052176517617835,0.17124587413337494,0.012521396849393645,0.4618748328751988,0.004583247463414233,0.2061397092209922,0.22481820384661358,0.10629681945010322,0.07146186469386513,0.0048160672699461915,0.004139464969956421,0.3888888888888889,0.4777777777777778,0.04072549484832751,0.005169548017012152,2,0.27132016820409105,0.04030886200340071,0.14856512033399438,confidence,confidence,low,confidence
943,6,90,-0.023039195934931436,0.016314400323587386,0.10445199631257505,1.1484533715080385,0.1737966302368376,0.005590853291484867,0.4586250795258416,0.006465988657655817,0.25905480020576055,0.18088257710138958,0.1596774467495377,0.10768088294759301,0.004095872638690941,0.007947495628537781,0.9555555555555556,0.5777777777777777,0.0359899791271975,0.0039662469651038906,3,0.31147820739043663,0.0937083202758058,0.3008493602539036,confidence,confidence,low,confidence
944,6,90,-0.01717065771420797,0.020522455951784434,-0.4266469310404087,0.7292554382981499,0.17105683419439527,0.005292018056200507,0.46103732883930204,0.0047258592718233215,0.210503817598025,0.19053663843207888,0.11720241321426565,0.05110840153113426,0.00687943686659285,0.006970736581138029,0.8888888888888888,0.7111111111111111,0.03286786550444036,0.0042110449047663,3,0.26715009958958785,0.046813991102920297,0.17523413220023618,confidence,confidence,low,confidence
945,6,90,0.0056016766362720054,0.016283526651278,0.13829872270889296,0.7941959917630966,0.16661302430762184,0.014054529208289658,0.421246782110797,0.0233121267012086,0.2703441818555196,0.29098956618044114,0.12049739787750026,0.07629435538080641,0.009118773764868512,0.009950480400758485,0.7888888888888889,0.5111111111111111,0.04444523093993278,0.00722537018525119,3,0.3160625485008216,0.059267912416729775,0.1875189742627841,confidence,confidence,low,confidence
946,6,90,-0.0038976172606150395,0.014485265902048395,-0.7910104243431917,1.7933276919084844,0.15419624547163646,0.007476671014780914,0.39624024993843504,0.007818264302159724,0.18491499854458704,0.19519449041949377,0.0764472929441712,0.04913134191630866,0.005053880098439853,0.0031051340421229217,0.8111111111111111,0.7888888888888889,0.03444365685419916,0.00814133514911872,3,0.2941219843811634,0.06435850193766456,0.21881493577618646,confidence,confidence,low,confidence
947,6,90,-0.018616050481796275,0.022495805723630583,0.637290683440447,1.683487609368198,0.15168876813517676,0.01028297441669592,0.3946397927072313,0.007594372053959354,0.19486280613475376,0.16441719598240323,0.08935425563730764,0.05657003984841598,0.00279492047829582,0.006233105981989864,0.9222222222222223,0.32222222222222224,0.03190856092263737,0.00770826500767362,3,0.2882415584762815,0.0789942395917679,0.2740547405953867,confidence,confidence,low,confidence
948,6,90,-0.0021691511074701866,0.01507367016348066,0.3302517387793891,1.3173173376187794,0.15612071239286,0.0037244986301917457,0.3975517609053188,0.0036182360852054073,0.2012754413816664,0.1981049786011378,0.04328244574498098,0.012723230186523462,0.0054356252125184875,0.0026806558130883047,0.8666666666666667,0.8333333333333334,0.03858911683003263,0.007224605693583699,2,0.24590523027660183,0.007320741120609586,0.02977045808223331,confidence,confidence,low,confidence
949,6,90,-0.006797261370552921,0.011165404849878604,0.06010892990994222,1.14064011166805,0.15100057390001084,0.001999909367700356,0.3921462870306439,0.004877599807202713,0.19541662600305346,0.19102273649639553,0.05787693746840682,0.017914662862629084,0.0031984933387378717,0.003325690769651598,0.8444444444444444,0.8222222222222222,0.04697667282231919,0.005615718225652911,1,0.17020454672189972,0.0835247310760505,0.4907286083486002,confidence,confidence,low,confidence
950,6,90,0.0036397569709354016,0.011455914316956063,0.9288625665743306,0.8030966291239989,0.15173038442929584,0.0028348346104878405,0.3895730541812049,0.003609941581069963,0.19604562554094526,0.1964697821272744,0.06329803785298847,0.015359844593764164,0.0031487349440121487,0.0026091052466578374,0.9,0.9444444444444444,0.025967900951509904,0.006230797454186952,3,0.2363740356357875,0.08343816036273315,0.35299057761453595,confidence,confidence,low,confidence
951,6,90,0.016146035989125583,0.0073121913953769655,-0.7725618580332733,1.4167097620529823,0.13865037891599868,0.007305388537390199,0.40109970834520126,0.005252722150356495,0.12377590537071229,0.19669461184077794,0.12777725221744488,0.0711952526717426,0.013681675947300232,0.004453607379069126,0.6,0.7666666666666667,0.02837982626973152,0.0061574043962872565,3,0.25381485653997454,0.09681424185011135,0.3814349630077728,confidence,confidence,low,confidence
952,6,90,-0.011693562070528676,0.012871820233423509,0.1242967582953919,2.3140556482486994,0.14643455694119137,0.006046482016586606,0.40125665118296944,0.006619152200426216,0.16234687401188744,0.1767671267191569,0.08836401412886741,0.04090840769601093,0.011150440746572367,0.009541463558789437,0.5777777777777777,0.5777777777777777,0.0398171057110172,0.008186355811690875,2,0.2711315954152201,0.03505657431854148,0.12929679024705554,confidence,confidence,low,confidence
953,6,90,-0.004605741302172349,0.022940382110417223,1.0105281333574894,0.9615879172195234,0.14888828910059398,0.0056684250584881505,0.3971215362350146,0.004085434707633289,0.2009996261861589,0.19355512029594846,0.06588081746556569,0.036226791530971726,0.006148389832500035,0.0064303443328155106,0.6222222222222222,0.6111111111111112,0.023986063986934647,0.006433607685282346,4,0.2816844279880909,0.008358297102675542,0.02967245115366392,confidence,confidence,low,confidence
954,6,90,-0.0010480168792936573,0.012395992862155888,-0.285744889564619,1.030760809610787,0.15134544455342822,0.0036279453661793937,0.3910651668906212,0.003896170372674805,0.22858363191286724,0.2323441396156947,0.05449121861210407,0.011157640643245747,0.0026940955666732522,0.002246133245039813,0.8111111111111111,0.7888888888888889,0.028966737345822953,0.004210919815014932,3,0.22366061178848917,0.02552305852861848,0.1141146141464587,confidence,confidence,low,confidence
955,6,90,0.01181573271751405,0.014888771875659845,-0.4428490913288166,1.3349926812167205,0.15011465615696376,0.005792963167360769,0.39387645522753395,0.004718696494915739,0.17407009104887644,0.21087698572211797,0.1305336505285204,0.053506960796415155,0.006223871164269257,0.0021312798405006077,0.8,0.9888888888888889,0.02846954280028785,0.005793074161054958,3,0.27443028932674385,0.040690771465495476,0.14827307616897928,confidence,confidence,low,confidence
956,6,90,-0.001129752728674153,0.011024183419496016,-1.271525148554394,1.1907221006227608,0.1529451706343227,0.008325637863978236,0.40830289440022577,0.01031960984444858,0.1191954685582055,0.21269628405570984,0.14803730417029556,0.08822311225225515,0.007645988435357535,0.003132504913956457,0.9,0.7666666666666667,0.030596897198591124,0.007718626806395815,3,0.25529463623783427,0.05606159578117565,0.21959480626981218,confidence,confidence,low,confidence
957,6,90,0.0107607725593779,0.0091517573881418,1.5061008344172993,0.8327831976873319,0.15538577751980887,0.003843724657976914,0.394694884121418,0.003270629069695807,0.19089178873433008,0.2040498329533471,0.044881516784999555,0.009102309010206571,0.0026920921268120874,0.002919572910314223,0.8888888888888888,0.7444444444444445,0.024095844627466074,0.0038653018913630327,4,0.20939343557332246,0.06900860698549872,0.32956275460020223,confidence,confidence,low,confidence
958,6,90,-0.00215343799855975,0.01654733884692905,0.035549064030219964,1.2541653305893474,0.15248625096347596,0.0027609489787430675,0.3933200248413616,0.003894386909260447,0.1857960260576672,0.1893576012717353,0.0475237943638001,0.012323842976143175,0.0028736108211831965,0.0034997611990375127,0.9444444444444444,0.8444444444444444,0.03475939323795064,0.0056547520004518285,3,0.28877693850562325,0.07835005216009694,0.2713159203419248,confidence,confidence,low,confidence
959,6,90,-0.011010072628657037,0.006769063533835823,0.2534371085735817,0.9030002770642843,0.14460698862870533,0.0036784112405100163,0.3922626962264379,0.003536757827235721,0.22220318847232395,0.21660954223738776,0.05494452238936863,0.010879192806118508,0.002348797104004546,0.0034293516791028588,0.6666666666666666,0.8666666666666667,0.027800311793361628,0.003660709500679578,3,0.1937855746096532,0.10400001254376198,0.5366729493683995,confidence,confidence,low,confidence
960,6,90,-0.0010893811782201194,0.004437123863997235,0.8591693559109095,0.6441126070442849,0.15014486130740906,0.002344607499559021,0.3926150353418456,0.003060941453902167,0.2101874652836058,0.20307419763671028,0.04229443680809313,0.00822496864952045,0.002036747308572366,0.002536822959281418,0.7888888888888889,0.7333333333333333,0.01137222029247275,0.0030769231826958234,4,0.12857287479537133,0.008968340332748863,0.06975243102086026,confidence,confidence,low,confidence
961,6,90,-0.0021575083335240767,0.009104554551250718,0.9811908759293035,1.1213893844656309,0.15710402445660698,0.003266953824161184,0.39134993470377394,0.0024879972572638964,0.2052917934126324,0.18801269266340467,0.08282252256605319,0.06604164608908555,0.0032713773829517886,0.0043845344912188874,0.7333333333333333,0.6888888888888889,0.024052132287822752,0.0039731923899271925,3,0.230086038344292,0.044808095393626596,0.19474410951640725,confidence,confidence,low,confidence
962,6,90,-0.005633771088388239,0.017430513905076498,-0.7155897257152254,1.1903766721052251,0.16054453866349327,0.004534573087860488,0.3948814055985875,0.003964043621949403,0.1750959489080641,0.20351555910375382,0.1376159887309328,0.08308623941463314,0.008108447305072737,0.004386233618243097,0.6777777777777778,0.8,0.02679630214626292,0.00636957549345614,3,0.27079328273421305,0.03542061442216208,0.130802667118817,confidence,confidence,low,confidence
963,6,90,0.009723734524514957,0.019381003921574026,1.0635256275894052,1.3435660582024826,0.1516271854440371,0.008481841058385968,0.3976726394560602,0.003768528065523,0.21509994135962593,0.21316692067517173,0.05697077141337573,0.008019824215084192,0.003995063125826585,0.002937087874624926,0.8333333333333334,0.8888888888888888,0.03089888276378592,0.007646812040835881,3,0.26244487604588623,0.03606404926781497,0.1374151875090219,confidence,confidence,low,confidence
964,6,90,-0.028832478986846075,0.032348826693015614,-0.7174793513007603,1.1874445664564068,0.17207340912686453,0.018628398214427754,0.47903189808130264,0.052534489692561984,0.23107301493485768,0.22259507709079318,0.0839447191488815,0.03025129100670553,0.00930721287023067,0.009329814126914509,0.6888888888888889,0.6888888888888889,0.06329282248588008,0.012549987482883773,2,0.4507639418733741,0.1454870446109865,0.32275590024003187,confidence,confidence,low,confidence
965,6,90,0.024845817022853416,0.026751338198041468,-1.383851095750665,1.3039640779798978,0.18938485897249646,0.00767850691764941,0.5240330369936095,0.007847685961691121,0.21285196906990475,0.29602288636896346,0.1387743969122213,0.09038776239950667,0.013353185375152406,0.00521324083957468,0.7444444444444445,0.8777777777777778,0.007409049617516139,0.003913997161664828,5,0.11369520684810873,0.04441261261788375,0.39062527984962875,confidence,confidence,low,confidence
966,6,90,-0.030076590180397024,0.02838742526380005,-0.4091591577317795,0.48285407895772126,0.18863580442137187,0.01537402033228654,0.5386379296580951,0.028560680561069984,0.2742881652381685,0.25262556937005787,0.12711615175890045,0.040463517768193395,0.008619585104913088,0.009153848841880263,0.8888888888888888,0.6444444444444445,0.055563452417267185,0.011493393194216104,2,0.34541205066293473,0.01216068424424153,0.03520620955375633,confidence,confidence,low,confidence
967,6,90,0.01293401916821798,0.015999066500114848,-0.8062708392767176,0.6047281714510558,0.1922036710712645,0.00924233393477536,0.5232178813881344,0.009794639211973181,0.2651153431998359,0.2646617141034868,0.10646332775179314,0.03440856775704555,0.007411812473295072,0.004881630750256551,0.7666666666666667,0.8444444444444444,0.031778444408669435,0.008114155834416164,2,0.22066720674293328,0.011158664346857567,0.05056761239672745,confidence,confidence,low,confidence
968,6,90,-0.007299674881829158,0.04167303226444579,-1.7430698974858179,1.3219764398160092,0.20384347438812256,0.014903759032351383,0.5344157973925273,0.010231738122687822,0.30804009470674726,0.29793776505523256,0.09468940076557432,0.021438983271768578,0.0037551782967626445,0.003659216138312872,0.8666666666666667,0.8222222222222222,0.055891151635232034,0.0064054546602417585,2,0.3253401124654266,0.01410540532881017,0.04335574198391273,confidence,confidence,low,confidence
969,6,90,1.4922685093349264e-05,0.007888057019160616,-0.42195960220713685,0.8505766935900504,0.2000703083144294,0.023210481293497433,0.4695712342858315,0.046836640333800285,0.4352385583851073,0.4419717166158888,0.22921461453640027,0.04123040119811048,0.005206420392419526,0.005647461830080459,0.6555555555555556,0.8444444444444444,0.016949704488310038,0.017919030094001663,4,0.2478197420818046,0.0514549982303194,0.2076299094178901,confidence,confidence,low,confidence
970,6,90,-0.0021204736497667095,0.008107690419781786,0.4038523942721177,1.0351776589147177,0.15827778577804566,0.00791486219654013,0.3821682810783386,0.005825265956244376,0.38531779050827025,0.38905924095047845,0.20014468650100012,0.006172251685510807,0.002192291013793148,0.0020825501779061064,1.0,1.0,0.013286700685231414,0.004673576005386101,3,0.14191907873959123,0.06393936577027644,0.4505307940788182,confidence,confidence,low,confidence
971,6,90,-0.003403158982594811,0.018178697960990066,0.4499767246218703,1.4199823634423425,0.17103963361846075,0.009028835761949365,0.38211958342128327,0.006486455334925906,0.3884652210606469,0.38476172685623167,0.20793158426981667,0.017111684543834705,0.0045832372714010375,0.0028743761171533444,0.8333333333333334,1.0,0.020664791594012088,0.0047421753191293145,4,0.2326824908385438,0.023510474888752398,0.10104058007736365,confidence,confidence,low,confidence
972,6,90,-0.0014212035470538668,0.009280189158686149,0.09395604083431708,0.98452416642739,0.17490391847160128,0.011667113302865557,0.3861657478743129,0.0075798353459960045,0.38603408568435243,0.398080215189192,0.20968035498829773,0.02269059611420393,0.0038479369386608233,0.002798711619593949,0.8111111111111111,1.0,0.01657616981826284,0.005270619346011082,3,0.17896899197317367,0.03786656996926757,0.21158055354298447,confidence,confidence,low,confidence
973,6,90,-0.004749764998753873,0.017330552263914185,0.2754463628928645,1.438800365732151,0.17825184928046334,0.002754403651632011,0.38636223375797274,0.00918290366750672,0.3940915074613359,0.38837154772546556,0.20392549346745162,0.019998735340767425,0.003961767755661586,0.0032545411428111957,0.8333333333333334,0.8888888888888888,0.026459215138805246,0.008558289146870575,3,0.24959923247581736,0.056549169690472176,0.226558962423847,confidence,confidence,low,confidence
974,6,90,-0.004418156213230558,0.02577659174520902,-0.8506045349594956,1.2413279334356244,0.1482062954041693,0.01358335783876032,0.3963194335500399,0.007169816711253732,0.2811590082115597,0.2905109441942639,0.10967451436882913,0.04793494160001513,0.00512814774181,0.005019071999681272,0.6888888888888889,0.8777777777777778,0.030430908167799264,0.005051503008147119,2,0.23300301627462652,0.025075628378034707,0.10761886760131942,confidence,confidence,low,confidence
975,6,90,-0.025109226173824755,0.00980644798060549,0.42433044122739266,1.251375192855356,0.1443117724524604,0.006638188567481298,0.3900760733418994,0.003506000134689114,0.20035774840248954,0.2016804489824507,0.06412956925948586,0.02949639387832567,0.0039611719260777565,0.0072923566117943095,0.9777777777777777,0.7888888888888889,0.021320691813324157,0.003999579664809487,4,0.22322566412565928,0.01141550579963912,0.05113863007518258,confidence,confidence,low,confidence
976,6,90,0.009182795219951216,0.011359221951258975,-1.1931766948279912,1.1593807185334775,0.14283272375663122,0.01055661745799076,0.3952712696459558,0.007960329157820108,0.1718733201424281,0.21477606760130988,0.11086864565671081,0.03909417488264141,0.008062853285907086,0.006200218825458023,0.6222222222222222,0.8555555555555555,0.03297475935587247,0.005311172074941082,2,0.25008129461356754,0.02207010905255778,0.08825138575548093,confidence,confidence,low,confidence
977,6,90,0.019007807638910097,0.006783363672988848,-1.477964859496209,0.8613785440846554,0.1421130953563584,0.005148873177358869,0.39590245369407867,0.013887755615740318,0.18554077214664882,0.22326869004302555,0.12170236986970412,0.05535575967245031,0.00982266419205725,0.005299171490405082,0.5444444444444444,0.8333333333333334,0.035921670561084765,0.00881529576248251,2,0.23212719036268595,0.019402556663477344,0.08358552502030041,confidence,confidence,low,confidence
978,6,90,0.007107728057437484,0.009685822294643837,-0.4163076112760195,1.3655512699071435,0.14366896284951103,0.01064163418105949,0.39830530219607885,0.005492568352155426,0.18247086372640398,0.22339508102999794,0.09698661729645228,0.048078091027879015,0.005228323681881773,0.003161756413544492,0.8,0.7555555555555555,0.026215441440876574,0.007561895373919812,3,0.2507935881999726,0.0886326760664117,0.35340745070519586,confidence,confidence,low,confidence
979,6,90,-0.014054602715704186,0.02115883143508492,-0.5472083854743699,2.086347367831303,0.14929962870147492,0.006625481069292307,0.3967456726564301,0.007880662147253319,0.25308102965354917,0.23956681324376,0.06674704306708253,0.008401633414503782,0.0027630863490279295,0.002476331658607396,0.9222222222222223,0.6888888888888889,0.04105698995653463,0.0038905073692013753,2,0.2757270667716834,0.01756236499208076,0.06369451321262581,confidence,confidence,low,confidence
980,6,90,-0.012464410066604628,0.017858468041749544,-0.09696950869605352,2.200487551138698,0.15153024560875364,0.003319049178174678,0.39370404150750904,0.006343150827118068,0.24325317409303454,0.23710438145531548,0.060049926440939254,0.009784574769675113,0.0038063453130826037,0.00405325864103859,0.8444444444444444,0.7666666666666667,0.03836226688106297,0.0044726076411723895,3,0.3226186211724672,0.0908912754040212,0.28172891367767183,confidence,confidence,low,confidence
981,6,90,-0.00219687289661832,0.012108399174382271,-0.00027071881229854514,1.6826633765651307,0.15408498313691882,0.0035721806110949753,0.38754788604047563,0.006342352565011627,0.20063993102974362,0.2072038925356335,0.05787633124724505,0.013944672128305769,0.0035254878629516666,0.003916863376882144,0.9444444444444444,0.7333333333333333,0.03775071790343172,0.006928238445652871,3,0.29686445819176804,0.05884153140405554,0.19820942376544634,confidence,confidence,low,confidence
982,6,90,-0.017723855707380522,0.004439053291743355,0.8891640642414101,1.1136463428961898,0.14606417185730405,0.006706883440441525,0.3842260241508484,0.0041352469478166745,0.181874457332823,0.15870624449517992,0.10115275244430715,0.05572834904590507,0.006282345241902561,0.007334381385210639,0.9444444444444444,0.6222222222222222,0.025943673125989115,0.005479600168274821,3,0.2306966867212739,0.06733877952494173,0.2918918714876392,confidence,confidence,low,confidence
983,6,90,-0.0016136692629920187,0.010766137863174634,-0.04932006417460565,1.0772121091107578,0.15410159329573314,0.0038695780152445576,0.3793061951796214,0.004461771183246069,0.1954225182533264,0.2118575460380978,0.06409180318646393,0.011798428979308532,0.0025282790368524443,0.002733329211868858,0.8777777777777778,0.8777777777777778,0.025117904297651494,0.00490748145556594,3,0.21422324809557652,0.058252512130082194,0.27192305562016833,confidence,confidence,low,confidence
984,6,90,-0.0004201687044567606,0.019873030014909063,0.06310537694997782,1.150098708929633,0.14685051292181014,0.006116059294289154,0.38798936191532346,0.007834118563491503,0.21457351975970798,0.2113910135295656,0.08865627312016398,0.029288781023165813,0.0057404968306856595,0.004407947933243851,0.8333333333333334,0.8555555555555555,0.02389069772984843,0.006314881133740896,3,0.2164546634036309,0.05966435189426382,0.2756423692320124,confidence,confidence,low,confidence
985,6,90,-0.011494241158167526,0.019465753279884503,-0.0822446898874642,1.4341014838658321,0.13898749417728848,0.011207063606234188,0.38309555252393085,0.006650969180704838,0.15623825887839,0.16112519866890376,0.08285184344987875,0.027462151549100006,0.009879015878268407,0.007809134878560725,0.8777777777777778,0.8666666666666667,0.025349127558792383,0.006308288690958723,3,0.24968846735645994,0.05866885743432691,0.23496728979188572,confidence,confidence,low,confidence
986,6,90,-0.003812757796711395,0.014928589967111525,-0.5277249302772172,1.2003970378040847,0.14723986900515026,0.009722184721935378,0.3945801365706656,0.011084040564385025,0.2421989768743515,0.23540742264853584,0.06421769399571821,0.013288749231032291,0.004883999193313407,0.0046921798925141835,0.6,0.8888888888888888,0.05036967228034315,0.004280371574363285,1,0.2613703324083291,0.03772999941889935,0.14435400803618134,confidence,confidence,low,confidence
987,6,90,-0.005905714962217543,0.016371568910356855,0.6157676430149035,1.0004103610385562,0.18474331696828206,0.009065351731621946,0.4639139701922735,0.0116990330362756,0.25834527876642016,0.24595955808957418,0.08098655370406155,0.018586068213111432,0.004493291556760383,0.004349296229670198,0.9,0.9666666666666667,0.028682721052458397,0.005699505649326999,4,0.30830777223354056,0.07220065495461024,0.23418294079520718,confidence,confidence,low,confidence
988,6,90,-0.019631909330685943,0.009874926983795268,0.11114318069668978,0.6246407772986194,0.18372545639673868,0.004093379347415583,0.47265877905819154,0.006464852879185334,0.25446900957160523,0.24606145487891304,0.10297651586094549,0.021742048066646574,0.0032333466539282256,0.005928327940131958,0.9222222222222223,0.8777777777777778,0.021984221555925377,0.003849417299356761,3,0.21080404573678563,0.038513614267441106,0.18269778189052358,confidence,confidence,low,confidence
989,6,90,0.009022991193665396,0.01683528351481271,-0.08779519552346252,1.3414903886999274,0.17533832142750422,0.014876779782517493,0.4801803136865298,0.007243268113718591,0.19083269304699368,0.2513356927368376,0.13646868038970797,0.06005301949936805,0.008465011977033018,0.004867746519778051,0.8111111111111111,0.8777777777777778,0.02447447133432251,0.006650940535457529,3,0.24386645602294535,0.05434911542396443,0.2228633385950881,confidence,confidence,low,confidence
990,6,90,-0.02227706379360623,0.011660490814371429,0.4836325932266547,0.8180592013417808,0.1842792100376553,0.006115497137251883,0.4837846481137805,0.010666041547516734,0.2544771436187956,0.25181799829006196,0.11025588927520699,0.027688395634486468,0.00461001486593698,0.0069910841833405665,1.0,0.7555555555555555,0.02285365724243184,0.007391860282442181,3,0.21787462838481322,0.05012029702240127,0.23004086043932598,confidence,confidence,low,confidence
991,6,90,-0.021207515398661295,0.02043741521616678,-0.23090326595032168,1.0174494524922568,0.18619932797220018,0.011686078091161876,0.49407976335949366,0.009490131484235663,0.30954791406790416,0.28305977682272593,0.07758127893017232,0.016998404903679078,0.004164109538966523,0.0054736232549836665,0.8777777777777778,0.6111111111111112,0.045468932442823504,0.0037753486980138915,2,0.2809164341033121,0.025479348680241785,0.0907004891368591,confidence,confidence,low,confidence
992,6,90,-0.0038058204783333683,0.004415716230687379,0.10395727761226961,0.5009190229894033,0.18865596734815174,0.005630993542384833,0.4877015896969371,0.0019609533708666712,0.3041298081477483,0.308318821589152,0.11506400680727293,0.023935670012011318,0.0026550432116688354,0.002302493443762696,0.9111111111111111,0.9888888888888889,0.001729044436686792,0.002075317530860063,3,0.04320638317470445,0.005920096770211104,0.13701586014301823,confidence,confidence,low,confidence
993,6,90,-0.013090330362319946,0.004048620427803692,-0.15299950239006224,0.48807419234077726,0.19505356136295532,0.0037304051609832003,0.48152141802840764,0.002079230934798423,0.19827499753899044,0.25821736752986907,0.1867465576842421,0.07964327499826789,0.007558250590268922,0.005953506200493809,0.7333333333333333,0.6666666666666666,0.001919865067477779,0.004211848543601923,3,0.05690395475511156,0.009191574736603203,0.16152503373667224,confidence,confidence,low,confidence
994,6,90,-0.01575503978464339,0.006228616893877716,-0.5759777845962559,0.850442840963294,0.18704074290063646,0.002717059155172474,0.4750743966963556,0.004426482426743728,0.28646141754256355,0.2719902432627148,0.08950484281501081,0.0230631976456144,0.003340732394144203,0.0036236587769661703,0.8,0.8555555555555555,0.05112796347467589,0.005864835014536975,1,0.20084349398246226,0.14010685450857088,0.6975887251397841,confidence,confidence,low,confidence
995,6,90,-0.007225923736890154,0.01892514013371742,-0.44959165021571434,0.9457743983210257,0.18858963466352888,0.00540496013096851,0.4626236562927564,0.0058639374770149,0.27406808071666294,0.27751844161086614,0.11123896942419977,0.0466807479135472,0.002414941892497967,0.00388408099137415,0.6777777777777778,0.8777777777777778,0.02154552820685687,0.006337091653330596,3,0.20797786632409773,0.0554773879085644,0.2667453135460064,confidence,confidence,low,confidence
996,6,90,-0.010141447186470037,0.0205133612704989,-1.3157845842896638,0.7640544481994461,0.17587969452142715,0.007483470821812833,0.4656925736202134,0.006485914226155411,0.19998603562513986,0.2347773836718665,0.1302591273818662,0.06801530490675288,0.007755459571484752,0.005495193630253076,0.7777777777777778,0.7555555555555555,0.028352866333501796,0.004902019483530783,3,0.24363618554154381,0.0442666256034145,0.18169076081313693,confidence,confidence,low,confidence
997,6,90,-0.03523362444506751,0.010845629664551748,-0.1509009013975934,0.7811230888965429,0.1808768042259746,0.004345470675230096,0.47617841081486806,0.004894859288588189,0.24555266168382434,0.22214204635885026,0.09312492431042375,0.022740205740494582,0.004447563104986689,0.005682661445595921,0.8888888888888888,0.7888888888888889,0.030970307030396875,0.0033149170733996584,3,0.2580315887948682,0.07210915208597517,0.2794575383782271,confidence,confidence,low,confidence
998,6,90,-0.015885659390025668,0.011757071341682551,-0.18767843363233386,0.9006892618021065,0.16709039426512187,0.007518320234451083,0.47429899457428193,0.006922846082063545,0.2940104156732559,0.2691376639737023,0.13823932549122542,0.08233054132953098,0.004999457890504479,0.0055633185631042015,0.7555555555555555,0.8333333333333334,0.027422329720781104,0.004443101692531873,3,0.244538641641234,0.08365658660801974,0.34209826286877837,confidence,confidence,low,confidence
999,6,90,0.007178274459309053,0.02274897508787234,-0.5619015755225032,1.0222116373884567,0.1712855973177486,0.00766327986815156,0.475444990893205,0.005456661439910682,0.2495465679301156,0.25440162420272827,0.1326686581166852,0.07897657619638872,0.01195456761839593,0.00956050207052337,0.5888888888888889,0.6777777777777778,0.027967155333558678,0.008119799095593067,3,0.2720928442212351,0.059229914144027965,0.21768193364885202,confidence,confidence,low,confidence
1000,6,90,-0.012921871741612747,0.02239220484572042,0.472170395902967,1.3746890508254015,0.16636314458317228,0.010826420572739668,0.4746571279234356,0.009715600484945547,0.1708695305718316,0.24570468829737768,0.17942707966325822,0.09154381261991258,0.01090833650312532,0.00472144719483116,0.8888888888888888,0.9111111111111111,0.0396855356731736,0.004071719207136154,2,0.2554026211970335,0.006690132485990186,0.026194352510096254,confidence,confidence,low,confidence
1001,6,90,-0.026061194472842747,0.021806409143607455,0.8420322018558848,0.8524418429391122,0.17225023143821291,0.010366898229606084,0.48302393125163184,0.0067213726215619215,0.1495053619146347,0.12496890558136833,0.07688761538277557,0.054057716947085326,0.011746642010840668,0.012173678947646007,0.8111111111111111,0.6888888888888889,0.03605236367390362,0.0050772077748101364,3,0.32037958253860965,0.030903861413021073,0.09645984525075516,confidence,confidence,low,confidence
1002,6,90,-0.0015052106645372185,0.0073473578357988074,-0.6910216156197342,0.604402771858716,0.17863756865262986,0.007757317630990565,0.474243645535575,0.013307550820857723,0.2828400131728914,0.30403119888570573,0.20274506972152517,0.09751047022696985,0.011999428629029918,0.007220392135061386,0.5666666666666667,0.8888888888888888,0.05706641448313358,0.006200490903103861,1,0.2929121959215105,0.04674648915395361,0.1595916121391809,confidence,confidence,low,confidence
1003,6,90,-0.015144697493977021,0.009184562559106121,-0.8522807820484055,0.9769560348013259,0.1908722821209166,0.015808560456985428,0.45243118156989415,0.026991528366471753,0.4428667469157113,0.42992318272590635,0.2153337814984716,0.04940189717499265,0.00601119634547629,0.00478296999731396,0.6777777777777778,0.7666666666666667,0.04415259882036649,0.007436465644388779,3,0.3929906499333974,0.02975610392000626,0.0757168859059708,confidence,confidence,low,confidence
1004,6,90,-0.01664189166492887,0.005380738614620563,0.5979455242088153,1.1054169271869005,0.1640253182914522,0.007808224263532152,0.39420933127403257,0.007334904331323974,0.3927001211378309,0.39147177272372774,0.21092537435713282,0.015526599158891517,0.0030329658338176598,0.0030537639786049125,0.9888888888888889,0.8333333333333334,0.03046475517534311,0.004388158887404522,2,0.22196889147484988,0.0522531766643651,0.23540659644051593,confidence,confidence,low,confidence
1005,6,90,-0.007435478766759251,0.005325844332095957,0.8858420786387587,1.3060266113870371,0.1719170822037591,0.0072996221737734925,0.3942537205086814,0.003445535893367085,0.39836020204755995,0.3815065986580319,0.21765495396772608,0.0145679083976067,0.003252029134692129,0.0030416113816157638,1.0,0.8333333333333334,0.03448019632608098,0.0026054283255266715,1,0.19159813390778563,0.018790246269074343,0.09807062216741472,confidence,confidence,low,confidence
1006,6,90,-0.01379485593901742,0.009408021402698568,0.17628977817918037,1.2233011087899512,0.176955246925354,0.013858290763070205,0.39758333298895093,0.004467232542783753,0.4031772775782479,0.38716508514351317,0.2123940070363563,0.01202951657055933,0.002993219517786146,0.0036467767352041562,1.0,0.8888888888888888,0.029224759896122783,0.006689878112002271,3,0.2622057961551786,0.05594436891023397,0.21335972114591994,confidence,confidence,low,confidence
1007,6,90,-0.011701148748397854,0.0050091097707199205,0.5400025716036205,1.4426943008770245,0.17418417036533357,0.009694343523836359,0.3915972974565294,0.003983992183796004,0.4042368597454495,0.38085058596399096,0.20921063265614415,0.011136195787462201,0.003236719684351169,0.0029363978541167516,1.0,0.8777777777777778,0.030523896392407962,0.0038029490667704957,3,0.22614266836146385,0.04412350698727,0.19511272328325285,confidence,confidence,low,confidence
1008,6,90,-0.013834938075807374,0.00879278228113453,0.6367271803385285,0.7303057113528553,0.17607204384273953,0.001974448537955224,0.39077340331342486,0.0039230683499000135,0.40548279715908897,0.38567817509174346,0.21128223118477815,0.005978911528332078,0.0030396336547181403,0.0027332254668564256,0.9444444444444444,0.9555555555555556,0.022579847186241488,0.002792849705778441,3,0.18462162777486027,0.029360814850533035,0.15903150769978935,confidence,confidence,low,confidence
1009,6,90,-0.004202248983913008,0.0073976419313227975,-0.9917982764515371,0.8487769022511075,0.1609425864285893,0.012368938207925173,0.39482578254408307,0.0036805545797299485,0.38994236323568554,0.4041684902376599,0.194685888290937,0.022928234006069543,0.003405356463731135,0.0035423667743527034,0.7555555555555555,1.0,0.0284622414475099,0.004216026014874847,2,0.2008933413399582,0.008067157862412145,0.04015622246303448,confidence,confidence,low,confidence
1010,6,90,-0.010397672984335162,0.01255944850523172,-0.17923888661403253,0.5950014313698583,0.16400415781471464,0.004739066793586156,0.39925262216064666,0.004530826472339964,0.2623352845509847,0.32224780354234905,0.16017287350751738,0.13469450997404386,0.005919462690403898,0.006547551914988928,0.8222222222222222,0.7777777777777778,0.025773321366116653,0.005230801913314691,5,0.23861742036595585,0.0410848666581966,0.17217810173743928,confidence,confidence,low,confidence
1011,6,90,-0.009666101137797053,0.005631341097914031,-0.24528074446408116,0.5573383518186168,0.16227423912949032,0.002641170821120046,0.4009125997622808,0.00474644498485993,0.3258855571349462,0.3391205976406733,0.1464580118210886,0.07635547905276202,0.004450402121478815,0.004837136322691854,0.8777777777777778,0.7777777777777778,0.03328858397990485,0.0038902057321907758,1,0.13642495174367322,0.07796427285494166,0.571476847758603,confidence,confidence,low,confidence
1012,6,90,-0.003614181280136115,0.006842114312233824,0.598868672375326,0.3129862256767563,0.16828455262713962,0.00511050059134186,0.39127883546882203,0.004956231789388017,0.3956567370229297,0.3794387933280733,0.21434682261176416,0.01123818387560214,0.00186151399494289,0.00221310709929186,0.9777777777777777,0.9333333333333333,0.024842364774133572,0.00868294256368229,1,0.12482383209344551,0.056000250167183144,0.44863068692342095,confidence,confidence,low,confidence
1013,6,90,-0.009825756483607851,0.0016638721698780698,-0.4616595152104238,0.5025734290300227,0.16727529184685813,0.003565125290786835,0.3921267815762096,0.004643450284691687,0.3783132639196184,0.38849793970584867,0.22709832303670566,0.015586328099277352,0.0026644792103346663,0.0032576306473386047,0.9888888888888889,0.9333333333333333,0.009641799219585426,0.005500359683903394,2,0.15803253260535446,0.004521233691873115,0.02860933130668957,confidence,confidence,low,confidence
1014,6,90,-0.007445184058613267,0.003953337065290586,-0.26834093247320134,0.2690494030043822,0.17991555250353283,0.006294623911748193,0.3976962932282024,0.0034260531692310156,0.38196513387891984,0.39605199926429324,0.22302342298780187,0.01706626193995224,0.002209874167575952,0.0009321484416828298,1.0,1.0,0.016115402390183747,0.0034316727803448727,2,0.09629554958098512,0.032141872565943794,0.33378010640882383,confidence,confidence,low,confidence
1015,6,90,0.0066099676820966955,0.014076351761079397,-1.0559563478303813,0.7378764636652948,0.15430803928110334,0.005450990076793082,0.40369090305434335,0.006837493933787893,0.2786575946542952,0.30648331774605647,0.117347400857658,0.04409728748402665,0.00429144875133075,0.00506436014585717,0.9,0.9444444444444444,0.01741754986632553,0.0044030567786267185,3,0.13853446839872263,0.03820282858149976,0.27576207756086824,confidence,confidence,low,confidence
1016,6,90,-0.0053013390964931914,0.013914461606970895,0.8527264776963484,1.8537562981815927,0.1541829142305586,0.007277057662887585,0.4064019385311339,0.0034697651199155294,0.12392620576752557,0.13688919676674738,0.06622967005678725,0.0432426283001684,0.006979945605891701,0.007210748510702677,0.9,0.5444444444444444,0.02600338228037148,0.0070955029096288185,3,0.21257246310880304,0.05855158033694974,0.27544162606496586,confidence,confidence,low,confidence
1017,6,90,-0.005277807845009709,0.021997767997957038,0.6668109274883028,1.5620217892074528,0.1499882631831699,0.008183372677158128,0.4106938319073783,0.005755586758569717,0.14857516288757325,0.16421043276786804,0.09071351928258001,0.029741593439733316,0.008005436005485079,0.007337625021764986,0.8444444444444444,0.6555555555555556,0.034240960246121534,0.006199870796845539,2,0.26522944612662863,0.014659343980072478,0.05527021574692706,confidence,confidence,low,confidence
1018,6,90,-0.012097985876931082,0.01444409819390032,0.8221006371919852,1.1686446384067632,0.150174261464013,0.005984122968706692,0.3976157029469808,0.00989603159451765,0.16179063585069445,0.1913298918141259,0.1258065793915123,0.07917225876274282,0.009001112156541596,0.006490554490360871,0.8,0.6,0.02764623859755312,0.009261544705555267,3,0.2700432448466651,0.05563507529711183,0.2060220736372375,confidence,confidence,low,confidence
1019,6,90,-0.0018218186166551354,0.01930249046155905,0.0005324907124281156,1.201444130203139,0.15548451178603703,0.002726546230160143,0.3938837654060788,0.010439239925359533,0.2055757638480928,0.22145797510941823,0.15004825439461375,0.07301170697857848,0.008342510520326692,0.0062219569672236985,0.7888888888888889,0.6666666666666666,0.03540616864376801,0.010074850797232892,2,0.2637273147809688,0.02987834375967213,0.11329213468977212,confidence,confidence,low,confidence
1020,6,90,0.004538137051794269,0.023572266785465413,0.5147114637268071,1.1494917468105093,0.15552395068936878,0.004735292372919219,0.40894750042094125,0.0035531525140088493,0.21905124419265323,0.21346429056591457,0.08149144252573932,0.03439948657266343,0.010062193204787939,0.003969254317466754,0.4888888888888889,0.6111111111111112,0.034044370431231,0.005973645772379395,2,0.22851526429375024,0.02800564403366441,0.12255427035015794,confidence,confidence,low,confidence
1021,6,90,0.022044197718302423,0.00951322733731582,-0.9193645842482099,1.2985566432593545,0.14143442975150214,0.011460410509052102,0.4156421704424752,0.006902996105694376,0.08587088220649296,0.25555359025796254,0.17465400098269412,0.12429931802208623,0.00990924817164094,0.00455236480612721,0.5222222222222223,0.7666666666666667,0.035821141409021394,0.0045173963683445215,2,0.2276054694365456,0.028046287111422565,0.12322271498192887,confidence,confidence,low,confidence
1022,6,90,-0.0026774585247039905,0.011627126061424365,0.2767251898489858,0.683129099448827,0.15895728766918182,0.005798119357839938,0.40755951205889385,0.006029575670301567,0.19299001230133905,0.1889166944556766,0.06246813136026367,0.016629137922563743,0.003446908675564196,0.003755741137936442,0.9,0.8,0.02426115890018615,0.003609328027829589,3,0.20498592818459777,0.03773287277476992,0.18407453152715267,confidence,confidence,low,confidence
1023,6,90,0.00788667698701223,0.011946231078673732,0.5340634945244724,0.2489779451766912,0.1507327601313591,0.003984574595562413,0.4037934374478128,0.003607935590638779,0.20929062399599288,0.2197455518775516,0.04164135735902132,0.013844446517389745,0.0021273169734966884,0.0026716512021139342,0.8444444444444444,0.7111111111111111,0.01302230163424373,0.004309882172552361,2,0.10968448292941033,0.028199127789074626,0.25709079301973425,confidence,confidence,low,confidence
1024,6,90,0.004865847031275432,0.010904522831018611,-1.3900630567126686,0.5451241773717013,0.2006363220512867,0.03055320763929653,0.5222523755497402,0.07322246798427136,0.23090171813964844,0.24384284483061897,0.12056283551798953,0.07975261905884752,0.009999888759096319,0.008164571065270026,0.7333333333333333,0.7555555555555555,0.04607837997014391,0.017082528966486387,3,0.3241366111953513,0.20571972705089053,0.634667869280086,confidence,confidence,low,confidence
1025,6,90,0.0021908260054058566,0.011021992129207347,-2.0953495940289155,0.9415868790697073,0.23283285693162017,0.012425041325393339,0.6244218672315279,0.03850621235493702,0.3452109515666962,0.36757450070646075,0.1413047531973977,0.039168428232689866,0.0073922783124703,0.006259847096141781,0.6444444444444445,0.7888888888888889,0.02114920951301832,0.007129261351930611,2,0.1676811998740718,0.0261394872700821,0.15588707262734314,confidence,confidence,low,confidence
1026,6,90,-0.04148843851354386,0.018510631324170725,-0.8247872108479221,0.8428069838082998,0.2130813289847639,0.015790828399003976,0.5818355995747778,0.03345844373433003,0.29682524535391064,0.24450598061084747,0.07652275735005801,0.020565957873406752,0.007011313822989613,0.009070691479344039,0.8888888888888888,0.6888888888888889,0.041633903936225146,0.009870984437325042,3,0.31236718099915284,0.03731139352932562,0.11944684445765241,confidence,confidence,low,confidence
1027,6,90,-8.184148205650992e-05,0.03280189826354872,-1.0519581972135699,1.7279652216289272,0.23168674583236376,0.0083082211295859,0.5947500763667954,0.010533364841721486,0.30016796555784014,0.3279594192902247,0.12446413200401765,0.05874305997336728,0.009272168988187496,0.007546024009128186,0.7777777777777778,0.7444444444444445,0.05664449814326517,0.009041325414684137,3,0.4456834740897148,0.08483349708012801,0.19034429515049991,confidence,confidence,low,confidence
1028,6,90,-0.02253757814566295,0.011419716502412766,-2.2354710475417368,2.0860641524211827,0.23013653680682183,0.006944228088670981,0.6165484406881863,0.010633781565551396,0.37873108784357706,0.3686460703611374,0.13124992151364995,0.0443384091500967,0.0069837488837326935,0.004635619747419225,0.7333333333333333,0.9888888888888889,0.043531186814756144,0.008010406246149937,2,0.3038588687708993,0.0624509503479803,0.20552549634340278,confidence,confidence,low,confidence
1029,6,90,-0.011858366926511129,0.018000661030582867,-0.2041263745753429,1.4287778198896757,0.22057503660519917,0.016087231433136746,0.6000183229645093,0.021058033089694013,0.35950609942277273,0.36396878759066265,0.1349820611957131,0.039126974647394584,0.006800947380963293,0.005980331227233953,0.9777777777777777,0.9222222222222223,0.06822314999185528,0.006897671368268463,2,0.397343520491901,0.023465337990589863,0.05905539596101755,confidence,confidence,low,confidence
1030,6,90,-0.023107873400052388,0.033309925519944106,0.21261877317181554,1.244425250989798,0.20768378120329645,0.013942556527445065,0.5945261764857505,0.014752092490269998,0.32825336390071447,0.3177048017581304,0.1392116616721371,0.0465549293722893,0.006952011486635042,0.007296064650284206,0.9444444444444444,0.8777777777777778,0.059517229569319194,0.00796922485748482,3,0.41866362743448116,0.03229241475598078,0.07713193960011437,confidence,confidence,low,confidence
1031,6,90,0.014204998148812185,0.031158866951138058,-1.2254440832486233,0.6895819893869792,0.22098722557226816,0.011055132698543869,0.5811505357424418,0.014690535923160282,0.2432799004846149,0.32175198892752327,0.1938112595775689,0.06085842347142408,0.009977920261720277,0.006123525509681005,0.6888888888888889,0.9666666666666667,0.045258381340970225,0.007638424984512167,1,0.27954760937566236,0.08681158247487865,0.31054199364025353,confidence,confidence,low,confidence
1032,6,90,-0.02334336870246464,0.012725508373993394,-0.7870280339109937,0.858611081963962,0.22780015601052178,0.006072316643433697,0.5788269852598508,0.01036681631786549,0.30486435095469155,0.33558421234289804,0.14133329444130252,0.05114389523687186,0.005589220556308106,0.005141000848999743,0.9777777777777777,0.9333333333333333,0.033014657062255856,0.004017921016408499,3,0.3052272458173027,0.1155560407504492,0.3785889488734158,confidence,confidence,low,confidence
1033,6,90,-0.026324180761973053,0.024205118837646405,-0.5339230884699276,0.9087812928507464,0.21530503125654327,0.013740866514731017,0.5803952852884928,0.01813363211899429,0.30293760597705843,0.2737736658917533,0.11016410593876565,0.03093185812188181,0.003795607711064148,0.006529122934519781,0.8666666666666667,0.8222222222222222,0.04506493263018911,0.006524068108835472,2,0.2944499491583533,0.028259716713083964,0.09597427617014107,confidence,confidence,low,confidence
1034,6,90,-0.02645631465646956,0.02101807279970147,-0.9150895340618089,1.443245093723788,0.22160057127475738,0.011774971944026045,0.5921743666132291,0.012498787165765909,0.32993477318021985,0.31300010714266036,0.1040593064437958,0.02536132240670401,0.005665330988588571,0.00843443082807825,0.9666666666666667,0.6777777777777778,0.04818695849698505,0.005772570757946678,3,0.3864988893847548,0.08575006826371932,0.2218631120444033,confidence,confidence,low,confidence
1035,6,90,-0.02533508108721839,0.035063741792097695,-0.28740781918436537,1.0951020853983695,0.22732996940612793,0.004770051131211661,0.5781118447581927,0.011578493822356725,0.3534038801987966,0.32567737069394853,0.19863599956467148,0.10434871616018286,0.0086793993729572,0.0076641388378214425,0.4444444444444444,0.5555555555555556,0.04480996474168602,0.007105004653095493,3,0.35949601607709825,0.06494457953927352,0.180654015568645,confidence,confidence,low,confidence
1036,6,90,-0.011276200413703918,0.025688508329901723,0.19869016966012773,1.124278393999012,0.21973278952969444,0.018847851199939574,0.5893928671876589,0.013286331877591625,0.34491608705785537,0.35394671029514735,0.20021260525006973,0.0766351570405735,0.010980088560315326,0.007153168432570177,0.7888888888888889,0.9222222222222223,0.04097365052215179,0.008934995904094757,2,0.30713993087718366,0.028931676109150508,0.0941967455347702,confidence,confidence,low,confidence
1037,6,90,-0.008649945259094233,0.016729818047322983,-0.3407719565616151,0.9032945194862144,0.2406423115895854,0.009751025656596506,0.588643330666754,0.013812386580634328,0.3745716392993927,0.38281813793712194,0.18185423381357377,0.05902158437596594,0.006646398797692429,0.006811212727777763,0.9,0.8888888888888888,0.035164747524057335,0.012910208374007739,3,0.35584463958031287,0.09648165493235299,0.27113344720521015,confidence,confidence,low,confidence
1038,6,90,-0.017207198010550605,0.015524045064953472,-0.7827511782184347,0.8649270929972395,0.23775425942407713,0.006539889234359193,0.593008718225691,0.011424036917465758,0.3452122042576472,0.3490745282835431,0.12773241472676058,0.047797352168260795,0.004819767033680587,0.006145161041845767,0.7333333333333333,0.7555555555555555,0.03025891549306841,0.00698216820997619,3,0.2899910636941034,0.08158038451597865,0.28131936949155034,confidence,confidence,low,confidence
1039,6,90,-0.0008207403951221049,0.01977396979912236,-0.43629913679263865,0.8459871407912182,0.24756421513027616,0.009622577568895304,0.5895768001675605,0.009767770898192123,0.2692872875266605,0.3231979078716702,0.2612618327405455,0.04346355470334188,0.009627854617027688,0.004496555019991134,0.9666666666666667,0.8,0.03152411947678738,0.009682435789518837,3,0.3162117243682488,0.08444810860017182,0.26706107026176124,confidence,confidence,low,confidence
1040,6,90,-0.01451813777287801,0.018422941777484738,-0.6389558947681585,0.9965911002403992,0.24445817925863797,0.007086546291625141,0.5986688405275344,0.012663605679834577,0.3043788105249405,0.29495264523559145,0.13075471921848317,0.05038229714759831,0.00390820899272771,0.0054086371794615515,0.7888888888888889,0.6777777777777778,0.0319088170963633,0.006778802707383653,3,0.31960666203225613,0.07058118769157887,0.22083697006129824,confidence,confidence,low,confidence
1041,6,90,0.006579957736863028,0.014653070510761375,-0.4449762848796672,1.1315551607787755,0.23624733760952948,0.006439198807716667,0.5939137993587388,0.009274888020108283,0.29698889156182606,0.29063971903589036,0.17421561229578977,0.09473183030322883,0.0052544484975638175,0.007504105897128406,0.8333333333333334,0.6333333333333333,0.03840684951189182,0.008917768649486867,3,0.33818943968331916,0.06015453956789625,0.17787179207142828,confidence,confidence,low,confidence
1042,6,90,-0.01675329440169864,0.01799145630800247,-0.7755305984549756,0.5142197063986546,0.2369529924251967,0.026554810453619952,0.6048509887523121,0.03403347192373315,0.3528178628948,0.3388220806916555,0.1874466281846237,0.11721416450453073,0.012672836535791886,0.014408885111671682,0.7888888888888889,0.5666666666666667,0.039426924866857595,0.00866007217575146,3,0.3791854597841521,0.08065586791320911,0.21270766883163925,confidence,confidence,low,confidence
1043,7,90,0.02196474243765292,0.016643470839659637,0.8759503243594979,0.6450024878964394,0.23312478629953187,0.09893733137060101,0.7063926607370377,0.09367095262754331,0.1837946047257308,0.18384875067631187,0.23230158347461813,0.06836451007114876,0.030674844031769746,0.035005505938641206,0.15555555555555556,0.2222222222222222,0.05791918315692661,0.0684803133703267,1,0.5724544942111499,0.30283645728574615,0.5290131029366015,confidence,confidence,confidence,confidence
1044,7,90,-0.0003286179569032454,0.005708757402277098,0.15956457882227226,0.3828356879663077,0.1772899103661378,0.007940090284251541,0.45244576831658684,0.03527429885051571,0.1515388052496645,0.14984564118915134,0.19361385243495835,0.06769177390006254,0.010676507799733271,0.009627009217264077,0.9111111111111111,0.9111111111111111,0.021314820073769884,0.007634544512408975,2,0.25904329304178825,0.04510711977591992,0.17412898483983733,confidence,confidence,confidence,confidence
1045,7,90,-0.008762332134776642,0.002100033569862585,-0.8421262822860531,0.26653893346479,0.18326015323400496,0.003215341854141396,0.4189364087250498,0.004485682446615227,0.30646801690260567,0.3073087063100603,0.09205045404479646,0.02103818379564073,0.0016902588961686534,0.0018223330174968668,1.0,1.0,0.0014337395345314558,0.004840112757864404,6,0.05524015439686449,0.019498886487739328,0.352977534604999,confidence,confidence,confidence,confidence
1046,7,90,-0.010020153058899778,0.0031555038334983216,-0.6941708318112966,0.25406045035181357,0.1939863312575552,0.00320193521742496,0.43247037016683154,0.0036499142948586173,0.2880702836645974,0.27231892281108433,0.08386592903049017,0.016132290765650405,0.0019637166672663354,0.0022039084721414163,1.0,0.9777777777777777,0.0019492707976413869,0.002648192239932677,1,0.031453369605546795,0.011433936008014726,0.36350866831546413,confidence,confidence,confidence,confidence
1047,7,90,-0.01029828985532125,0.0018353209279428565,-0.6361985247260454,0.08113390991668581,0.18940826753775278,0.0014536608135240407,0.4322177555825975,0.0033583120417492963,0.29367625249756707,0.28670019573635525,0.07316037550837981,0.009111155382077648,0.0010895720517765514,0.0009411724314253735,0.9777777777777777,1.0,0.000228124788800566,0.003328889105567537,9,0.025014372733515026,0.0023017923000821995,0.09201511105202564,confidence,confidence,confidence,confidence
1048,7,90,-0.011279222700330941,0.0016197470420683075,-0.5376185925933484,0.14802439994075933,0.1877193268802431,0.0022343650131226686,0.4287006563610501,0.0031616757051528875,0.2863562067349752,0.27503698004616633,0.07473342936016061,0.00613443329870208,0.0007966132696629115,0.000830762398331877,1.0,1.0,0.001031497595670745,0.003087681419297798,1,0.03491462183749869,0.007728618545769888,0.2213513074961049,confidence,confidence,confidence,confidence
1049,7,90,-0.012295671966340807,0.0016206560544693536,-0.3750728686902236,0.08251210421319942,0.1920988779928949,0.002504231229658069,0.4327449364794625,0.003944308760824821,0.2623928798569573,0.2555653088622623,0.08723525581297212,0.021381840202408547,0.0011535589126176321,0.0021265448022178986,1.0,1.0,0.0005888422600219733,0.003258043299859026,5,0.028793539714512192,0.00654184871422975,0.2271905986027176,confidence,confidence,confidence,confidence
1050,7,90,-0.015204685926437377,0.0020765354897429966,-0.6210617678261493,0.15983497463068969,0.1934305046995481,0.001237228973567696,0.4374824239148034,0.00342358479951989,0.26367476714981924,0.24051418834262425,0.10286622669542098,0.009143631714651488,0.0020167705444439745,0.001194121107511566,1.0,1.0,0.00038003068826980026,0.0023852620311405493,3,0.029549165831501717,0.007501689837546211,0.25386286765095223,confidence,confidence,confidence,confidence
1051,7,90,-0.011680936151080661,0.0036081651730957833,-0.5241118794427967,0.17855693025591787,0.1944611824221081,0.0027876191664694397,0.4385336375898785,0.0030976291144357744,0.25768960217634834,0.23466851479477352,0.12447892628394236,0.023525979194285132,0.002879831464199419,0.0005028629767862614,0.7777777777777778,1.0,0.0013601619828606335,0.004486795438356215,2,0.03610376545821019,0.01203105584763801,0.33322625683757656,confidence,confidence,confidence,confidence
1052,7,90,-0.009138951367802092,0.004965026407349021,-0.49164039830527567,0.08625361494721386,0.19601068910625247,0.0026729265081237076,0.43646232667896484,0.004109209885229299,0.25578042566776277,0.23733813828892178,0.08766385972092365,0.016517812015327323,0.0023804143258634924,0.0012266467832635053,1.0,1.0,0.0010988776983339315,0.006509805944638053,1,0.05091390205192011,0.0033115704924664593,0.06504128180565895,confidence,confidence,confidence,confidence
1053,7,90,-0.013570655385653179,0.003636557216844859,-0.6791657364828768,0.15306587168066876,0.1948042083117697,0.003770062413021692,0.44360259456766976,0.004290614193969824,0.26918594241142274,0.25861937039428284,0.0895676761387362,0.022505304589939865,0.0017666243705712105,0.0023634253113744863,0.9888888888888889,1.0,0.0010748602189102946,0.0037144373535997243,1,0.04421646405026524,0.004063099865914783,0.09188902966701028,confidence,confidence,confidence,confidence
1054,7,90,-0.013724474112192787,0.005618870630141496,-0.5260508066579069,0.12707933815648242,0.19996818800767263,0.007316725586085577,0.44128957953717973,0.004624177519011515,0.2808410780297385,0.27270738780498505,0.0994205085425022,0.03158072339509647,0.00292258930024258,0.001967885923613333,0.6888888888888889,1.0,0.0017084781694758082,0.004897289359126257,2,0.051850800675191905,0.006186638881562339,0.11931386761891741,confidence,confidence,confidence,confidence
1055,7,90,-0.011843483646710711,0.0031271964107466017,-0.3827559343621894,0.10381534367774971,0.18355503727992376,0.0012146029101195721,0.4368222119079696,0.0014204693296681421,0.2844757643010881,0.27607637147108716,0.06334999821459435,0.008624667156973064,0.0010407532009112177,0.0007932997578494428,1.0,1.0,0.0009776953417190905,0.001232692322453675,2,0.02093875236586651,0.0023394905854415833,0.11172484490576604,confidence,confidence,confidence,confidence
1056,7,90,-0.009829304615656537,0.0020541419034450868,-0.4434046814071105,0.08685946046389502,0.179030888610416,0.0017983503141256695,0.4348507523536682,0.002932340503724854,0.2521945459975137,0.24777550995349884,0.07978043961032569,0.0393719584816329,0.0039695379162829345,0.0037863050962453977,0.9555555555555556,1.0,0.0006531017107894849,0.002917881800979218,4,0.0424902819021348,0.004342171455622568,0.10218970248116739,confidence,confidence,confidence,confidence
1057,7,90,-0.004106766647762718,0.0036267978625745155,-0.9149490655579231,0.3203016360618309,0.18515475110875235,0.0031312096635431677,0.4366738306151496,0.003981485695738356,0.17800178196695116,0.22825984093878005,0.13514039644548317,0.088359329681923,0.006212935070137168,0.002957838941428988,0.8111111111111111,0.9888888888888889,0.0005667738213315339,0.0033754135836771425,5,0.05065313653548259,0.0012476962610822456,0.024631675642289352,confidence,confidence,confidence,confidence
1058,7,90,-0.008182903793123029,0.0038664968187601674,-0.36165016518401316,0.1129747000347897,0.18563875241412056,0.003788102684510113,0.43247777918974556,0.004034688192862372,0.2618753307395511,0.24242485099368624,0.07795418015690349,0.02817375679990854,0.002587201706333982,0.003279954977451047,0.9777777777777777,0.8222222222222222,0.002193982790534953,0.0038681174803866657,1,0.04808943799800226,0.008927324095552825,0.18563615694088037,confidence,confidence,confidence,confidence
1059,7,90,-0.013721607459916008,0.005209941113048219,-0.725528251700844,0.35768073293071645,0.19059900061951743,0.007118144855986224,0.4255082940061887,0.0032385866398693505,0.2841049326790704,0.26965090533097585,0.060265183900485304,0.019009336407729237,0.0030689736004993412,0.003355807038830602,1.0,0.9444444444444444,0.02520953087449798,0.002761930380775038,2,0.14555513089438857,0.046735661329847224,0.32108342700973075,confidence,confidence,confidence,confidence
1060,7,90,-0.0097602688603931,0.0017814135409158307,-0.5161822681569633,0.4201591538927141,0.18993650012546115,0.009213658551044347,0.4247912054260572,0.002124670183383927,0.28802404867278203,0.28162610961331264,0.07953882149964853,0.011917497396255616,0.0026084260470216718,0.0018936694256681055,0.9222222222222223,0.9888888888888889,0.026122459872810658,0.0021817629992665574,2,0.13383035858891726,0.04482850337710539,0.33496262647084635,confidence,confidence,confidence,confidence
1061,7,90,0.0009525739484363169,0.005213055148015268,-0.7083287756403914,0.4741500767553508,0.1843464814954334,0.008112425433766194,0.44545859711037744,0.007824513944987956,0.2497750245862537,0.26969907581806185,0.1360452004639692,0.032548119411493784,0.006445043261533893,0.0030715297451762843,0.9555555555555556,1.0,0.0036991085449411864,0.007939093193495034,2,0.09363860273531834,0.011075921730721873,0.11828245109100974,confidence,confidence,confidence,confidence
1062,7,90,-0.012541695766978793,0.004974364891705773,-0.4830203425520031,0.3075792207045175,0.18897183305687373,0.009450284788491192,0.4392255513204469,0.006012082282803131,0.25005812181366815,0.2292003310388989,0.10116809484376635,0.06527064309174245,0.004691375626001938,0.009075698128288323,0.8333333333333334,0.9777777777777777,0.003503641038728045,0.004194136711227732,2,0.07023273545508649,0.004966022627860305,0.07070708393455746,confidence,confidence,confidence,confidence
1063,7,90,-0.017635542154312133,0.005492836450885645,-0.8141998051648686,0.5997021442683133,0.17819198966026306,0.005418588940067993,0.4216386765241623,0.005410348752327209,0.23861494494809043,0.22895071241590711,0.07533581095421114,0.01735271501176298,0.004680265651394008,0.004539748964161306,1.0,0.9444444444444444,0.01497073587175786,0.00432203154270911,2,0.0972799422942141,0.012926471531606958,0.13287773768178,confidence,confidence,confidence,confidence
1064,7,90,-0.005882812208599517,0.007543411862274228,-0.82132504814631,0.6806830589776168,0.1758317596382565,0.00849446841847859,0.44258446660306716,0.004534828795513178,0.2033364690012402,0.21129967007372114,0.08282805425255498,0.03974018217477403,0.008948143363665976,0.007297936427835676,0.9,0.7222222222222222,0.006282002702616864,0.003098511534548857,2,0.08263993879155464,0.01771222745363287,0.2143275199027984,confidence,confidence,confidence,confidence
1065,7,90,-0.00670518179734548,0.009298241632277934,-0.4637494987260156,0.6308012008254436,0.17668011966678832,0.011298498852434048,0.4315887976023886,0.008389183957728835,0.2482367820209927,0.2560259951485528,0.08740288941306047,0.016798499217184366,0.0038154509535510035,0.0035989007370570898,0.7,0.9111111111111111,0.00668613742334645,0.005441895235440038,1,0.08220773640389861,0.03498882919500145,0.42560962162340404,confidence,confidence,confidence,confidence
1066,7,90,-0.010008146365483604,0.008391454968964814,-0.8121984666173913,0.6871473281304271,0.18073263880279328,0.010358094139634264,0.42911023563808864,0.005834917197265236,0.2823015789190928,0.2788389265537262,0.06996028998883087,0.010078083483928352,0.0013310612328188314,0.0013521092659508484,0.8333333333333334,1.0,0.016119478996631423,0.005330617730762194,1,0.10226584284905618,0.027750125909699528,0.27135017701346426,confidence,confidence,confidence,confidence
1067,7,90,-0.005684160523944434,0.008556500968191483,-1.0153263652638753,0.7031054261162001,0.17734329683913125,0.006642838731659114,0.4577193164163166,0.023936221662055668,0.23634157048331367,0.2524419489834044,0.09015405857479625,0.06182062147149065,0.01016244554346523,0.006278012765112568,0.7666666666666667,0.9,0.09097188522414161,0.01688563093016258,1,0.33485394399146107,0.17856028316702163,0.5332466680604692,confidence,confidence,confidence,confidence
1068,7,90,-0.008399342166052929,0.010628640890565245,-2.3032393129783135,2.346755060984882,0.18583862707018853,0.020813928682928796,0.476118657986323,0.006270784254004109,0.22402019368277656,0.2395535730653339,0.06742871030822435,0.03451105746640473,0.0076046910765787505,0.0073684624646654755,0.8333333333333334,0.8888888888888888,0.03618847898248259,0.01337310295937978,1,0.18965351312497167,0.09112600514401255,0.4804842428609417,confidence,confidence,confidence,confidence
1069,7,90,-0.01646715170807309,0.0027740785097565015,-0.6179266031677598,0.5541401063466457,0.1826231650180287,0.00805357572206544,0.4764832372466723,0.0054155361004944525,0.28167900641759236,0.2671463949812783,0.09046447967955842,0.03317875385363234,0.0030354402025573406,0.0022813101117838217,0.36666666666666664,0.9777777777777777,0.007454750997481768,0.011043827922590432,1,0.10230998707015314,0.037841277817767645,0.3698652402974124,confidence,confidence,confidence,confidence
1070,7,90,-0.02017694744798872,0.005559168295836128,-0.3243218840648122,0.6216055010248548,0.19331807113356062,0.020459436868465172,0.4651797812845972,0.012825870388516953,0.30346586571799383,0.2909310476647483,0.07177060834293122,0.010622762269334684,0.0033722073975639903,0.002490172481509329,0.7444444444444445,1.0,0.02113061240338635,0.0034545322912832694,1,0.11391362389786501,0.04203976927314291,0.36904628953377794,confidence,confidence,confidence,confidence
1071,7,90,-0.012355596158239576,0.012232946094492724,-0.8497706108792475,0.27161285255209006,0.19293695704804525,0.0037037908729563823,0.46916671345631283,0.00758369528134867,0.2804160131348504,0.2669445306062698,0.06646068034207468,0.006985946712677853,0.004171773384694589,0.002906733223139664,0.6666666666666666,1.0,0.03246866395015093,0.010416917964613836,1,0.15608571486789072,0.09190198120866706,0.5887879778010026,confidence,confidence,confidence,confidence
1072,7,90,-0.02155003647009531,0.00202866748709833,-1.4523678288579118,0.5811625154639081,0.18796360832121636,0.013698226749081348,0.46251686132616465,0.004083144906752332,0.3259261429309845,0.3122957140207291,0.08082937878532724,0.013290872763448341,0.0027444502375166234,0.0020160920074889107,0.6444444444444445,1.0,0.02434131018656554,0.005687939635279276,2,0.1725367095929949,0.031127972258114495,0.18041257375876457,confidence,confidence,confidence,confidence
1073,7,90,-0.007200032141473558,0.004997419521231405,-0.19380904753973233,0.4534266491217042,0.21168418419029977,0.004777294825956577,0.4645826937423812,0.004381213068910181,0.2807917104827033,0.29439950817161137,0.10832367639670315,0.029777261609881055,0.003599650502357749,0.003165691539686648,0.9888888888888889,1.0,0.02382332009326237,0.004035890848125144,1,0.10497569265080313,0.049073277353680264,0.4674683123892914,confidence,confidence,confidence,confidence
1074,7,90,-0.009216025802824232,0.004520138901069845,0.32607436413667923,0.32603425410842823,0.20201794306437174,0.009049242786491007,0.46535288823975457,0.00450280101755321,0.29545075562265183,0.25139010813501145,0.12059890196585966,0.06590283034209266,0.002139275225005788,0.0035148139545451078,0.8666666666666667,1.0,0.013633711538060323,0.0034558343863781787,2,0.10796446671434975,0.019372350360545628,0.17943098798248272,confidence,confidence,confidence,confidence
1075,7,90,-0.008225943644841525,0.003208926404513651,-0.5765074794850237,0.48174762335932275,0.19541184786293242,0.009218179675042038,0.4696986267964045,0.003672883716796395,0.24852482146686977,0.22761860953436958,0.08017259193710789,0.049510553730347205,0.0036018944087416577,0.0035127489067845095,0.8111111111111111,0.9888888888888889,0.01604969726848333,0.004935215199136179,1,0.10928594499706715,0.0235451835113918,0.2154436974336108,confidence,confidence,confidence,confidence
1076,7,90,-0.0038340134753121293,0.0029370700237175106,-0.8693045666336405,0.41276777547663135,0.19235726214117474,0.0038690479450433275,0.467104828523265,0.004249777279835474,0.2596806479824914,0.2547195576959186,0.07029943796765638,0.025762266906429875,0.0033900203220372026,0.002238801378343424,0.5111111111111111,1.0,0.011969635230054013,0.0031537554851006127,2,0.08782221150916752,0.0064189185664676905,0.07308908950337854,confidence,confidence,confidence,confidence
1077,7,90,-0.010200933284229703,0.002323294216554952,0.017966591652651933,0.2110563393590355,0.2040624496837457,0.004081026022902672,0.4692744925618172,0.004618946128527784,0.2744068682193756,0.27262064648999107,0.08560224670835316,0.02429079283125794,0.0025400842599564255,0.001901813248718029,0.7111111111111111,1.0,0.0047750931493352865,0.0035783882446739027,1,0.056189292206456236,0.005694667687657549,0.10134611271879512,confidence,confidence,confidence,confidence
1078,7,90,-0.005692862139807809,0.002331587356045858,0.007972692436261425,0.2902211367771836,0.1983276381260819,0.00874155761453062,0.4636802378627989,0.0043533886112936794,0.284416021572219,0.2842254522773955,0.1049935476042198,0.01922382506315832,0.0020408587281506713,0.0011902965303376232,0.9333333333333333,1.0,0.0018737671117185157,0.006820984524286691,1,0.05167647072040167,0.0032154642676723933,0.06222178103625658,confidence,confidence,confidence,confidence
1079,7,90,-0.008220279547903274,0.0031912101811468513,-0.0605132348905505,0.3148146242391395,0.19882678017020225,0.007338671777579999,0.46942939013242724,0.006310838376872991,0.2979972551266352,0.3009308583206601,0.08158544411963221,0.008127210239270351,0.0013447958550254916,0.0011575921398687254,0.8555555555555555,1.0,0.001946636417331157,0.00954617145893729,2,0.06355443038169527,0.004744703049352732,0.07465456564226594,confidence,confidence,confidence,confidence
1080,7,90,-0.004098329279157849,0.0033532791682662935,-0.443078363679385,0.434726163751696,0.20021747963296044,0.01001762233237755,0.46176620821158093,0.003256212309305605,0.30239066547817656,0.3029612653785282,0.10147370251380165,0.033775541724009914,0.003098416856352553,0.002466430077597039,0.6111111111111112,0.9777777777777777,0.0021819375042216867,0.004418226764062252,1,0.056838546707628085,0.009444914887809987,0.16616801918553026,confidence,confidence,confidence,confidence
1081,7,90,-0.01584196686744689,0.009595604849308817,0.09695030481521996,0.5423052419905293,0.20606298115518357,0.022072714329668362,0.4606942484776179,0.004792616898320201,0.2908973899152544,0.23402684562736087,0.13151657160638783,0.05004957548138515,0.004049396816809007,0.006889319594390763,0.9333333333333333,0.9777777777777777,0.0043896717027444975,0.0052552677229856706,1,0.07720900739852184,0.007649152496327001,0.09906944389793494,confidence,confidence,confidence,confidence
1082,7,90,-0.005545799599753484,0.006430469724068266,-1.2095872528325504,0.8608812004879218,0.1871295619342062,0.010656613606355432,0.4761836859914992,0.006317022176518421,0.24829983048968846,0.26256379418902925,0.12900282854103204,0.08479129688629258,0.011631933090697237,0.008409911041092547,0.7888888888888889,0.9444444444444444,0.0006937596040844272,0.005301497380220049,8,0.10029215268929866,0.011590967663046516,0.11557087749504238,confidence,confidence,confidence,confidence
1083,7,90,-0.010930946469306943,0.002383461784259186,-0.4294415083609911,0.38259091603655804,0.19651448478301367,0.013872503450161104,0.4514107444220119,0.012200579171491237,0.31912449134720694,0.3140504502587848,0.08813095858026876,0.041622882953367774,0.002999799274415921,0.003774949041252207,0.9666666666666667,0.9888888888888889,0.0020401401593710925,0.009446970534311839,2,0.06277443537674184,0.021413884870108067,0.3411188586999727,confidence,confidence,confidence,confidence
1084,7,90,-0.010884378353754677,0.005437783091989615,-0.4341386367812434,0.36457115024244247,0.1982546513279279,0.009454522766860384,0.46509230997827317,0.005677023595344988,0.3325728048880895,0.326345318224695,0.08080847167298913,0.01126422551446826,0.002263546541500102,0.002061379201771239,0.9777777777777777,0.6777777777777778,0.002717849166623108,0.004349997199444404,2,0.06859317659875945,0.009194335216187191,0.13403958866609492,confidence,confidence,confidence,confidence
1085,7,90,-0.015117436647415161,0.008613468576747578,-0.5449912324027436,0.626132756884275,0.1933822782503234,0.014588814945902877,0.4667543288734224,0.0036753699650346004,0.30713273220592074,0.2612832503186332,0.13615978712908633,0.07684686931693477,0.0046872805785029914,0.006734319794181577,0.8666666666666667,0.9888888888888889,0.0023194265673086487,0.0032051247707669036,3,0.05482341235510134,0.008793674442186728,0.1603970578878168,confidence,confidence,confidence,confidence
1086,7,90,-0.009617200493812561,0.008063432838697149,-0.0839604490563816,0.18002107651355212,0.1921294003725052,0.016227358771590907,0.4695508796307776,0.004411109533446615,0.27867164380020565,0.26496627430121106,0.12047451586837579,0.07585826913734682,0.007299628918520466,0.009260260988240853,0.8222222222222222,0.9777777777777777,0.0027917037758414826,0.005077212204784229,1,0.09158091597176791,0.020212289119354,0.22070174995667124,confidence,confidence,confidence,confidence
1087,7,90,-0.01548420555061764,0.0035145375788151263,-0.5956105188687294,0.21253396057658067,0.1933965134123961,0.014864961373516606,0.46307976924710803,0.008052211267002181,0.29949413372410666,0.3023715794086456,0.10558538328163479,0.03020283362942394,0.004758239776079881,0.0038733162881688914,1.0,0.9888888888888889,0.0018701088742524572,0.01211459048356474,2,0.10023098653437121,0.003530167627597427,0.035219970686571934,confidence,confidence,confidence,confidence
1088,7,90,-0.014610961079597473,0.0024479146633515523,-0.3511455108998359,0.26682455861958837,0.20040727630257607,0.0067712798606148865,0.4487039147151841,0.005410702134094788,0.2953760458363427,0.2970384826262792,0.07638075802373262,0.006193196856031141,0.0019102785383542731,0.0018666813825830852,0.6222222222222222,1.0,0.013036320554367676,0.0033113073236839697,2,0.10210316211424914,0.006576153339398725,0.06440632000917218,confidence,confidence,confidence,confidence
1089,7,90,-0.009290349152353074,0.0023748035842692658,-0.39178074079002817,0.1382519783876074,0.2100875896712144,0.004022781672868246,0.4500938708583514,0.006117729727967989,0.2906426045629713,0.29317074914773306,0.09906567513828425,0.02135617938553388,0.001002223672617004,0.00156312405361925,0.9222222222222223,1.0,0.000663118119236541,0.004443107480028273,5,0.04137238914813756,0.012054404310407706,0.29135646265880877,confidence,confidence,confidence,confidence
1090,7,90,-0.014145739542113416,0.0022195152940789344,-0.7961856137307455,0.22297242038114903,0.20350584611296654,0.0034845902542771793,0.46263657328155305,0.007579408350256736,0.2872445222404268,0.2952872243192461,0.09187842731133412,0.011647281411247611,0.0017003286149168525,0.0019481828854043385,0.8333333333333334,1.0,0.0014370595471896318,0.008420891570463088,6,0.058430575546548014,0.0012842484823241955,0.02197867283761897,confidence,confidence,confidence,confidence
1091,7,90,-0.006399668918715581,0.003818047850942761,-0.4219916459174768,0.06333485283026252,0.20409829020500184,0.011702991643013295,0.46804892602894044,0.006376452603008833,0.2819466965066062,0.28838483095169065,0.1330518156537603,0.08275627481210597,0.005160561434520014,0.004625822323428775,0.7888888888888889,0.8222222222222222,0.0019174195227722331,0.00687998872023671,2,0.061701928900939965,0.02067607603394468,0.33509067401222997,confidence,confidence,confidence,confidence
1092,7,90,-0.012576858533753291,0.0034243317024618947,-0.4874200835240297,0.12710581017543585,0.19170224931504992,0.014538245549289546,0.4612699169251654,0.00736868424459947,0.3055040866136551,0.2975026216771868,0.0951946232447307,0.046477502997534934,0.0022036457279921004,0.0032946945332314645,0.9555555555555556,0.9666666666666667,0.0008066211014380728,0.007701855526477857,5,0.05427604886123812,0.020391958920952618,0.3757013203331235,confidence,confidence,confidence,confidence
1093,7,90,-0.015267237027486166,0.007380769229221781,-0.20874030662224868,0.5057891769369399,0.20780480843451288,0.009495371940725417,0.4609924485286077,0.010300509159807604,0.30885545214017235,0.3055851406521267,0.09993288407461566,0.02600009173469174,0.002284528206972124,0.0017687527841222083,0.9666666666666667,1.0,0.00946085676629382,0.01090697331336931,1,0.11316429219179076,0.03797088997758515,0.3355347672609079,confidence,confidence,confidence,confidence
1094,7,90,-0.007060296005672872,0.012748828299943045,0.21666441035277803,0.825667065014028,0.1907438756691085,0.007958372222807045,0.47275222341219586,0.015505646325296355,0.29054927031199135,0.29219877322514853,0.09076807663258123,0.01565028013757948,0.006369229489311642,0.005171017754458329,0.8333333333333334,0.9777777777777777,0.13386199968933138,0.008494486688087917,1,0.37293732154054116,0.28727100236093817,0.7702909188154045,confidence,confidence,confidence,confidence
1095,7,90,-0.008115769094891007,0.009138822060434395,0.1582266220701202,0.335767794141287,0.21012717675831583,0.0106722602804735,0.48127737243970237,0.016193738775695125,0.3322939200533761,0.32889212866624196,0.1130602855611669,0.016955326341726692,0.0044955581637072094,0.0038147659596308,0.9888888888888889,1.0,0.03086338567909732,0.015564297264435917,3,0.27695845973007094,0.05280598644235769,0.19066323458972387,confidence,confidence,confidence,confidence
1096,7,90,-0.0034258577558729376,0.012063134399520782,-0.5627576342619638,1.3923736739652546,0.1987309538655811,0.018718430836885736,0.4754201018147998,0.014098946907157194,0.30836538838015665,0.3109155227740606,0.10394558517235411,0.03964801538435338,0.00781636754019906,0.007666402364124949,0.9,0.9444444444444444,0.01881719399897349,0.009276816151987301,2,0.16691437910515805,0.02865404844532182,0.17166811469942225,confidence,confidence,confidence,confidence
1097,7,90,-0.007529911398887639,0.010801388608593834,0.11247852491450505,0.489872690848355,0.20413722818096477,0.006152481013711872,0.47199630985657376,0.008703136781287306,0.2677891612052917,0.28653760254383087,0.12104904775137619,0.05418583129137894,0.009617820304345598,0.008103139900483815,0.9111111111111111,0.8777777777777778,0.00310255019526445,0.0050105873926692465,2,0.09298779707824568,0.007912353222201176,0.0850893168941986,confidence,confidence,confidence,confidence
1098,7,90,-0.004526491297615899,0.008250049590405718,-0.6098239683629325,0.5897611569431287,0.20769585255119535,0.010093463124622852,0.4682699163754781,0.007578879249530812,0.31047258575757347,0.3039850268099043,0.08987156902165153,0.030540082133499805,0.004625349165921067,0.0031735034710350693,0.9333333333333333,0.9888888888888889,0.015557232453280575,0.0072712591906661985,2,0.1480687226099832,0.016860661759985608,0.11386974637885101,confidence,confidence,confidence,confidence
1099,7,90,-0.009045731359057958,0.00769567585892917,-0.7085587008011787,0.5137309277092459,0.19345859363675116,0.018967976311139934,0.46068847311867606,0.013259937822882555,0.30344200962119633,0.3141707099146313,0.08727551775257598,0.031615568049788025,0.0039599988293625024,0.0029288951983641094,0.9,1.0,0.020012480610517736,0.014193820620953548,2,0.17789192702256368,0.029716523512086954,0.1670472458318579,confidence,confidence,confidence,confidence
1100,7,90,-0.006374422046873302,0.004623893616991514,-0.5309914230340376,0.24942099108713542,0.19366066141260996,0.0050433214276194745,0.44411855936050415,0.009960341096091343,0.3093441132042143,0.30514047907458414,0.07366447311820355,0.0076493390521323815,0.002219679124338983,0.0017890494841290335,0.7888888888888889,1.0,0.013709691297025877,0.008220897757583907,2,0.1514026803638675,0.0332924624206761,0.21989202865257,confidence,confidence,confidence,confidence
1101,7,90,-0.003716853260993958,0.004676782299358886,-1.546856644679285,0.3385412901539562,0.18169454369280075,0.004980213164107551,0.4619439116782612,0.008866995513092751,0.29437775048944687,0.3054721236228943,0.06511932001300855,0.013048201914573041,0.0033525850342103654,0.003415182914138858,0.7222222222222222,0.9555555555555556,0.009051506683317346,0.003699057726147548,1,0.0806940085611578,0.028408901866053108,0.3520527771494359,confidence,confidence,confidence,confidence
1102,7,90,-0.005347823434405854,0.00612206066189562,-0.7969900696003838,0.43450834608943034,0.19808626398444176,0.0070455593281888,0.45582485066519846,0.010209938988057622,0.2855180929104487,0.31290429068936243,0.13575349706824708,0.043758233288671546,0.005745017911380683,0.004410063011998221,1.0,1.0,0.010719109612254966,0.0076373377829732,1,0.10285482795643071,0.024781799066984522,0.2409372376787632,confidence,confidence,confidence,confidence
1103,7,90,0.0010307858387629172,0.005496895805585808,-0.044297063012831456,0.13293811829911864,0.194668055491315,0.016263463322136757,0.46132364653878744,0.006592603414123622,0.2742511527405845,0.2889402521981133,0.11385159214941526,0.05070717648344745,0.005738571347999133,0.004370527881921299,0.8555555555555555,0.8888888888888888,0.0037384471481394935,0.006611551019729317,2,0.08697333931154129,0.0060551225161842755,0.06961964372612113,confidence,confidence,confidence,confidence
1104,7,90,-0.008757873376210536,0.0034250304187303,-0.32018669419846935,0.2141771794630327,0.20295997460683188,0.00239847345615268,0.4423391726281908,0.01214451516399983,0.31469950675964353,0.31429435279634266,0.08103516585734308,0.020475427125646085,0.002927147144500695,0.003406288606052856,0.9888888888888889,0.9888888888888889,0.0012879838391405738,0.010543582923451353,4,0.0742256773536858,0.028838143616070774,0.38851454280593345,confidence,confidence,confidence,confidence
1105,7,90,-0.006693022118674382,0.0014557164801302332,-0.15763876760077233,0.1139348170940537,0.19670032155182626,0.00387690330164666,0.43579463594489626,0.0059504623232483865,0.3080219407876333,0.3218055850929684,0.10511523056259614,0.04580471706374985,0.002831767985212637,0.0032672822083639435,1.0,1.0,0.0014299743290963425,0.007866851621293594,7,0.0571307546677424,0.010802139057459805,0.18907416935259794,confidence,confidence,confidence,confidence
1106,7,90,-0.007427677181031966,0.0037860319793654386,-0.2932759478327774,0.36141342599492726,0.20032014283869,0.009947127142067393,0.4447206828329298,0.008907306086316596,0.2944820245107015,0.296466683016883,0.09184560555138545,0.023771401362342917,0.003251590999779284,0.0018969914753017277,0.8777777777777778,1.0,0.00263222933065898,0.007429276465931569,1,0.07012206069575379,0.02452033723843451,0.34967579844841695,confidence,confidence,confidence,confidence
1107,7,90,-0.005573326349258422,0.0036124050279543692,-0.6620383212630303,0.8423150905898634,0.1909606330924564,0.011989746721578919,0.45698858863777586,0.0035069008460125593,0.2607673277457555,0.27147317694293127,0.11824100518511546,0.07548480901116826,0.00691354157545242,0.005962109763749582,0.9555555555555556,0.9777777777777777,0.00323948722649523,0.003905623701219846,2,0.07278981651443207,0.0071311577481655355,0.09796782189895695,confidence,confidence,confidence,confidence
1108,7,90,-0.011007855004734463,0.00579394761316573,-0.36540198686821074,0.30020177869193826,0.20783681066499815,0.01050631779115651,0.44525770064857273,0.0046246421239769025,0.2888564106490877,0.3055213299062517,0.09885640366632974,0.017406663310132086,0.0017564338006993694,0.0016212035925776834,0.9777777777777777,0.9888888888888889,0.0028635189389916555,0.005669089109047176,3,0.06920467859478661,0.017031932630014325,0.24610599846494924,confidence,confidence,confidence,confidence
1109,7,90,-0.006339467896355521,0.004033047254457363,-0.3529977503316805,0.5357018003999605,0.18882111029492485,0.009422014661817997,0.45503461890750463,0.005238165928990136,0.2844422194692824,0.277600226799647,0.0766157777681157,0.022354102580814203,0.0033985860244915636,0.003209990220836672,0.8888888888888888,1.0,0.003447449178476235,0.005020443641311826,2,0.07939090789621762,0.02377107290780403,0.2994143047787434,confidence,confidence,confidence,confidence
1110,7,90,-0.007735176881154376,0.00552671877519914,-0.5088698394807777,1.5642635639635087,0.17014407614866892,0.02225494083255043,0.4590347405936983,0.018933606829164337,0.2763675421476364,0.2756664534409841,0.16313537371657066,0.05888001143697954,0.0068898589873358914,0.011366587130445879,0.8222222222222222,0.9555555555555556,0.003506380716752237,0.012197356524272904,1,0.11881632751334678,0.025340164809466145,0.21326994420590445,confidence,confidence,confidence,confidence
1111,7,90,-0.008125837312804318,0.0030671396757953264,-0.19016073617216753,0.27206462810507004,0.19463982358574866,0.01626223153598237,0.44636753019359376,0.0029280710526383633,0.2995728426509433,0.29665147297912176,0.07439851641870532,0.0037699262972912826,0.001503756674195165,0.0013835488330271525,0.9888888888888889,1.0,0.0029740226929088807,0.0075303459119363935,3,0.057846630212360056,0.010618958522265742,0.18356773619391645,confidence,confidence,confidence,confidence
1112,7,90,-0.0036130269368489587,0.0024272885908618196,-0.20370083285134494,0.1594288404762365,0.19715087165435155,0.0069997263333662066,0.43902828097343444,0.0032983699944841237,0.31093013253476887,0.31113188631004757,0.09525208079734516,0.0337596399118862,0.002582468219460012,0.00338444109019915,1.0,0.9888888888888889,0.0016554999728851027,0.00411969453959723,1,0.05131566118684641,0.015486433093207535,0.3017817748668545,confidence,confidence,confidence,confidence
1113,7,90,0.0058297521538204595,0.005035855137872873,-1.1177418263111958,1.23705681582308,0.1925842207339075,0.011879562803620843,0.4642250352435642,0.018890191113798322,0.26332376102606453,0.30944691631529064,0.1382979139037555,0.04871291439725566,0.007262752467430131,0.004752252031504348,0.9333333333333333,1.0,0.009151701005235269,0.009032380255769358,2,0.12395720317527267,0.018763118488516216,0.1513664929620334,confidence,confidence,confidence,confidence
1114,7,90,-0.006497689419322544,0.004817210509454092,-0.022849202687198446,0.617276171135358,0.20253973967499203,0.006995128744301862,0.452718419333299,0.008002638135814418,0.2672582017050849,0.2192460619741016,0.1612450929433901,0.07346179793673376,0.006118040526693149,0.008196117634178145,0.9777777777777777,0.9888888888888889,0.006499140925145527,0.004940194119110702,2,0.08687759958576345,0.016843967229129175,0.19387935935248832,confidence,confidence,confidence,confidence
1115,7,90,-0.002257900436719261,0.0036341448939537164,-0.743157438680618,0.24826719590854573,0.19336005714204577,0.010012898083225329,0.4493745795554585,0.004415439324779185,0.2657887190580368,0.28392313851250545,0.1194579193313972,0.034694575920063093,0.007548722977363357,0.005433479185905048,0.8444444444444444,1.0,0.0027022613944578475,0.004205081653262539,3,0.0919952575646946,0.011902460152667042,0.12937982987293659,confidence,confidence,confidence,confidence
1116,7,90,-0.002269658777448854,0.0034736911854465367,-0.45350755078141836,0.7324141972290525,0.19772946569654676,0.011253613530684119,0.4583451420068741,0.010361502186960102,0.2457442541917165,0.2712320370806588,0.1267702113137605,0.04846304261068802,0.006984931871550371,0.007403769723855461,0.9888888888888889,1.0,0.002603700891017815,0.008365944168732299,2,0.09187777535836067,0.005597709673373141,0.06092494867873495,confidence,confidence,confidence,confidence
1117,7,90,-0.002802922659450111,0.00593527904439951,-0.711622736848441,0.6777799960711455,0.18695843112137583,0.01143011561722858,0.45949281569984224,0.011681138064645165,0.2597476171122657,0.26904512378904555,0.08852712317851592,0.045964432346939574,0.004055281804676293,0.004793014834720427,0.9333333333333333,0.9888888888888889,0.0010471034955985496,0.0050466051950722336,4,0.06724829850087499,0.006704395933430537,0.09969465976426958,confidence,confidence,confidence,confidence
1118,7,90,-0.004728969931602475,0.0015021761985358232,-0.23803711380825884,0.19659819507832538,0.19180913716554643,0.009744140737570699,0.4507743813925319,0.0039760749971916014,0.26069339281982845,0.23910909626219007,0.06970917700342191,0.00838636857937504,0.0012112441153946515,0.001633611943606644,1.0,0.9888888888888889,0.0014087631451850076,0.005785443120658856,4,0.036197547396784095,0.010931138142577288,0.3019772595501558,confidence,confidence,confidence,confidence
1119,7,90,0.00376111898157331,0.004635320216677614,-0.05310699557481975,0.2799320711641772,0.20320455075965987,0.007587965624046062,0.4521419851316346,0.004748001475924103,0.261180403497484,0.268297744790713,0.10770548569819616,0.05380855923081858,0.006551234782968904,0.008271155918018483,0.7666666666666667,1.0,0.0016726966750178157,0.006937496865503669,4,0.08969878335138441,0.0058973795648779356,0.06574575037462357,confidence,confidence,confidence,confidence
1120,7,90,0.0008195539315541634,0.005086298098130623,-0.9315401149548327,0.447519396808493,0.18725212812423705,0.01184272344627573,0.460449672738711,0.007589480861478496,0.25447226530975764,0.269192166129748,0.10625958994174568,0.053379048708400455,0.010880965042150746,0.01078046817940635,0.9333333333333333,0.9333333333333333,0.0025169847558053366,0.00503353022487192,1,0.09996957603918435,0.007988326194576843,0.07990677368354612,confidence,confidence,confidence,confidence
1121,7,90,-0.008954505125681557,0.006952484601854232,-0.20381508555908145,0.2001920239384198,0.19656613162822192,0.00932493609646838,0.44176707764466605,0.009380030623389414,0.3137066728538937,0.3211693055099911,0.0922876207792251,0.02241628207585078,0.001901186150025909,0.0015708801437758725,1.0,1.0,0.003505722326087638,0.008447573236622933,3,0.07938855944047003,0.014803001171066315,0.18646030127130622,confidence,confidence,confidence,confidence
1122,7,90,-0.0004414800140592781,0.011693518682359662,-1.2716478024408742,0.7121377723516225,0.19879802506830957,0.015475750801406413,0.4624943940175904,0.005602110696947128,0.2585623148414824,0.2865431954463323,0.11607358536028853,0.04720892406029289,0.0063775868117198434,0.00405092693198219,0.9666666666666667,0.9777777777777777,0.0034170751661018956,0.006086653567084642,2,0.07205523783157332,0.010420991747920655,0.14462303419558253,confidence,confidence,confidence,confidence
1123,7,90,0.0023667418294482786,0.0032614926193672146,-0.4151312399652284,0.3710463722347097,0.20472749314374394,0.011996167474525391,0.45854977981911765,0.013028685699775862,0.2868633399407069,0.2859645558728112,0.09743725662080295,0.05567790205238016,0.002745709229531967,0.003286918536715959,0.9555555555555556,0.8333333333333334,0.006431393591237539,0.006167057798009946,1,0.08199260413218115,0.020314093958099244,0.24775217741802247,confidence,confidence,confidence,confidence
1124,7,90,-0.0025408003065321137,0.001803260229301955,-0.360164264028275,0.0936772125810087,0.1944063029355473,0.004803356540312309,0.4424487855699327,0.0013298194754013321,0.31740551127327815,0.3156676120228238,0.06889860616368156,0.014291233569960893,0.001433786825699543,0.0018142041590581452,0.9888888888888889,0.9888888888888889,0.0019885102548554395,0.0017085507081080619,1,0.0337621356409406,0.006355100561459403,0.18822601754303048,confidence,confidence,confidence,confidence
1125,7,90,-0.0031982024510701437,0.0030643735850781474,-1.1140504721081692,0.2925613494850617,0.1880940568115976,0.006214587043089685,0.4594303283426497,0.005441889691891992,0.2246718684832255,0.26870380971166824,0.14993706519640757,0.055040941373356446,0.007218015566548925,0.005973463992922751,0.8888888888888888,1.0,0.00126947923754431,0.004517197187410217,5,0.06690272621408773,0.011191342585077136,0.16727532558150113,confidence,confidence,confidence,confidence
1126,7,90,-0.0013894597689310746,0.003784807461987866,-0.37661645700651625,0.8290228778427405,0.1946466200053692,0.0213163226733823,0.45956918630335064,0.0059915329807037725,0.2939789788590537,0.2995818386475245,0.1145317743180428,0.05937801871794782,0.003694068451433888,0.004740945198409518,0.8111111111111111,0.8222222222222222,0.0023346415934863366,0.011161205084814963,3,0.06984463150774485,0.01725329598920466,0.24702040223219293,confidence,confidence,confidence,confidence
1127,7,90,-0.008365728788905676,0.00946886163724319,-0.16953033915415752,0.2884081118999774,0.1972840457326836,0.012772197773428315,0.4388198807835579,0.009158916533749787,0.2971019135581123,0.2880987574656804,0.08310813463803203,0.019671666470656296,0.0034250074524285906,0.002751240527730182,0.7222222222222222,0.9555555555555556,0.0033920292462948655,0.008172114196488268,2,0.09859597874895534,0.016577753992203095,0.16813653118533045,confidence,confidence,confidence,confidence
1128,7,90,0.004318184985054862,0.0036924312794759453,0.06883248010739508,1.119669223507803,0.2071023387213548,0.015387322859418188,0.4523347957266702,0.008033305156491963,0.4460486710071564,0.4619892087247637,0.22970273100060135,0.03139864752704628,0.002871311052144782,0.0036184196868897607,1.0,1.0,0.006379630571317789,0.004977229234637433,2,0.09846985961501482,0.005042306181284664,0.05120607457879665,confidence,confidence,confidence,confidence
1129,7,90,0.0029329054885440333,0.0029797509615167943,0.6485993530491172,0.15659473418998238,0.21578794312145974,0.0035497967938253024,0.45736449228392706,0.004821046762696894,0.46992687152491674,0.47828819453716276,0.23833683575025794,0.002491211757340624,0.0003116340191018322,0.00035872349600124856,1.0,1.0,0.001241826073103958,0.004095095214052035,1,0.029520853400130866,0.0106048881500063,0.3592216249525611,confidence,confidence,confidence,confidence
1130,7,90,0.0020690381526947002,0.00467535502815427,0.22706931442970177,0.8058670226839841,0.2178041016889943,0.004106439428729964,0.4610386268960105,0.0025283982779734167,0.46276388698154025,0.47651523152987163,0.24745806736885878,0.02392849107638855,0.0036111585120673544,0.003279082440889671,1.0,1.0,0.007246026155143751,0.003909824730044669,4,0.1186023318399368,0.004429160103020752,0.03734431431486429,confidence,confidence,confidence,confidence
1131,7,90,-0.0022607806656095636,0.002971138907404255,0.09107304369406803,0.21835091834829953,0.21550965557495752,0.007822964566221493,0.46016949233081605,0.008172701930257842,0.476458168692059,0.48461036516560446,0.249940647761488,0.004360315036065071,0.0019965531549838993,0.0019361195513986373,1.0,1.0,0.025254614983619916,0.0028615022535267063,1,0.12608139391661663,0.02494336919804768,0.19783388007800465,confidence,confidence,confidence,confidence
1132,7,90,-0.0009811623228920855,0.004401530934799405,0.22682582015823896,0.2012048192079644,0.21927248918347889,0.002866764020338286,0.4672906877266036,0.00413129461643342,0.48107639849185946,0.48747118843926324,0.24477019162108501,0.007469888940701261,0.0013266685665451665,0.0014792597815244035,1.0,1.0,0.01866254220331318,0.0024149487926061353,1,0.10185545589572796,0.03787113459314775,0.3718088780932749,confidence,confidence,confidence,confidence
1133,7,90,-0.008127012517717146,0.0036661429005889765,0.18574231815381945,0.5192170663253626,0.22044606879353523,0.007149053327549653,0.4661288069354163,0.006030073059543366,0.4781801184018453,0.47678963608211944,0.2442978923308118,0.011273942914895136,0.002678249603743909,0.0027358557136762055,1.0,1.0,0.024155360329247904,0.006410800782034377,2,0.17996862718258863,0.016754897313155274,0.09309847208916286,confidence,confidence,confidence,confidence
1134,7,90,-0.007737061381340027,0.004562576969226698,-0.2941801711606914,0.8323939905844092,0.215451347331206,0.0033681190130165775,0.4801674758394559,0.008721588075931304,0.48230529096391467,0.4934744626283646,0.24352044391583758,0.021359482568292575,0.001378235151913819,0.0031223057666645484,1.0,1.0,0.019086172138051645,0.010432985447323219,2,0.1529280037550294,0.02591636218794314,0.1694666253724995,confidence,confidence,confidence,confidence
1135,7,90,-0.0001961807409922282,0.0026292121778681435,0.014758999047229042,0.9836502480792422,0.2113400262263086,0.0031794549852512573,0.4673003226518631,0.01739027455812389,0.46627786490652295,0.47856431603431704,0.2528199617725538,0.012635424464203567,0.0017839452332783152,0.0024052899925711686,1.0,1.0,0.014676220977142143,0.014524218521075919,2,0.14915739728350558,0.013566777641521302,0.09095550695503189,confidence,confidence,confidence,confidence
1136,7,90,-0.0034764683908886404,0.005229232509322205,-0.04447888941609955,0.6378642008813277,0.21746384700139362,0.004547605385002655,0.4600876776708497,0.009376618384676285,0.46648513509167566,0.4546923749976688,0.23708257388735704,0.037115199880325016,0.0035400500647030458,0.004008794587561507,1.0,1.0,0.013574131540358978,0.009230455442670045,2,0.12124835987687667,0.020764736602310884,0.17125646373223372,confidence,confidence,confidence,confidence
1137,7,90,-0.010228540168868176,0.005953098149942588,-0.5301645551073227,0.5631136203512569,0.20717921348081694,0.012105674852617359,0.4433519146508641,0.009682148252670423,0.319143502579795,0.32105003429783713,0.08869565801521118,0.0173562102520675,0.00433141945329094,0.003663502578712369,0.9444444444444444,1.0,0.012602009978140491,0.010010174449498909,2,0.1399768791405292,0.015714284199042586,0.11226262532000796,confidence,confidence,confidence,confidence
1138,7,90,-0.007177460524770953,0.011248418107846273,-0.43577014683312887,0.5787218013917476,0.19097704597645335,0.012636868531214346,0.45473071684439975,0.011722167109380111,0.248974190486802,0.25378619465563035,0.12085497449122685,0.06791925566354873,0.0121849741019725,0.013155387979226186,0.8444444444444444,0.8555555555555555,0.002117850112657341,0.008649964670581338,5,0.15010669488792977,0.024027695522582066,0.1600697122190912,confidence,confidence,confidence,confidence
1139,7,90,-0.004623111420207553,0.006363226970767665,-0.2048178471423469,0.44835483770033413,0.19332081692086325,0.012184317017179837,0.44296004854970505,0.007158880961820957,0.3017168078157637,0.3041162931256824,0.09107708896467423,0.034141413816609095,0.00514066448254442,0.004575104181593563,0.9666666666666667,1.0,0.0024378812861672377,0.01197483326443454,3,0.08630006515973383,0.016958333030405667,0.1965020130286648,confidence,confidence,confidence,confidence
1140,7,90,-0.0022410988807678198,0.00983684981538256,-0.6723639827553446,0.8993863658149558,0.17903605666425493,0.00989220665189609,0.4525975972414017,0.009171883751884024,0.21562276018990412,0.2546578801340527,0.11982537175349232,0.0618533337107266,0.007167227985884817,0.006071111190448696,0.9666666666666667,0.9888888888888889,0.012144730409155265,0.00819599515766699,2,0.1543379433588543,0.017689108921609176,0.11461209035544667,confidence,confidence,confidence,confidence
1141,7,90,-0.008102987541092767,0.0024679195181660655,-0.11070782417525804,0.3071528468504372,0.1986918745769395,0.012803878458213624,0.4380403288536602,0.00828978533096261,0.30649657050768536,0.30477597812811535,0.08202884435606256,0.00595754248325603,0.0016775440843442603,0.0018335680997596812,0.8777777777777778,1.0,0.004550663414626908,0.011744797544396121,2,0.10765545022624214,0.01837727283854735,0.17070294255408897,confidence,confidence,confidence,confidence
1142,7,90,-0.010723294814427691,0.020205808018318606,-0.8952030707592482,1.0845025778914257,0.1914507399002711,0.013845130946345291,0.45144056446022457,0.020083684797511773,0.29046240548292795,0.2845529579453998,0.0851748973020014,0.021311992694135973,0.006805148891423422,0.007099498093734816,0.9333333333333333,0.9777777777777777,0.11978354784052685,0.026326910360151723,1,0.4541046187433085,0.22012779613968297,0.48475021460616247,confidence,confidence,confidence,confidence
1143,7,90,-0.007541888621118334,0.007412650917287556,-0.34943114754753485,0.9638685572629413,0.16641007943285835,0.013906417423278472,0.40570037778880863,0.012915737253508665,0.23852153718471528,0.24517058134078978,0.09114546074490774,0.03641981691090731,0.0064937291227734496,0.007226238924019783,0.9222222222222223,0.9888888888888889,0.03324898192591938,0.012164749496911447,2,0.24942502377613177,0.016711248448141362,0.06699881670382665,confidence,confidence,confidence,confidence
1144,7,90,-0.01514958971076541,0.0035939557731591507,-1.0416806917202261,0.32265594652431834,0.17179863817161983,0.008869260434200377,0.4111427471041679,0.008396858231195799,0.2636471178796556,0.26220288508468204,0.08836465077532392,0.01424733479056109,0.0016589341793947152,0.0016145992720695537,0.7444444444444445,1.0,0.017748418222672018,0.010972951347066407,1,0.0932295654735576,0.06581542340715904,0.705942552990584,confidence,confidence,confidence,confidence
1145,7,90,-0.011144655611779962,0.005426008576836713,-0.23427635702000918,0.23064457066865582,0.17731457501649855,0.0037638968320479202,0.4002728338042895,0.0071962661284296695,0.27616472277376386,0.26399330364333257,0.08936523990457915,0.021677098158273317,0.002153920303236727,0.0025948239117247994,0.7666666666666667,0.9777777777777777,0.010401301224871238,0.00959754441352361,1,0.08416203520517913,0.03285158696826594,0.3903327260973634,confidence,confidence,confidence,confidence
1146,7,90,-0.005031779077317982,0.0036822587368400936,-0.4295542714083784,0.3127821779141535,0.1839209927452935,0.007825233227530735,0.4077710876862208,0.004186746017360352,0.2595807403326035,0.2563182019525104,0.0819732414275603,0.022264370254495777,0.00189107097289165,0.0018524060697227098,0.9,1.0,0.011853673020254387,0.00645513624335823,2,0.08859404041568973,0.020325094038416622,0.2294157093111631,confidence,confidence,confidence,confidence
1147,7,90,-0.01172347797287835,0.0026888694616429383,-0.36025165925145386,0.1288355060022152,0.16948436001936595,0.016351743035454735,0.3999646094110277,0.004286180352709664,0.2767515652709537,0.26409944097201027,0.07140647790405141,0.004081384604628945,0.00046881925786937216,0.00035202069043634897,1.0,1.0,0.002604544403417824,0.0024600623467790814,1,0.03592864802773448,0.012031680224675727,0.3348677453057248,confidence,confidence,confidence,confidence
1148,8,90,-0.011826621597273304,0.014095774640627634,-0.4185467016292203,0.46689453814202747,0.2592863652675429,0.06248866331964933,0.6199022621700638,0.09890898485683149,0.30534328807864275,0.33782046536604565,0.17038406862494532,0.06316199057230854,0.02193895230315172,0.015541314703561597,0.5111111111111111,0.4777777777777778,0.04833819216872036,0.02250586022590076,1,0.24457085009600463,0.09678341324541267,0.39572589080640785,confidence,low,confidence,confidence
1149,8,90,-0.010306062300999957,0.00887776950213012,0.19246453296810695,2.2984348100282803,0.15718054870764414,0.013105374254751188,0.41878999604119194,0.014625044469056506,0.14544323881467183,0.14619318379296198,0.0848019443594703,0.041665078291925804,0.006886278557427211,0.0055227543250869005,0.9222222222222223,0.8888888888888888,0.009826671775999177,0.008909144525722676,2,0.13258293849041383,0.03775765930561015,0.28478305694878814,confidence,low,confidence,confidence
1150,8,90,-0.0022907846503787575,0.005942831344446323,-1.5311810245695863,0.4658301371934835,0.12880385418732962,0.011241499723095578,0.35825596153736117,0.019379547541850763,0.010784743891821954,0.16677263180414836,0.19171881811575445,0.10530231560841455,0.009634825727588725,0.0025740289460774507,0.5777777777777777,0.9444444444444444,0.005016665004276103,0.007939221589759774,2,0.06960815725221238,0.03263679826551135,0.4688578278179637,confidence,low,confidence,confidence
1151,8,90,0.001850215593973803,0.011163504271732372,0.2616094726112381,0.5693428092539023,0.1538463320997026,0.00759376172901847,0.3830074151357015,0.012444450214242337,0.18778193460570441,0.1749515288405948,0.08092151000279177,0.026860361713459752,0.005710845398460581,0.004893706309769822,0.5555555555555556,0.7888888888888889,0.04269647844053271,0.00719500630568462,2,0.24239358446943016,0.06191967522415403,0.25544991180264215,confidence,low,confidence,confidence
1152,8,90,-0.013847070270114475,0.009067673333558986,-0.44728034557397806,0.4716044668435127,0.15249855816364288,0.003788312411828843,0.36475174294577706,0.005827739644063048,0.2545964280764262,0.22669657468795776,0.1295602273501033,0.05029405141639887,0.009870388871267117,0.00898492360414973,0.5222222222222223,0.4777777777777778,0.043972490347048164,0.011072122355621467,1,0.17628151010352963,0.09056748988637744,0.5137633326935708,confidence,low,confidence,confidence
1153,8,90,-0.0062800473637051055,0.005552275079563891,-1.078556081041953,0.6357508400829419,0.15586920413706037,0.005483454783921104,0.3573728839556376,0.006028816706855556,0.2205335040887197,0.25083257953325905,0.11580743999783412,0.031444916742999145,0.009117483407537224,0.00688881246266308,0.0,0.0,0.039176819605142674,0.00665548616146225,1,0.12674867593785438,0.1025817186828304,0.809325293526797,confidence,low,confidence,confidence
1154,8,90,0.0014425092273288303,0.006497394488724353,-0.681716012206385,0.2871070425904978,0.1581987867752711,0.004146721143387116,0.3496602902809779,0.0014720548340318843,0.2965021471182505,0.29943728976779516,0.12442573646157011,0.022631432263528078,0.004387833427885165,0.002609956450875906,0.0,0.0,0.0013873215159579827,0.002519726685173515,1,0.03996894679512163,0.004601910337334084,0.1151342622726671,confidence,low,confidence,confidence
1155,8,90,-0.008046661814053856,0.0014995606640485117,0.30113881364871775,0.4485516211731392,0.1564236589603954,0.005580805557904567,0.3520100744234191,0.0037744126710794737,0.3372570749786165,0.31493524511655174,0.15151103622651912,0.009888226361419138,0.0016371641569433689,0.0025242632938056,0.0,0.0,0.015510130082066316,0.013440392219044955,1,0.09046495496287717,0.04789283058090141,0.5294017025582087,confidence,low,confidence,confidence
1156,8,90,-0.00810961623986562,0.0018734645608605475,-0.1660369483503724,0.13603522632932918,0.1478421679801411,0.002863333417746887,0.3555993840098381,0.0036555363484548306,0.3334024657805761,0.30587995714611477,0.12980763217232613,0.014582556376536987,0.003956312667567239,0.005336073543942898,0.0,0.0,0.006873478397212538,0.004511809452516887,1,0.05313409168725806,0.019288726688281726,0.3630129557658638,confidence,low,confidence,confidence
1157,8,90,-0.00061532457669576,0.0038389469124014346,0.357854188460831,0.17528048253377512,0.15494732128249275,0.002603884145491695,0.3574510736597909,0.002549371773185337,0.25591922998428346,0.25517602430449593,0.10046921981185976,0.0077733728354515115,0.006272547446874849,0.0038033147408774227,0.0,0.0,0.006586364099239767,0.005320489980839274,1,0.06268511828530733,0.01274101428758459,0.20325096905180184,confidence,low,confidence,confidence
1158,8,90,0.0062142544322543675,0.0023845168171288365,0.44005575187025076,0.22953245730024335,0.15746781527996062,0.0009656521825310865,0.35519162284003364,0.0012391455678006777,0.2687624759144253,0.2817559573385451,0.09585765721130753,0.013526886904159508,0.007738014919580748,0.001853495950113028,0.0,0.0,0.0061634169322196215,0.0020097953029964443,1,0.04886877737424264,0.019849549067815307,0.4061722834505326,confidence,low,confidence,confidence
1159,8,90,-0.00038050015767415366,0.003345859214424586,0.02377316457749849,0.2210056309255045,0.15841025875674353,0.002477252377442095,0.3586240357822842,0.0014523610739388445,0.2623572071393331,0.25644081036249794,0.08894743077569443,0.005283118982991674,0.006612234106065175,0.0035488514408727823,0.0,0.0,0.0018937123061672642,0.0011748162166788762,2,0.019272977247427107,0.001972170846615086,0.1023229830199344,confidence,low,confidence,confidence
1160,8,90,0.00017099248038397895,0.0018777654101145866,0.0741014442376251,0.10760238505135929,0.16053072777059343,0.0041240350714114036,0.35674489670329623,0.0007710785184126593,0.30207814971605934,0.275966089963913,0.1083404937501761,0.0066359504021199535,0.002247863967705063,0.0014647321856160753,0.0,0.0,0.0006492963609425805,0.0015445398626410408,2,0.017889219563809573,0.00022139239459570818,0.012375051843609933,confidence,low,confidence,confidence
1161,8,90,-0.0010279224978552925,0.0014614288275186318,0.10849156877136365,0.10514244293657075,0.1575329237514072,0.0010494054539617451,0.3581798341539171,0.0011245317582480943,0.22891824907726713,0.2407475405269199,0.0961377956444662,0.007220737413167742,0.0052243296487478755,0.00201772949049969,0.0,0.0,0.0007017488008085047,0.0016659135510555206,1,0.017207900765014515,0.005019853053206283,0.29170097043104476,confidence,low,confidence,confidence
1162,8,90,0.0013595819473266602,0.0012089253292353207,-0.3906344388613394,0.13355898241226308,0.15918092164728376,0.0013321415527863109,0.3597987780968348,0.002608320233796703,0.29040826029247707,0.2818505916330549,0.08476470095919485,0.004130389938892431,0.002386271777822052,0.00040812809895765506,0.0,0.0,0.000360692922040264,0.00358969269375271,2,0.019592405628889448,0.006721271478599864,0.34303742830137207,confidence,low,confidence,confidence
1163,8,90,0.0008772677845425076,0.006355043388257562,-0.048516398237525564,0.15362239520678883,0.15723191400369008,0.004578524862206413,0.3648143251736959,0.0035746308676937876,0.3091094083256192,0.29931845466295876,0.10487827584989318,0.0435494322029587,0.004718771930904339,0.0033492447534419485,0.25555555555555554,0.2,0.00244548278109786,0.005334331819507001,4,0.05203832088829458,0.0014149714458810685,0.02719042873211944,confidence,low,confidence,confidence
1164,8,90,-0.006983190112643771,0.005219783630020698,-0.2819540804389784,0.35415022123117135,0.1506799813773897,0.0031891196279579172,0.3714136438237296,0.004215960088668981,0.20943496624628702,0.21882422566413878,0.10924383305419166,0.04671803489282723,0.0042305847873039945,0.0038929298416745927,0.8666666666666667,0.8555555555555555,0.0017433118893032103,0.004878586860319613,5,0.07167529769269242,0.019326104024925395,0.2696303331372505,confidence,low,confidence,confidence
1165,8,90,-0.015140575501653895,0.009696339599981004,-0.22560642099199402,0.3883534582664639,0.14657999326785406,0.009147388856823256,0.37072398877806134,0.0074725903739308085,0.20410919355021584,0.1957006295522054,0.12376176080805029,0.06955732172236245,0.004456189729023686,0.0028054365407096326,0.9333333333333333,0.8333333333333334,0.0013932364947976561,0.006504557244337737,2,0.07154022177495488,0.007319771777395412,0.1023154427026841,confidence,low,confidence,confidence
1166,8,90,0.0005157662762535943,0.005362569769628573,-0.8612792390339961,0.7472912794947408,0.14567970600393082,0.0030341076271276825,0.37125949263572694,0.006755624338539435,0.1429549515247345,0.17741988367504544,0.11993442041682874,0.05588553645909711,0.006494981374333385,0.004227905386510412,0.7888888888888889,0.8444444444444444,0.0020595984610504003,0.00880738651798815,3,0.0805338127888243,0.00493239658213989,0.061245521176953074,confidence,low,confidence,confidence
1167,8,90,-0.007530972030427721,0.0029856355509437047,-0.07711343867273787,0.34801863964979146,0.15187380446328058,0.001425986644735255,0.37660138772593604,0.0021594764575314446,0.20902070270644293,0.2089845273229811,0.1105562849862057,0.05623024970087463,0.003273607161491104,0.0021560094459188556,0.9222222222222223,0.8222222222222222,0.0012745418805850935,0.002751067447788947,5,0.04401951484847914,0.0058846514511737575,0.13367975071234464,confidence,low,confidence,confidence
1168,8,90,-0.005127243863211737,0.009397370750707935,0.11559896353073182,0.6186387526387814,0.15328243672847747,0.00529869061956951,0.36938649515310923,0.00958396239263973,0.26982020735740664,0.25804764297273425,0.10692356971409074,0.05069929441754338,0.006087044948285411,0.0058563184127702105,0.5777777777777777,0.2111111111111111,0.004309954220729839,0.008574580370614397,6,0.07301711628609509,0.01879793233523845,0.2574420334480494,confidence,low,confidence,confidence
1169,8,90,-0.001410654518339366,0.007301703074296886,-0.7660593845269594,0.7066044784809884,0.17265603376759422,0.013036838953102642,0.37828282912572225,0.02645763688730173,0.31140774687131245,0.3196427841981252,0.13612577657725702,0.04875477553779577,0.012908200625526509,0.007437181895860193,0.06666666666666667,0.16666666666666666,0.06905713235864108,0.01358327500520825,1,0.23677511305641363,0.15662505642498092,0.6614901072713524,confidence,low,confidence,confidence
1170,8,90,-0.05140499671300252,0.010939108951113755,-2.429365512533927,0.7218606571541668,0.214415094587538,0.006547254695998731,0.4994778682788213,0.024458435523338175,0.3138791405492359,0.2441411876016193,0.1761206843530729,0.069751567587282,0.006503016229799299,0.011922840997251367,0.9333333333333333,0.5666666666666667,0.03803731688420704,0.006068822516567215,1,0.20082280134558053,0.1435546076264238,0.7148286540965976,confidence,low,confidence,confidence
1171,8,90,-0.04195798072550032,0.010567773220429004,-0.424401301557861,1.4455749356724528,0.2004006920589341,0.015214283427119554,0.5349673928485976,0.014835678531600113,0.2967769440677431,0.25119208561049566,0.10268145565977949,0.03377058300365148,0.007076584207356485,0.009361008957190614,0.9333333333333333,0.6777777777777778,0.03422607286747937,0.005332769879403738,1,0.15566369815608275,0.0714279434188512,0.45885768748436095,confidence,low,confidence,confidence
1172,8,90,-0.03521777292092641,0.015605671859994006,-1.960359434155801,1.0513855708394657,0.2029787787132793,0.00726169674884517,0.5032207596633169,0.013288225197806742,0.21138547725147672,0.22598923047383626,0.16896522196849997,0.05643406344646689,0.009697460759065406,0.0065997995520901895,0.9222222222222223,0.7777777777777778,0.016075770414442254,0.00880160890947703,2,0.15262570459148078,0.0068582054103161144,0.04493450493262449,confidence,low,confidence,confidence
1173,8,90,-0.04623193641503653,0.005620200177846883,-1.0375216006443027,0.6714640243545954,0.20377971132596334,0.006503005305229762,0.5187082176407178,0.003539058128376378,0.2570563796493742,0.26555156111717226,0.13069322536553646,0.02788417707449126,0.008502953584303306,0.006279093125790971,0.9444444444444444,0.8777777777777778,0.004306078422812735,0.0053929527024357896,1,0.07552873213266448,0.017945266151227622,0.23759207989388328,confidence,low,confidence,confidence
1174,8,90,-0.030339804622862072,0.008427411067140293,-2.0099979375865065,0.5815558742408967,0.21167311353815926,0.002407591459194285,0.48729161520799,0.007886173593799155,0.29722007910410564,0.2746094306310018,0.1892566223311516,0.057149452251216586,0.006429021014276362,0.004371356343429974,0.6777777777777778,0.9333333333333333,0.018478220259325197,0.007426990895837358,2,0.14078254460745468,0.04081281457741281,0.2898976204300777,confidence,low,confidence,confidence
1175,8,90,-0.04469612108336555,0.0055536138602636205,-0.5416008589239204,0.5141668363033037,0.2031930747959349,0.005876476260245285,0.4639005207353168,0.00910224852574254,0.41453576683998106,0.32835441099272833,0.15297202600466503,0.016340263752978212,0.0021381918792379886,0.001668854495138209,1.0,1.0,0.015096733842843442,0.0038222556858646304,1,0.09671836536418843,0.03177230965325127,0.32849998067724473,confidence,low,confidence,confidence
1176,8,90,-0.052383976843622,0.0027770523873595927,-0.8251762481315555,0.3046418234768363,0.19291641099585427,0.0031801459891140135,0.4664776369929314,0.004921226724162912,0.4180150787035624,0.3245318740606308,0.16647113183978246,0.007952398287926694,0.0013335622792006437,0.001039856271486986,1.0,1.0,0.0055068201634434774,0.002459903535944291,3,0.0637025413005054,0.0263370194370165,0.41343101026013995,confidence,low,confidence,confidence
1177,8,90,-0.037510286106003654,0.00792548683660793,-0.9973216160784389,0.44224795412961193,0.19395071466763814,0.007378231165029195,0.47967174930704964,0.008845292903352097,0.46733944051795534,0.38316577010684544,0.19128726940937926,0.056466858328335603,0.004597945865053613,0.0070020003934540736,0.6333333333333333,0.7,0.009703894162694135,0.008131136615400053,2,0.13572731497042564,0.01889935153325926,0.13924398558530188,confidence,low,confidence,confidence
1178,8,90,-0.021355039212438795,0.011152024968348386,-0.9216124867640336,0.8252633573680084,0.19126100490490597,0.005339150393585524,0.4775773381193479,0.009418239744455242,0.4000432484679752,0.3248624493678411,0.1684107180486153,0.061980702467528286,0.006526444661866285,0.008655151233595133,0.3888888888888889,0.2222222222222222,0.013944717388686521,0.011548995523761726,3,0.14084028913414415,0.04830677135842628,0.3429872848750805,confidence,low,confidence,confidence
1179,8,90,-0.037487202220492885,0.015107537578971639,-3.83576835460719,0.658048934496142,0.20729421459966235,0.003684169206015491,0.4957113037506739,0.006282143813450376,0.4366835531261232,0.39002440207534367,0.21373710044341562,0.025204535314256957,0.00494062917689469,0.010841537108643117,0.0,0.0,0.019012661428286105,0.003259924572818051,1,0.09122132380865247,0.058111773240305004,0.6370345636250179,confidence,low,confidence,confidence
1180,8,90,-0.04930962522824604,0.00297482998261923,-3.1059008352609876,0.29348027269550175,0.20374354587660895,0.00414191077070947,0.5109932896163728,0.004961199839086044,0.44140838815106287,0.43704113728470273,0.22914386064221393,0.01980627539028491,0.003987006219306028,0.00567179699614498,0.0,0.0,0.006170019757167993,0.00459642206127539,3,0.06846555263045388,0.03388018956680177,0.4948429308200904,confidence,low,confidence,confidence
1181,8,90,-0.039797968334621854,0.01000408772987777,-1.7242197914057862,0.46638412153139214,0.20528561704688603,0.007796198377288834,0.5049349380864038,0.003875138556995891,0.40825064645873177,0.2927603582541148,0.20555832653314438,0.022009610191556117,0.004683933329860886,0.011040018172567823,0.0,0.0,0.011825614274737082,0.00473297282736515,2,0.08514400943063215,0.027104762530319113,0.3183364792789345,confidence,low,confidence,confidence
1182,8,90,-0.05014169646633996,0.004255112084340101,-2.016190042764873,0.45719881123838396,0.20010505583551194,0.009649130902955749,0.5141598193181885,0.004184021424881545,0.41844249996874067,0.41379666328430176,0.23137019808735254,0.012238007455244634,0.002026486073868487,0.006008316069374541,0.0,0.0,0.007181515779792536,0.00807263042673048,1,0.04734208658445423,0.024718921979156146,0.5221231601589946,confidence,low,confidence,confidence
1183,8,90,-0.042197866572274104,0.0034446776367853434,-1.4758823229962896,0.13095363351521203,0.19174731969833375,0.003835274272114949,0.5133234947919846,0.0016124301602299222,0.4053970628314548,0.3868333266841041,0.22806025604082675,0.016177446426461413,0.0015837067412185107,0.010983320400113012,0.0,0.0,0.002496518447128843,0.0033702762289587046,1,0.030891628028463118,0.012549809230158096,0.4062396122011779,confidence,low,confidence,confidence
1184,8,90,-0.04390042391088274,0.006903873203761617,-1.643025565503559,0.47248763704569796,0.1961082496576839,0.0017065557108307456,0.5158755741185612,0.0025203177645756218,0.4358355015516281,0.3692085491286384,0.1646002880773319,0.016994698561150816,0.00356527644102777,0.007714358964008155,0.0,0.0,0.0035292326997852924,0.002083703205968592,3,0.051733666887633055,0.01855644475003839,0.35868491799401586,confidence,low,confidence,confidence
1185,8,90,-0.04750189781188965,0.013226050133208645,-1.9668886271798576,0.7218539452652583,0.20653469877110586,0.008727202975852073,0.5300124873717625,0.010707486572977572,0.3243785732322269,0.2973003241750929,0.17888519350455598,0.0832446862646528,0.020958946954903985,0.010178448437796436,0.6333333333333333,0.6777777777777778,0.01245614692036011,0.005965998397413786,2,0.13079595175479364,0.01346518017996924,0.10294720174528645,confidence,low,confidence,confidence
1186,8,90,-0.04296771950191921,0.009438560734318804,-1.0148373945925562,0.8390313043128913,0.19721470177173614,0.009617241709151046,0.5089825090434816,0.0219846779421402,0.3329278121391932,0.29262985752688514,0.21360200755978911,0.08145770966935942,0.013158300762471604,0.004244577358217062,0.7666666666666667,0.9444444444444444,0.02951579825838185,0.00722069474959021,1,0.1522146676681947,0.07588374952785493,0.49852784992717775,confidence,low,confidence,confidence
1187,8,90,-0.04267431100209555,0.008447830843085842,-1.4897714529343615,0.5198934164044103,0.21054028918345769,0.007491555588197196,0.51902048488458,0.02945027754239509,0.20626480215125614,0.2687719033824073,0.2086650212559502,0.1293537029241038,0.013273860460025901,0.007574431288595093,0.9,0.7444444444444445,0.038128613654656925,0.012011765077338624,1,0.17640724221074872,0.09493001771887614,0.538126884147888,confidence,low,confidence,confidence
1188,8,90,-0.035752613014645045,0.00961343178491471,-1.3628862264061041,0.45109178805081734,0.21036534474955665,0.007695639424627645,0.5185556666718589,0.02418208223105323,0.2735054582357407,0.28903769618935055,0.15931707406080575,0.05692862738898511,0.008384069579039106,0.005070881895159397,0.9666666666666667,0.7444444444444445,0.021223066736333233,0.011020507527672741,1,0.13352055813702077,0.059354669720500484,0.4445324826092151,confidence,low,confidence,confidence
1189,8,90,-0.029520837797058955,0.0038832561149215196,-0.7632174444049776,0.43128848585569257,0.20720648186074364,0.007316859298966714,0.5048936968048413,0.009600969092247714,0.2232267459233602,0.11615413228670755,0.18556999186050196,0.029104417096932234,0.003546921778408042,0.005278977513262046,1.0,0.9444444444444444,0.011890823377344244,0.00526473201112622,1,0.07884568080053753,0.04432918289800726,0.5622200255981487,confidence,low,confidence,confidence
1190,8,90,-0.03486440115504795,0.006585136789064552,-1.3461048418752986,1.1001049135545848,0.2180226582619879,0.009912321230172069,0.5131612423393461,0.01293274804996823,0.23828140729003483,0.22637785242663488,0.15093451523445076,0.07922198470560807,0.0072056437684968715,0.0066828936389073754,0.8111111111111111,0.7444444444444445,0.02676084775359611,0.005023375328159885,1,0.14337566382378703,0.06642280610954854,0.46327487568816345,confidence,low,confidence,confidence
1191,8,90,-0.04382042421234977,0.007486265886273716,-1.6115557580334914,0.7273758661312776,0.2093008428812027,0.006105718297960167,0.5080939408805635,0.008763488151358936,0.2653619796037674,0.23722101681762273,0.11861272226622967,0.04025225726910614,0.004148293272004898,0.003917070822800152,0.9111111111111111,0.7666666666666667,0.02772080767383299,0.005275003871981105,1,0.1236507979453717,0.06228146307404637,0.5036842497151702,confidence,low,confidence,confidence
1192,8,90,-0.032445420821507774,0.014773281821750875,-2.379144828961078,1.0453702095086421,0.2158177642358674,0.009112929395057338,0.5157089316182666,0.006527170436088265,0.2660707606209649,0.2544888867272271,0.14216096537736353,0.035738680358119716,0.007968794812985994,0.0046273318857931525,0.6,0.9111111111111111,0.014215223696821436,0.005885398571852452,1,0.12434288976264235,0.04455677643836757,0.35833506996943026,confidence,low,confidence,confidence
1193,8,90,-0.05345358716117011,0.004554134925397433,-0.5594269692397809,0.6252841229661846,0.2070207913716634,0.005808706063500969,0.5243195189370049,0.005241226055739666,0.3329743464787801,0.28827085296312965,0.16224302944934174,0.06095268928167858,0.006305694167154684,0.006500885241346488,0.9333333333333333,0.7777777777777778,0.01308937001320457,0.007210264922610293,3,0.1096868480724416,0.04578122436537107,0.4173773592051472,confidence,low,confidence,confidence
1194,8,90,-0.049388416277037724,0.00761392380675347,-0.7595496769578827,1.0233010203830022,0.20468081136544544,0.0153774951002182,0.5193249088194635,0.006659289822857818,0.3158279716968536,0.27955468859937455,0.13856925768143016,0.048817040517922954,0.009648354434965044,0.007483410002344895,0.8,0.9333333333333333,0.006437188706340356,0.010786313048032323,1,0.12488422536050041,0.012944409287431754,0.103650445839896,confidence,low,confidence,confidence
1195,8,90,-0.03913736045360565,0.007924735731484509,-2.24015597107534,0.46655515253253654,0.21366103721989527,0.00558630613390902,0.510936131576697,0.006299505151754294,0.26272295249833,0.2702418747875426,0.20948510973823828,0.045766973724158624,0.008762820508700045,0.004231258221341836,0.9222222222222223,0.8333333333333334,0.006577886139625888,0.0032716604319059472,1,0.08839485869998435,0.010320624356190567,0.11675461393750106,confidence,low,confidence,confidence
1196,8,90,-0.04461475875642565,0.0051397991455170555,-1.3547945239584898,0.756276875102366,0.2086054394642512,0.008269981823373232,0.508056765794754,0.010017633879047841,0.24901698529720306,0.30785366396109265,0.18818027684819982,0.06025556439555985,0.008653476788424784,0.004749581498549979,0.8666666666666667,0.6555555555555556,0.004559841469449513,0.006998251965640917,4,0.11921680191589597,0.010772572565838434,0.09036043604828507,confidence,low,confidence,confidence
1197,8,90,-0.04020038611359066,0.016303023869593283,-1.6130638092025718,1.0083734251628407,0.19656538218259811,0.008499283544859373,0.49629764937692217,0.022295908624947267,0.31035464074876573,0.2981850051217609,0.12541714102740753,0.054613496461856204,0.00648309375745187,0.0032021406391288102,0.8888888888888888,0.9222222222222223,0.036415158775563165,0.002321980742660757,1,0.15430929576906313,0.1088714693811964,0.7055360035349209,confidence,low,confidence,confidence
1198,8,90,-0.013728284504678522,0.010716514330172879,-0.09389125098407963,0.7958635996170573,0.15324908379051422,0.005040832164116077,0.3920900323324733,0.007818437080813393,0.22326354682445526,0.22758314344618055,0.09014582465408558,0.024331923881812517,0.004088214648558825,0.005311588564368464,0.9888888888888889,0.8666666666666667,0.063536951356737,0.0076066836137946205,2,0.34172559745464604,0.0879806119082219,0.257459069804769,confidence,low,confidence,confidence
1199,8,90,-0.011813416745927608,0.006047811293972103,0.2676636683500555,0.6492288757911489,0.15326877269479963,0.002182173793178248,0.3909933285580741,0.005645211681728155,0.21962508691681756,0.23048572407828438,0.10331951992099295,0.04656043540524497,0.0041100232614257525,0.0036210111474979326,0.9222222222222223,0.9333333333333333,0.014695286688851936,0.0056405364600988165,2,0.11032355488170999,0.019940922037694615,0.18074781320509542,confidence,low,confidence,confidence
1200,8,90,-0.0089931736389796,0.016722528059137574,0.032339350786610585,0.6321488919246238,0.1483792836467425,0.0039876507962684545,0.3895144467552503,0.004453036648748243,0.15558742649025387,0.18888711134592692,0.10417676849891472,0.033628711467182694,0.006728075664847041,0.006926598045577149,0.9111111111111111,0.9222222222222223,0.006122825415220033,0.003414702475487029,1,0.061206293158164726,0.014548947685135977,0.23769957687134258,confidence,low,confidence,confidence
1201,8,90,-0.007192541493309874,0.013079647321324415,0.022374976606582594,0.9108672804069498,0.15447787013318803,0.004206367013208491,0.38525597751140594,0.00678432494561237,0.2034969064924452,0.2088489658302731,0.16433974349669905,0.07312437236299474,0.0068336146711910975,0.00925391154519219,0.8111111111111111,0.7,0.008736270180707377,0.004526485042933647,2,0.10041772390272213,0.013010300701065266,0.1295605062026942,confidence,low,confidence,confidence
1202,8,90,-0.010929422577222198,0.008031883327922446,-1.1587805608483197,1.6858802985289678,0.15833138475815456,0.004791995168549408,0.3930332824587822,0.005491188042722297,0.14911836087703706,0.2095767080783844,0.1768999917095902,0.06348818393151506,0.008619410457412177,0.0060057609537110465,0.7222222222222222,0.9,0.012500815158958279,0.005385628378225045,2,0.12874063614719025,0.024845591535535207,0.19298800511692468,confidence,low,confidence,confidence
1203,8,90,-0.017346343066957277,0.002679086908108493,0.45514224329407366,0.6771535329875737,0.15956609282228681,0.0034700741161748797,0.396252323852645,0.0030180612218016767,0.21041329635514153,0.19546848005718656,0.10194745897124903,0.046976499671293574,0.00327992403775003,0.0050683460904577555,0.9,0.5666666666666667,0.02123992999312222,0.005334467181259726,2,0.14265434195225418,0.017248721862464265,0.12091185388793432,confidence,low,confidence,confidence
1204,8,90,0.0028407765759362134,0.0091474398550483,-0.1425773981900096,0.5700778677137505,0.1625607904460695,0.0035189809551252043,0.3991157160864936,0.005062580331382043,0.21825622618198395,0.23044296072589027,0.10129380758732051,0.04441309898780169,0.005721419278801786,0.005138590662850732,0.3888888888888889,0.9444444444444444,0.030753111223859902,0.0073025877356198985,2,0.18930513226286508,0.0558749843903776,0.2951567586452572,confidence,low,confidence,confidence
1205,8,90,-0.018595142828093658,0.006388212243843908,-0.2997314345723471,0.4672916770684956,0.16876567817396587,0.0017053397811679102,0.40702881001763874,0.003384861124319991,0.20219401286707983,0.23350858688354492,0.1305425205626151,0.047601497379717576,0.0027866684039857263,0.0020996801756711695,0.9222222222222223,0.9888888888888889,0.004532513551329664,0.0035930161954699363,2,0.06251791456643538,0.007651293167111886,0.12238365333392476,confidence,low,confidence,confidence
1206,8,90,-0.00878653857443069,0.0032014247799492554,0.3546348179561662,0.2811433065919638,0.16675043635898165,0.0037305207239146272,0.4060700837108824,0.002823545757469858,0.16168711649047005,0.18454088038868374,0.14358841609936826,0.05314840784420223,0.008486760129555286,0.004011883729511687,0.9444444444444444,0.9555555555555556,0.0028803371742158316,0.002611081968334872,3,0.05886188887272444,0.017893931602614852,0.30399343194496936,confidence,low,confidence,confidence
1207,8,90,-0.006423818402820171,0.006490620584571849,-0.746059215837004,0.3991195295156554,0.1730492886569765,0.0022742182461511933,0.3904392808675766,0.008137559101980522,0.25810622639126246,0.27130595710542466,0.1801871903916618,0.04371140181982644,0.008470417105933088,0.006369768445508101,0.5444444444444444,0.35555555555555557,0.0173431276785639,0.008626863507867798,2,0.12590361670811592,0.03622104246729076,0.2876863725439221,confidence,low,confidence,confidence
1208,8,90,0.0014515992667939947,0.00873609002127052,0.2403167031362629,0.4320144922898016,0.1788223675555653,0.0027253626939354805,0.3860119115975168,0.003197903568324519,0.2933647334575653,0.2914853039715025,0.10792224930900797,0.012484695698753179,0.013153108233711196,0.00329677909819763,0.0,0.0,0.006725923158362792,0.00359456400705223,1,0.06561309640901034,0.03191810486492179,0.4864519457215095,confidence,low,confidence,confidence
1209,8,90,0.023530096146795503,0.013335077095804582,0.6637590282732523,0.5007702770158015,0.16804206884569592,0.006411157021440719,0.3906677171587944,0.003826665607261395,0.3009256147676044,0.2740857806470659,0.12593335640468903,0.026650930021301672,0.025441529788622252,0.009934457465936844,0.0,0.0,0.015075033964468151,0.0045237327650255715,2,0.1102789882663266,0.01421892077758282,0.12893473241259396,confidence,low,confidence,confidence
1210,8,90,0.011219995551639154,0.002906098610603912,0.7143508766371426,0.15201974113273178,0.16762464145819347,0.002523304748189166,0.38145280414157445,0.0023374450519612826,0.31713157362408106,0.30966070161925424,0.10046066320705577,0.005386323062807515,0.0024377344417795474,0.0008797311370012214,0.0,0.0,0.0017653927853036383,0.0030617321284681144,1,0.03338975605455775,0.005699155109836044,0.17068062491679115,confidence,low,confidence,confidence
1211,8,90,0.015151376856697938,0.008398725789377117,1.0623505428455973,0.33492254707391833,0.1660145766205258,0.006965634806157097,0.38345334894127314,0.010318793269924818,0.31335060364670225,0.33682042327192097,0.13725268570356586,0.03189094374774445,0.013820879712096324,0.0030910713567067873,0.0,0.0,0.04175403819327015,0.002789730689755927,1,0.17002041596075523,0.14398618916095743,0.8468708976885163,confidence,low,confidence,confidence
1212,8,90,-0.02732232378588783,0.0135905723983336,-1.9929089982765469,0.9329921750097091,0.18691548158725102,0.008396846883090555,0.4448888310127788,0.018830183743013772,0.3975291834937202,0.32676019503010645,0.1683767812044465,0.033672815119138375,0.011243077542073146,0.020080688446751996,0.03333333333333333,0.0,0.048699134321141514,0.008303585034286435,2,0.30662581454020355,0.08214481167865229,0.26789833042433353,confidence,low,confidence,confidence
1213,8,90,-0.032574980788760734,0.011287760528760767,-1.181976778002095,0.6287059916450494,0.17441591123739877,0.004758021786948255,0.42622541387875873,0.018854639220833587,0.2568273189995024,0.23101232879691655,0.12320617680809123,0.045760343859733855,0.00844066172147485,0.008357914652698029,0.8777777777777778,0.7111111111111111,0.01096133189615804,0.0027680818914698753,2,0.10104995789616537,0.0072958239129437144,0.07219945327426305,confidence,low,confidence,confidence
1214,8,90,-0.024520540568563683,0.011194432337024501,-2.3917021922149084,1.391247259467221,0.16856274985604816,0.006610604199877332,0.4063950550225046,0.011346718270827508,0.11253131164444817,0.14080733060836792,0.19989811163501695,0.0747393725195385,0.004898792302441698,0.0055723188609993965,1.0,0.9555555555555556,0.006344404262204035,0.007395026248763276,2,0.10283128395450439,0.0010758049059979202,0.010461742797367835,confidence,low,confidence,confidence
1215,8,90,-0.02162561217943829,0.010834860462457276,-2.1535447111123216,0.3463431008518097,0.16979920897218917,0.0066575388562166325,0.40101154645284015,0.003142367826309231,0.17360722687509325,0.18323241074879965,0.13052428854104367,0.056219520178052755,0.005933994023563732,0.006208938019425664,0.8777777777777778,0.8111111111111111,0.007776973575746569,0.004270135273149022,2,0.09008266719203203,0.010738705532213122,0.1192081302520838,confidence,low,confidence,confidence
1216,8,90,-0.03097682264116077,0.003405330523174252,-2.2130948015304153,0.30985952142973144,0.1648033810986413,0.0020835889847253446,0.39764213628239103,0.00298050161413558,0.15001940925916035,0.1683500071366628,0.15720060221870702,0.06585286575267266,0.00603607983129537,0.0034622447580537822,0.9,0.7111111111111111,0.0033881686766129883,0.0035506409325878705,4,0.05910869042347244,0.011723382573198595,0.198332667439301,confidence,low,confidence,confidence
1217,8,90,-0.027456865708033254,0.0034809885964119333,-2.177059112236122,0.5204700902648708,0.1637082361512714,0.00445116701086372,0.39799210362964205,0.006288443790353801,0.18666794101397197,0.19906573361820645,0.14335900727344625,0.04360349466738246,0.006350488756994963,0.003997065949153448,0.8444444444444444,0.7222222222222222,0.0024910346101409847,0.004128672009160982,4,0.08370576339150608,0.0062364109667576205,0.0745030713658013,confidence,low,confidence,confidence
1218,8,90,-0.010234973827997854,0.015274367259870468,-2.069649060309361,1.4491170001632703,0.16265429225232866,0.010832918198143063,0.41449215445253584,0.014954836726361996,0.09397393233246273,0.12969008220566644,0.10570891773302282,0.0711019167317676,0.0092343466953683,0.02273589238201699,0.7888888888888889,0.6555555555555556,0.013702401648750504,0.004924549209870481,1,0.12074157979496894,0.01155399248936414,0.09569111831951738,confidence,low,confidence,confidence
1219,8,90,-0.025025963120990338,0.010671467316938809,-2.3766999599650087,0.7395549278240763,0.16681827406088512,0.003278216705921178,0.39943661557303534,0.005964738781569936,0.18761851920021905,0.21367443137698702,0.1227462263266123,0.0447829796867449,0.00607193401999434,0.007319043867471417,0.9555555555555556,0.7333333333333333,0.007359917074618958,0.004381045354714058,3,0.0933942645279185,0.016683615708643396,0.17863449279761062,confidence,low,confidence,confidence
1220,8,90,-0.032721435361438345,0.008772459948923152,-1.8971695643132316,0.5618612937162201,0.1657549887895584,0.004010346016915802,0.40481899148888056,0.009636158804301726,0.21385473012924194,0.2190476417541504,0.13221945593378953,0.061466382466192834,0.011223720765291902,0.007450711340206817,0.6666666666666666,0.6333333333333333,0.004756345025995058,0.004391806116023295,7,0.10879334005277133,0.023892733973695585,0.21961375897042323,confidence,low,confidence,confidence
1221,8,90,-0.03478618529107839,0.005039086743453253,-1.6564778151946848,0.8130869837008292,0.15917682184113396,0.007387367162596686,0.39813506305217744,0.008900193904101425,0.10604696406258476,0.14683929681777955,0.15458174070996428,0.10793908627430761,0.009676798647136865,0.007643279811500578,0.7111111111111111,0.6444444444444445,0.005891989184916815,0.005977467071409416,4,0.1343102517208975,0.005616508529398776,0.04181711105686094,confidence,low,confidence,confidence
1222,8,90,-0.029452311330371444,0.007380559358665086,-1.8047190937257438,0.8940205022039738,0.17815039240651662,0.022260857707206583,0.4175812628534105,0.02777754549442186,0.3525053991211785,0.27982339196734957,0.13316545351461806,0.06154482069655449,0.011275727352057448,0.013019877514436732,0.25555555555555554,0.17777777777777778,0.007687550223745985,0.00771552252005978,1,0.14646550161760416,0.021454776523115712,0.1464824808824205,confidence,low,confidence,confidence
1223,8,90,-0.012788910998238454,0.00949258468652429,-0.7569590574315083,1.0709003499994627,0.21067778418461483,0.006354589765208104,0.48208192156420815,0.006364872530924548,0.4556156512763765,0.42926877902613747,0.21720254764342362,0.03350596618495038,0.028549382512704287,0.012634288405381458,0.0,0.0,0.07650671130024274,0.00898881240033874,1,0.29105896029069495,0.23031086455934258,0.7912832267596016,confidence,low,confidence,confidence
1224,8,90,-0.016723144716686674,0.006782033921712656,-0.03280260081756104,0.595793210678133,0.2229089801510175,0.018770367537749168,0.4918041871653663,0.025674930547750847,0.5320193896691005,0.470581966969702,0.2735943265591112,0.03613333250515341,0.008652616248013126,0.0071995234073950224,0.0,0.0,0.09671418613737284,0.00941765727929219,1,0.2703930662789067,0.22812168590294585,0.8436638016591769,confidence,low,confidence,confidence
1225,8,90,-0.03684201141198476,0.01087117071244324,-0.10735152478643517,0.4295971124747572,0.25074687898159026,0.024328827173493252,0.5883437992797957,0.03404922570820155,0.6830168396234513,0.5280009693569607,0.34113561903011574,0.03656699234078876,0.008245966525556673,0.012515471359721241,0.0,0.0,0.052927242320804126,0.0071938638111312386,3,0.39130661972901487,0.02283691123145882,0.05836050738616756,confidence,low,confidence,confidence
1226,8,90,-0.029498533407847076,0.006127737649070238,-0.8281206407396602,0.49681193128802836,0.20973043971591526,0.013097250897889452,0.48525820043351914,0.019144656578757083,0.5226614528232151,0.39789351887173124,0.27189915660905917,0.04078298570909175,0.003996833177267012,0.006435747921290219,0.0,0.0,0.010637749584638461,0.01713986196181078,2,0.17314188188221186,0.05225234097064001,0.30178740472962085,confidence,low,confidence,confidence
1227,8,90,-0.03127409948243036,0.00396285662428154,-1.08414776991513,0.2705951749513497,0.1951597683959537,0.005162093089509841,0.47280252741442785,0.01052843034389339,0.4843735923369726,0.3581547786792119,0.21883853147632304,0.0153497699315427,0.002272305343915968,0.004638263003393099,0.0,0.0,0.0031180043029681616,0.004718265362515695,4,0.0765679048286879,0.007963333649170817,0.10400218818576092,confidence,low,confidence,confidence
1228,8,90,-0.03637064231766595,0.005218299085816175,-1.2754325708267462,0.25363973451937705,0.19009651707278358,0.004858299341843127,0.4714508851369222,0.0055013341507991935,0.4591772516568502,0.329209338956409,0.20627939528067346,0.015571278850615428,0.002812847018338103,0.004816590563638956,0.0,0.0,0.0014894115207197784,0.0035720121003770373,4,0.04415815749445233,0.009190644121128423,0.20812544085070087,confidence,low,confidence,confidence
1229,8,90,-0.02415735125541687,0.0039275992171910485,-1.4585331435497073,0.38478869828622003,0.20291742185751596,0.004800396304013216,0.48547434045208826,0.010612770839419009,0.39728893107838104,0.29482046299510534,0.17072467303481081,0.03483119971875417,0.013715177177636087,0.016526532970849068,0.0,0.0,0.007864206302027164,0.0028016009313422286,2,0.0924426867242047,0.008660415066565823,0.09368314239135868,confidence,low,confidence,confidence
1230,8,90,-0.03964326216114891,0.004662126708765191,-0.042910585712406316,0.48899082136744615,0.20797767026556863,0.007351242241404976,0.491441976527373,0.007915318896470225,0.28681790000862545,0.26295700669288635,0.18936669104832488,0.06901278693421953,0.013457292850302522,0.011722959008452462,0.5777777777777777,0.6444444444444445,0.012111537558566442,0.006156054854821949,1,0.15208284848417047,0.012207266606115211,0.08026668661916321,confidence,low,confidence,confidence
1231,8,90,-0.03768425385157267,0.016565077056907084,-0.4493097373279379,0.7155474274575264,0.1971915336118804,0.016468162933035466,0.5029801650179757,0.015968963574963514,0.27682129906283487,0.24311318827999961,0.12839444924319554,0.05242623713944047,0.01222472007013422,0.008222811964838766,0.8111111111111111,0.7444444444444445,0.0052089402659797985,0.007100240265132939,3,0.11767587503997391,0.011734941477759959,0.09972172930130657,confidence,low,confidence,confidence
1232,8,90,-0.04118961294492086,0.009413728245215101,-0.8234273960851649,0.6262625407376922,0.1985706051190694,0.01636805962499905,0.49934413101938036,0.018907348135482505,0.27736272083388436,0.2715763383441501,0.17162850659360313,0.08550155404252525,0.0115474508091073,0.0072174721995096214,0.8444444444444444,0.7444444444444445,0.012898732182945346,0.014224607367103303,3,0.20642302229300574,0.04236244307734977,0.20522050973902148,confidence,low,confidence,confidence
1233,8,90,-0.02684253950913747,0.011115341497540707,-1.4799656900935556,0.26992114303831993,0.21406036251121097,0.008402646540121362,0.4947636692060365,0.0057163857293281075,0.2621982730097241,0.25252652168273926,0.20113636351902678,0.08785618167064027,0.0074171826698320705,0.005809031425777595,0.7333333333333333,0.9222222222222223,0.009159656909958059,0.00444187327889321,1,0.10101005297497193,0.030283713555754804,0.2998059386952274,confidence,low,confidence,confidence
1234,8,90,-0.023158301247490777,0.018394668410846107,-2.7306560268332554,2.137175292066544,0.19526180542177624,0.014877348114718573,0.5033825364377763,0.008533820771039497,0.14115253057744767,0.17497966918680402,0.13250432246171037,0.0571200902401501,0.009695477040598043,0.00850544042771421,0.8222222222222222,0.8777777777777778,0.032499670853928145,0.006961227872484697,1,0.12911240843550964,0.06656288661554809,0.515538141406865,confidence,low,confidence,confidence
1235,8,90,-0.03333393368456099,0.0128400551779715,-2.367187889111762,0.6259728726247575,0.19574798494577408,0.02059161997133962,0.48945855779780284,0.013365661464056242,0.07136299759149552,0.06632173839542602,0.17171977047693954,0.055340913723660984,0.016624485385268634,0.013973295460072135,0.6,0.6,0.015066335089766675,0.006060119856076134,1,0.1700239225895753,0.05158787690847133,0.3034136179729355,confidence,low,confidence,confidence
1236,8,90,-0.023775454031096564,0.006953144359939458,-1.930163134672869,0.5935947729809,0.20981130450963975,0.005407257571335091,0.4822211260596911,0.0070764456793345285,0.21723991334438325,0.28855538765589395,0.2424857873309026,0.10452228596212054,0.010072264390402928,0.00519317991051186,0.9111111111111111,0.9888888888888889,0.010807306950266767,0.005305161244751166,2,0.16205342781982546,0.017789495781874602,0.10977482085002473,confidence,low,confidence,confidence
1237,8,90,-0.011793337927924254,0.0037696138390256,-1.1886884431766553,0.27103994443100826,0.21255951258871292,0.005240661323919449,0.47790546351008945,0.0057060940691701974,0.23144267996152243,0.23443949951065912,0.14520627295515562,0.09558527837057176,0.005794717459282538,0.007668201594487038,0.8444444444444444,0.6333333333333333,0.0020173945560686404,0.0032168593438701054,5,0.07247887336754513,0.00826511085601843,0.11403318565563833,confidence,low,confidence,confidence
1238,8,90,-0.030855530169275072,0.009670010696218282,-0.6648297323815308,0.629114834089814,0.2096218239929941,0.012700913464463347,0.4846392050385475,0.009780704705019197,0.22511447303824955,0.26300350692537094,0.16959648291786353,0.09558553844879401,0.011374724996022932,0.009848357254333829,0.9666666666666667,0.7111111111111111,0.005446296589870672,0.007094416170864186,3,0.14607291537724937,0.007054313796189668,0.04829276861629437,confidence,low,confidence,confidence
1239,8,90,-0.03078358338938819,0.012100905326954766,-1.2406499850171315,0.33120722114702006,0.20334073818392223,0.013025955736172257,0.48811746521128546,0.010981824506286264,0.28267305394013725,0.2728145632478926,0.1268998977854821,0.07823775834224132,0.008635168430769306,0.007290191483820817,0.9666666666666667,0.6111111111111112,0.00909574921633603,0.007455059283794259,1,0.09829769330961595,0.025180887291711973,0.2561670602517428,confidence,low,confidence,confidence
1240,8,90,-0.03513515856530931,0.014021794855158667,0.12864327130030945,0.6575906066250735,0.18966826465394762,0.008450050812876211,0.5013882024420633,0.007587069882457276,0.2277790927224689,0.21376960178216298,0.09830272863005543,0.043248519571081556,0.006531951311454657,0.010665033001382737,0.7555555555555555,0.8444444444444444,0.005229893729082757,0.005508919041630557,3,0.08686977499988646,0.017324469277561608,0.19942805019967014,confidence,low,confidence,confidence
1241,8,90,-0.015141131480534871,0.008722513291575527,-2.153325919257044,0.6134163542716845,0.2154171935386128,0.0050917036300860245,0.49053502612643773,0.008230618067673886,0.30318551063537597,0.29711870352427167,0.1663717720033669,0.06859100605492992,0.008280899323148207,0.006219549509952621,0.8111111111111111,0.8111111111111111,0.014175859024765878,0.00598007694147935,2,0.14415968540170773,0.0006852480228199958,0.004753362686300591,confidence,low,confidence,confidence
1242,8,90,-0.02239887879954444,0.005255628535893995,-0.8878925251452636,0.603279725311392,0.2140756090482076,0.008240733573104342,0.5008837115433481,0.006579766066971361,0.2532598190837436,0.3220027224885093,0.18341647181300186,0.08006662260582646,0.008713228332172885,0.006260633616584983,0.9888888888888889,0.8555555555555555,0.07131131237995444,0.005960513591679199,1,0.25081393666325574,0.16539028730779343,0.6594116343630942,confidence,low,confidence,confidence
1243,8,90,-0.015466958946651888,0.007961641937599106,-1.7992565307480248,1.2839971756792385,0.1996449049976137,0.006433591967167141,0.48188449773523545,0.005295070158099585,0.1853426072332594,0.2299870361884435,0.14612202897718843,0.08475846945871336,0.00812471327750022,0.0032332397916270935,0.7777777777777778,0.9111111111111111,0.0025512632560603784,0.0038037906053392735,5,0.08916135121718789,0.016205136083402502,0.18174864011749642,confidence,low,confidence,confidence
1244,8,90,-0.011751214663187662,0.002684152447366992,0.484154898983667,0.5041141644081847,0.2050153950850169,0.006786308263130712,0.4784224871132109,0.00496751330184687,0.24363274143801794,0.1654264685180452,0.15525648999908384,0.03975095938620744,0.0018622650210103782,0.00540610698686722,1.0,0.9777777777777777,0.004091702847207456,0.0037259711977404475,4,0.06498473902557465,0.011747350138005172,0.18076812411692494,confidence,low,confidence,confidence
1245,8,90,-0.007431934608353511,0.005999928316358576,0.096600278996914,0.3352771737705769,0.19684750586748123,0.004358306064300041,0.47615374277035394,0.003962714675351597,0.2699335257212321,0.31010729438728757,0.22677351402606183,0.041233129045749134,0.005103174248009109,0.005071217784290355,0.8888888888888888,0.9888888888888889,0.0026833266763440266,0.005024056524905673,4,0.09042734929252773,0.004456093111890257,0.049277612018275255,confidence,low,confidence,confidence
1246,8,90,-0.002405729227595863,0.006081059099599094,-0.4996137883504661,0.2547857754437025,0.1968425220913357,0.003748264962230252,0.47356235302156874,0.004066418104099191,0.25932047797573937,0.2532750129699707,0.12806841052610646,0.03908569445277669,0.006346862269209884,0.004480626745554473,0.8777777777777778,0.9333333333333333,0.003479788979376259,0.006141469000805812,3,0.07546804215072861,0.015998634033452114,0.21198936116744735,confidence,low,confidence,confidence
1247,8,90,-0.0019630687104331087,0.019321160102870487,-0.7913720444521761,0.5114118345738997,0.20252766344282364,0.003904707337656505,0.47184298915995493,0.004459662936009595,0.25951743357711365,0.273612912495931,0.18292538535005368,0.05118185680755703,0.00768096090591972,0.0065878374763404446,0.7111111111111111,0.8888888888888888,0.005934598866092042,0.005066277128128059,1,0.10090116061266798,0.02587318134808556,0.25641850670972904,confidence,low,confidence,confidence
1248,8,90,-0.0378310309516059,0.00470152213227876,-0.1784862604403035,0.526057332664137,0.2047237245572938,0.0034962297517290974,0.4815542582008574,0.009368111259022373,0.24224198096328312,0.27164337005880146,0.18559021974745823,0.08862311210671805,0.00712429567234138,0.0036836729765560923,0.9111111111111111,0.8222222222222222,0.009369866686944804,0.0038210816785706246,2,0.08903914613366615,0.016537127087597834,0.18572663911369225,confidence,low,confidence,confidence
1249,8,90,-0.008346685436036854,0.019161992160594808,-1.9540438748300633,2.0088850123480118,0.19283388588163589,0.0038779882127263606,0.4788451419936286,0.0031752250512290673,0.11088567078113556,0.22578757537735833,0.1881621158141561,0.032584010435366684,0.006111477497504322,0.004764164676250064,0.9,0.9666666666666667,0.006754127375124003,0.0056418695038606,1,0.10858237806944185,0.018187617501076482,0.16749909446955163,confidence,low,confidence,confidence
1250,8,90,-0.022297428713904492,0.013206379351180622,-0.7096073045966059,2.4928412205328363,0.19462180071406895,0.009283553483868681,0.49227579798963333,0.010381961862553156,0.1963033417860667,0.18144123653570812,0.11491930241779226,0.07266742056493733,0.010390789756645126,0.011842629632196419,0.8222222222222222,0.7888888888888889,0.029726550790608416,0.010771058908051863,1,0.1603446169700291,0.0649674676744504,0.40517145963892326,confidence,low,confidence,confidence
1251,8,90,-0.018645360403590727,0.01841713453820458,-0.4295602222133328,0.46092209983830407,0.20824117081032859,0.008417685279262834,0.4930879336264398,0.0072071981782165125,0.2748974548445808,0.26095006432798173,0.14044692201728723,0.04044236581432111,0.012843969096102489,0.00946917721841152,0.6666666666666666,0.6888888888888889,0.004369817984088106,0.005633604428150516,6,0.11429942037093582,0.010418534982436566,0.09115045201606081,confidence,low,confidence,confidence
1252,8,90,-0.016368894113434687,0.01107305017904208,0.24506295774945613,0.707968709308851,0.20938658565282822,0.010166332362630781,0.4996800669365459,0.008678337339804845,0.21272619598441653,0.1981264419025845,0.1660160802154633,0.05221076220188947,0.01115145073351134,0.009895610903399596,0.9111111111111111,0.8444444444444444,0.0013311077776996915,0.005941025824488758,3,0.12185836631565126,0.004114594174825079,0.03376510398197116,confidence,low,confidence,confidence
1253,8,90,-0.00568233927090963,0.004175830458776706,-0.4859574466317135,0.37329650120223373,0.19956434302859835,0.011788880676615753,0.4792818304565218,0.005777921076753255,0.2312412331501643,0.26127701898415884,0.1297026185989259,0.08476885790818785,0.006114896978104617,0.003747651495249394,0.6555555555555556,0.8,0.014571024495317676,0.002540122416682948,2,0.11509094288628358,0.027222731355649295,0.23653029632618744,confidence,low,confidence,confidence
1254,8,90,-0.0182803793085946,0.015872929801511178,-0.8886295480083121,0.660436598486351,0.2058782618906763,0.0039014051957181025,0.48984046628077826,0.004759250002254421,0.24597995579242707,0.2740122801727719,0.14715063162527747,0.05449810939388507,0.008317198988238987,0.00673068776885926,0.8222222222222222,0.8333333333333334,0.008492506120876247,0.003718471939546479,2,0.10471729272766864,0.020592360420053208,0.1966453031621313,confidence,low,confidence,confidence
1255,8,90,-0.019357423318756953,0.020880941700476312,-0.5863471740996827,0.2014357223178661,0.20741098937061098,0.004575605374864953,0.48668163932032055,0.008844353898975116,0.2790187882052528,0.2987942016786999,0.17619294589674975,0.037341093564964116,0.009669956784523186,0.00625239147705818,0.9222222222222223,0.9111111111111111,0.002986931707753138,0.007924376228395367,2,0.11349232533525885,0.003218199795728528,0.028355850762341997,confidence,low,confidence,confidence
1256,8,90,-0.026704541842142736,0.006065880571536618,0.4689349059465532,0.47662617122274137,0.21424319148063659,0.004240689217542122,0.5063856667942471,0.009421661577758358,0.26442820131778716,0.29719959530565476,0.1162170236742585,0.03736721056295894,0.0038268990357458823,0.004032319352769087,0.9666666666666667,0.7555555555555555,0.007963341821400674,0.007662336219490257,1,0.07338036205380273,0.026836491800891454,0.36571264214495114,confidence,low,confidence,confidence
1257,8,90,-0.019504011670748393,0.007944398566444659,-0.45734942351837177,0.521234161424613,0.21872462348805533,0.0025858092173642977,0.49322859562105603,0.01161436008578347,0.16936090952820249,0.2643346544769075,0.18553941315093933,0.1009743246716331,0.004636126097121245,0.0013687816163612595,0.9555555555555556,0.7444444444444445,0.004721448562641629,0.010244113785524945,1,0.07121111358338365,0.03495935658139893,0.4909186769251602,confidence,low,confidence,confidence
1258,8,90,-0.016040715244081287,0.010422621750464779,0.03593230976670491,0.8801126923408628,0.19757191025548512,0.010076030255409027,0.49182307091024186,0.00680549861580785,0.09676236874527401,0.12592635022269355,0.0900260290133293,0.07525639876962614,0.006327282702686018,0.006442071907830384,0.9333333333333333,0.8888888888888888,0.004308096109442822,0.0034243235874509845,2,0.06736358336959146,0.011815301267434105,0.17539336957834673,confidence,low,confidence,confidence
1259,8,90,0.0007229304975933554,0.009204727915336792,-0.7576808731013832,0.7562725517763393,0.2023238577776485,0.00892151032540533,0.4723862278792593,0.010230309369753493,0.07427686254183452,0.1400865054792828,0.21448355095720886,0.08605745178076901,0.006404250096873897,0.0045255589511110075,0.9333333333333333,0.9444444444444444,0.01951698136210484,0.006841025033042782,1,0.10514762589381633,0.049494651864824,0.47071135208943055,confidence,low,confidence,confidence
1260,8,90,-0.0019310239288541932,0.00392472406587069,-1.1257086188977208,0.3353881872545945,0.20226633465952343,0.003622051717693741,0.4696907492147552,0.0031970597163988447,0.18817439046170975,0.20947037206755745,0.09064067059137226,0.044628471112470244,0.0038177575022632264,0.002057533194256383,0.9,0.7777777777777778,0.009751101150400777,0.002789837918489899,1,0.07380079488989964,0.03977324268579784,0.5389197206535843,confidence,low,confidence,confidence
1261,8,90,-0.015017977688047615,0.0026641629704381633,-0.5701252253011341,0.39150414804949785,0.20973523457845053,0.003421226008797951,0.48583643204636046,0.0071134002334297414,0.3044463422563341,0.30320694777700635,0.13284900081005485,0.05147617687774985,0.004558649997517964,0.0031419680431096775,0.9888888888888889,0.6111111111111112,0.007129387799452676,0.004227613127648629,2,0.07498865350053967,0.020983782250092436,0.2798223657606502,confidence,low,confidence,confidence
1262,8,90,-0.026768636372354295,0.0033601963448375662,0.2258870742513824,0.5244599656703663,0.1968800038099289,0.004491122432892411,0.49322899132966996,0.005483652819311607,0.20984886156188118,0.2528325163655811,0.1673204364689262,0.08134422346907934,0.0059538042340736225,0.009718736394230059,0.9666666666666667,0.7333333333333333,0.006634421882688977,0.0044817172220546235,3,0.08809981270642529,0.01810852042791272,0.2055431711879321,confidence,low,confidence,confidence
1263,8,90,-0.010959093934959837,0.009840197981223984,-0.9619849838981859,0.9935114630233328,0.21040875620933042,0.030151987255874566,0.5059487454593181,0.05611783707876983,0.20385307851764892,0.2768585592508316,0.2116432366545499,0.08553719208118583,0.01059497737951716,0.0076544439803428194,0.9,0.9111111111111111,0.018337785401830155,0.010195520042348761,2,0.17339603076306553,0.02669323203992161,0.1539428439025347,confidence,low,confidence,confidence
1264,9,90,-0.0241291060739634,0.010096846968289169,-0.5377244532016947,0.5782435521336257,0.246969356833558,0.05839389106351584,0.5467536114916509,0.0960701065443658,0.5730212209176044,0.5537928951029875,0.2967707105097612,0.06477716306480229,0.0074266242020466075,0.01260792813321593,0.07777777777777778,0.08888888888888889,0.04890203861966624,0.0317153544034978,1,0.27263223331769115,0.1364083731179685,0.5003365563985225,confidence,confidence,confidence,confidence
1265,9,90,-0.00781590938568116,0.005152466641464581,-0.16645715287629198,0.4732811600918965,0.17035763363043468,0.003954244150681177,0.41502491301960415,0.005945672900851521,0.24203611546092563,0.24002128773265416,0.0747489714869884,0.02465496220761343,0.004083883663504116,0.004806917687831838,0.9222222222222223,0.8444444444444444,0.02298913456134304,0.005731298578784367,1,0.1689738256304999,0.06735212458231364,0.3985926562196529,confidence,confidence,confidence,confidence
1266,9,90,-0.010712087154388438,0.0041858658338218705,-0.42682514087120993,0.3179161351763251,0.17059889336427053,0.004616208762047233,0.41104245947466955,0.002577231225822937,0.21176047424475353,0.09564770824379391,0.14893136501691132,0.10207065810115991,0.002023494179090875,0.00680750900779325,0.9777777777777777,0.5,0.001469098984308472,0.0020484415374737775,2,0.03957672550215095,0.003165547855634023,0.07998306662321925,confidence,confidence,confidence,confidence
1267,9,90,-0.013455160127745761,0.0008785887087077728,-0.5984721913982516,0.0890022535179716,0.16728870487875408,0.0014127626054087192,0.41348383873701094,0.0014331234134353458,0.20515997774071162,0.20350294510523478,0.07062656157830505,0.014352199548090264,0.000703511529656627,0.0008143818456161766,0.9888888888888889,1.0,0.00024704997405584493,0.002111275436136105,2,0.02102229333758102,0.0004820422843223099,0.022928961537182956,confidence,confidence,confidence,confidence
1268,9,90,-0.013377778728803018,0.002528980272586551,-0.6061314053802204,0.15186622138901282,0.17114340679513085,0.0016642801738867127,0.41076310227314633,0.00323208965315341,0.19854408668147194,0.2095772584279378,0.10134712358801864,0.02292058407668413,0.0013317325212671618,0.000992316320159197,1.0,1.0,0.00036604652120616045,0.003128168610673548,3,0.022834207164726915,0.007066939802273677,0.3094756159335325,confidence,confidence,confidence,confidence
1269,9,90,-0.00959802567958833,0.0013298090965983955,-0.8852403718018134,0.14344942222690935,0.17735961195495392,0.0031308240546166553,0.40662886450688046,0.002682093670715829,0.22478358116414812,0.22909755773014492,0.15293357105363095,0.017299509720061917,0.0022246531792811967,0.0013513539273824352,0.8111111111111111,0.9333333333333333,0.0005571682886744902,0.004729735739028019,3,0.02115173490490196,0.01191570676968752,0.5633175484521464,confidence,confidence,confidence,confidence
1270,9,90,-0.011198243498802192,0.0013430204988853726,-0.37574066683328783,0.24336381018545308,0.17231395228041543,0.004604982144349876,0.4105205706424183,0.0014845268990852332,0.2668648329046037,0.2495927568938997,0.11894054656867754,0.036492632613761074,0.0008302091149239765,0.0007876724796146389,1.0,0.9111111111111111,0.0017275477699050799,0.0036339982276839228,1,0.023453692212023283,0.011603730013371406,0.4947295794153774,confidence,confidence,confidence,confidence
1271,9,90,-0.007771691017680703,0.0029042848612632973,-0.8904110635054934,1.0026716207458553,0.16876139756706027,0.0015958676906619727,0.40765368160274296,0.002066509094447357,0.18586652245786456,0.24862137768003675,0.16494151555921194,0.08807340897564009,0.003734943826397272,0.0003696698742444001,0.9444444444444444,1.0,0.006655977863402693,0.004433862755172635,1,0.047041944363020324,0.02466827067428397,0.5243776937923827,confidence,confidence,confidence,confidence
1272,9,90,-0.008619007468223581,0.006538556405850877,-1.8044347260297249,0.7220966935268166,0.17299895336230595,0.002074421526258718,0.4167166781094339,0.002873151043692069,0.19586979779932234,0.2458684974246555,0.14252261087759568,0.09013355888892688,0.003692367239065309,0.0007479808736898861,0.9555555555555556,1.0,0.00965492101781686,0.001573428888677924,1,0.039243846627323345,0.023560765297574088,0.6003530991294647,confidence,confidence,confidence,confidence
1273,9,90,-0.006626458300484549,0.0013701274001391634,-0.3914540095834026,0.20856234385756978,0.17228620383474563,0.0017011624393973813,0.40978443556361727,0.0063924590916591304,0.26344582405355244,0.2413933777146869,0.09404910541647522,0.012126810887693665,0.00041931322881175306,0.00039482372943350046,1.0,1.0,0.001119656948337097,0.006082124038335749,1,0.020519319750102044,0.015883381346837613,0.7740318640385039,confidence,confidence,confidence,confidence
1274,9,90,-0.011078251401583366,0.004917188921829729,0.12309699157676984,0.25285438191331006,0.16170079426632988,0.0025426216160956204,0.4062037426564429,0.0045838299993801864,0.2276879671547148,0.22574374013476903,0.09316184707251286,0.014138158381150274,0.001975097917319979,0.0021389897032375958,1.0,0.9222222222222223,0.0008535180827672882,0.005878704027930117,1,0.04524727849883321,0.002181407398676946,0.04820973241519445,confidence,confidence,confidence,confidence
1275,9,90,-0.005226853821012723,0.0058669924340663746,-0.6645324127179135,0.43086398400958537,0.1708161413669586,0.003916103572424658,0.4049027144908905,0.0027586066239963306,0.24164697296089596,0.22866740855905746,0.12895529328629782,0.03393029391231908,0.004270142970418315,0.002507330738000173,0.7666666666666667,0.9111111111111111,0.0008217685758320484,0.0037686471187457628,3,0.0488827720379433,0.015414893788526516,0.31533764981478035,confidence,confidence,confidence,confidence
1276,9,90,-0.007620210448900886,0.0038177247905129964,-0.4619465851599227,0.08775989563933592,0.17354053871499167,0.0018892824453083528,0.4079864705602328,0.004523091954699858,0.2351256916920344,0.24010735286606683,0.14655079879797187,0.015663078242770023,0.003257541345445622,0.0023509247875730327,0.9555555555555556,0.9666666666666667,0.000883715264532878,0.004916548594680417,2,0.04546649780128638,0.005238508148493513,0.11521434875057723,confidence,confidence,confidence,confidence
1277,9,90,-0.01232697897487217,0.0023413041775925346,-0.03768596993249559,0.26949480199913195,0.1708585414621565,0.002103295916815581,0.41554545164108275,0.002652964207142294,0.2421075099044376,0.2193999621603224,0.10232133585962894,0.01433215374581749,0.0016423308529863276,0.002609382966317668,1.0,0.9777777777777777,0.0010025984523831665,0.003151130010845937,2,0.03473859161164233,0.009006804646375507,0.2592662788631356,confidence,confidence,confidence,confidence
1278,9,90,-0.010785383317205664,0.0006602034342453134,-0.09904604721354043,0.07813489971472214,0.16977568450901243,0.0029031949618904705,0.41097047610415355,0.0007627093367898224,0.260580955280198,0.2130799651145935,0.09436379762299418,0.0032536542736955813,0.0002792116133940388,0.00033464141069057464,1.0,1.0,0.0003504471581260912,0.001933965810179708,1,0.015034447301551934,0.004564529989707207,0.30358458236464064,confidence,confidence,confidence,confidence
1279,9,90,-0.012782711452908007,0.0007115781179339127,-0.17257405320355748,0.10296164632164223,0.1635156790415446,0.00045904480767912104,0.4105898145172331,0.0005212591192910106,0.25451902879609,0.20553765495618184,0.09193260390063565,0.0021591263717323805,0.00015249138155104422,0.0002159397265710539,1.0,1.0,0.000505098014970897,0.0010721475101348043,1,0.0126099351196311,0.002464538660296132,0.1954287003237097,confidence,confidence,confidence,confidence
1280,9,90,-0.01185027658939364,0.0021902823866766924,-0.41694540082063797,0.05750046990241787,0.163559194902579,0.002075046553821537,0.4080582421686914,0.0012440777494747723,0.24375962846808963,0.22095987200737,0.0814086082314726,0.015352971632197468,0.0007864345428169466,0.001000611555749464,1.0,1.0,0.000355398317782101,0.0017753433587590994,5,0.020559514327675086,0.005602217668047731,0.27247458788066276,confidence,confidence,confidence,confidence
1281,9,90,-0.008653096026844475,0.0009479092881535819,-0.375928057302863,0.10850813740427785,0.1673697880572743,0.0022644831240860768,0.4112894318170018,0.0018025954460369235,0.2348346945312288,0.23073387742042542,0.0773490886066948,0.007792706067544433,0.0003151328297524658,0.0006052653232658358,0.9777777777777777,1.0,0.0003677445697116217,0.0020959642861356586,3,0.014130573532817402,0.00250190152679381,0.1770433788554195,confidence,confidence,confidence,confidence
1282,9,90,-0.0051962974998686256,0.0033006238583139494,-0.561743832919655,0.49184100174949386,0.16898945950799518,0.005060594602467245,0.4110789731144905,0.002910587110457351,0.2429406162765291,0.2435582849714491,0.10678589482889167,0.017443319473475712,0.0027600236457708148,0.0021928821196130865,0.8222222222222222,0.9888888888888889,0.002231280017315907,0.002002167790471403,2,0.037892273475639546,0.005446221030811182,0.1437252718299039,confidence,confidence,confidence,confidence
1283,9,90,-0.01401595075925194,0.001444632262334736,0.05454973364385888,0.4002519667607277,0.16609193715784284,0.00480791126460078,0.4131142874558767,0.004817422319736934,0.2170727186732822,0.22793595790863036,0.08131271422188281,0.012719275649043148,0.0016662416142161046,0.001217347726889431,1.0,0.6666666666666666,0.001330360281884927,0.007624689774871329,1,0.03835467545584856,0.0236680019455032,0.6170664879242598,confidence,confidence,confidence,confidence
1284,9,90,-0.013559406002362584,0.0031603178110156884,0.12410987322561812,0.37405410873051254,0.16309682610962126,0.003882076132720349,0.4042240445812543,0.0034531672581746536,0.26258642110559677,0.24848980440033808,0.10776821335230348,0.04802810085368002,0.0028363020813471553,0.002003486538932709,1.0,0.4666666666666667,0.0018045034132791052,0.005257144780249521,1,0.06243771574152562,0.0106444253852732,0.1704779680180705,confidence,confidence,confidence,confidence
1285,9,90,-0.014437155591117036,0.0013523579544434023,-0.6134293143396374,0.32221005052042967,0.17337105472882589,0.004027557464862796,0.40868435899416605,0.002921018023772694,0.23050040668911403,0.22851513822873434,0.11629824005502828,0.031907947975605935,0.002758165314073438,0.002228993561497504,1.0,0.8666666666666667,0.004620365937434972,0.0028795309497461072,1,0.039521248212374745,0.009704243882913272,0.2455387616303364,confidence,confidence,confidence,confidence
1286,9,90,-0.014294638898637585,0.0013762201660580708,-0.8020536852845432,0.10474308198390278,0.16406702134344314,0.0047557829013009055,0.4086933043267992,0.0008044699769216227,0.21612176961368984,0.21353429357210796,0.0659526112734778,0.0031943834468219686,0.00020268413836924573,0.0005409670076800493,1.0,1.0,0.0006957394548650695,0.0016615512119438163,1,0.014438472567235787,0.0028014194034830433,0.19401120023176385,confidence,confidence,confidence,confidence
1287,9,90,-0.01915956768724656,0.005836719155790891,-0.31082482126482247,0.6353758848193258,0.15320888873603608,0.010710477088653511,0.406996032430066,0.004913942680187133,0.22898617883523306,0.22187572121620178,0.06218934967678664,0.012144317607506552,0.002395840240650072,0.002677662720038498,0.9888888888888889,0.8111111111111111,0.029077116053351976,0.00296915534412381,2,0.18261424335113244,0.05639926537411164,0.30884204592749787,confidence,confidence,confidence,confidence
1288,9,90,-0.006940738360087082,0.01086260727103568,1.0495110144867925,0.5805849984169232,0.13952557908164132,0.009404855985858062,0.3729878067970276,0.015942112133202048,0.2075235790676541,0.20797018342547946,0.050849880918548786,0.027303990313679617,0.002378024864426659,0.007747642916192979,0.9333333333333333,0.8222222222222222,0.08496578228307422,0.008616660649444526,1,0.28428644414100945,0.23295492576218127,0.8194344511628635,confidence,confidence,confidence,confidence
1289,9,90,0.009006145927641127,0.00547095431903039,0.7070546855298045,0.7612083942454364,0.12830980552567375,0.0034276887246110018,0.3179047445456187,0.01652913844485612,0.18789323965708415,0.2013106902440389,0.08091359457157171,0.025024477237004468,0.0020307899801843706,0.001827270949913634,0.4,0.9555555555555556,0.008465241709275737,0.013326698793533176,1,0.12056387080846544,0.027883032026281607,0.23126995317382124,confidence,confidence,confidence,confidence
1290,9,90,0.011490676138136122,0.002720220462024843,1.38227212777306,0.11053463247795564,0.12934637069702148,0.0011719578002323042,0.31836827761597103,0.004759493398090089,0.1749465240372552,0.2047349042362637,0.08323438969861055,0.011741005374194357,0.0006799279052067276,0.0004690906098966152,0.9555555555555556,1.0,0.003359953415076488,0.007322388219706419,1,0.04318163475113092,0.015751991936985482,0.3647760732471969,confidence,confidence,confidence,confidence
1291,9,90,0.014566923512352838,0.0024895725727223554,-0.22711258156318787,1.1884923101119353,0.1343700177139706,0.004360364405116426,0.3267801715268029,0.006387398751294246,0.11447843644354079,0.19150622420840793,0.10962058320808424,0.053010914039690056,0.005047103866956508,0.0017541588744976618,0.7555555555555555,0.9666666666666667,0.0033439657981091035,0.006862101223823758,2,0.0841566947628559,0.008830850571158585,0.10493218232798122,confidence,confidence,confidence,confidence
1292,9,90,0.014122878180609809,0.0036220631320630506,2.04557609706136,0.46127392917580373,0.13303809828228422,0.0017805209140742168,0.3249345286024941,0.0022727393785118783,0.17232054935561286,0.1403024713198344,0.09504181305928368,0.0555063639770477,0.0008679031659620364,0.0027614123068216605,0.8555555555555555,0.9555555555555556,0.0027584134082305955,0.0030243510182754872,1,0.03915505935746758,0.006747330662872696,0.17231894050609795,confidence,confidence,confidence,confidence
1293,9,90,0.01497942606608073,0.0019771960676791232,1.696207028477202,0.3444411971847417,0.1342214624087016,0.0015000175764967555,0.3180709266000324,0.004271444968292636,0.1550676339202457,0.16474613944689434,0.061919905146119114,0.019437429908531045,0.0016658815929783497,0.0016094733835402724,1.0,0.9222222222222223,0.0010030016401379363,0.005607791258488876,2,0.05365288107884051,0.014652799372400774,0.2730985918962608,confidence,confidence,confidence,confidence
1294,9,90,0.009850669569439358,0.002332412107766391,1.6699216467704352,0.35705375194314465,0.13224860529104868,0.0014795426175209184,0.32520016729831697,0.004911935368204289,0.18925372428364223,0.18341322342554728,0.06372106580000073,0.00991196794434169,0.0010631676514963567,0.0014620065121388947,1.0,1.0,0.015886763489221377,0.0032483164335925766,1,0.0830436132007991,0.04450831796310538,0.5359567134774383,confidence,confidence,confidence,confidence
1295,9,90,0.00855468577808804,0.0015427831587391098,1.5915893082704016,0.1552806762932897,0.1347962008582221,0.0011737252354293956,0.32743711438443923,0.0015674498817048433,0.179120268424352,0.19409342143270705,0.06218638895448706,0.011416223659292585,0.0008951728676357838,0.0003024294937872013,1.0,1.0,0.0012354801000417804,0.0019308359475675454,1,0.033975060190172435,0.004851992564406204,0.14280621523650472,confidence,confidence,confidence,confidence
1296,9,90,0.008253188927968343,0.002125439049581447,1.1211064060706375,0.3150000391753992,0.1335629638698366,0.002226047993804851,0.33465728527969785,0.004855248277915702,0.20330811142921448,0.20980344547165763,0.07014050099210327,0.013156177560649391,0.0011694233145501556,0.001113988436331301,0.6,1.0,0.004510784694314256,0.003919873309416932,1,0.054444594000963305,0.013389984582712287,0.24593329962522548,confidence,confidence,confidence,confidence
1297,9,90,0.009049700366126167,0.0009675220088444103,0.9811443404822511,0.23959704359849812,0.13452100488874646,0.0011512378356156698,0.3371649305025736,0.0013021409317820172,0.21124513943990073,0.2142597926987542,0.0633465225939795,0.0028921539685475514,0.00047404745869365257,0.00017170504474095435,0.8777777777777778,1.0,0.0013398428230599287,0.0012120982426943275,4,0.028080858153298086,0.003416308993581574,0.12165537532922635,confidence,confidence,confidence,confidence
1298,9,90,0.013496510850058662,0.0010307558380246642,0.7696113371950158,0.18704756020905894,0.13450445301002925,0.000909092447359913,0.3357650614447064,0.006076804469883748,0.19148092998398675,0.2081803494029575,0.06013243472588196,0.006244491034940504,0.0006436616253441742,0.00036745493463412234,1.0,1.0,0.004181200171660936,0.004913139672380177,1,0.044512175281439074,0.018523590877518068,0.41613726184215755,confidence,confidence,confidence,confidence
1299,9,90,0.01705331669913398,0.0018656887327384915,0.10110534494863464,0.29652302759723537,0.13448893626530964,0.0021377370757920265,0.3248282856411404,0.004429140748092483,0.20804224014282227,0.23397625552283394,0.08967035194392263,0.020326394283518363,0.0012605757103508828,0.0015616582949971249,0.7,1.0,0.005344909389973379,0.004261378107134981,2,0.08302022123634861,0.00915500487836568,0.1102730692469916,confidence,confidence,confidence,confidence
1300,9,90,0.016446371873219807,0.0007409229632635106,-0.3728376102792907,0.30167415909283796,0.1350162386894226,0.0028310679764761153,0.3342021945450041,0.00637783497752976,0.19395933283699884,0.20564431813028122,0.10291968098560178,0.03816038495649948,0.0025819545346605793,0.0008913425106957396,0.5777777777777777,1.0,0.0036789454674602783,0.007245870857617279,2,0.06962671327609035,0.021276649462749937,0.3055773119875844,confidence,confidence,confidence,confidence
1301,9,90,0.012324362993240356,0.0027214970107888735,-0.9929577134944899,0.32673364910064706,0.13576007021798028,0.0009169018113966422,0.3276781294080946,0.0025523820140826116,0.18857938912179734,0.23165623943010966,0.10309972201105955,0.018635418212628374,0.002042879755266978,0.0013073027251019255,0.8555555555555555,0.9333333333333333,0.002118963951487108,0.002509792850973141,8,0.06337879417067203,0.004659338812920712,0.07351457785384771,confidence,confidence,confidence,confidence
1302,9,90,0.01683361397849189,0.0020377198092938085,0.7044143406366692,0.2164342047329597,0.13453540503978728,0.0021453150074805184,0.33445365726947784,0.0020191201089240127,0.1681433015399509,0.18795086079173617,0.05778887563976448,0.007275591691153469,0.0010303649020107395,0.0008238928917517933,0.9444444444444444,1.0,0.0008048100920700691,0.003160013137977829,4,0.04117362369054382,0.005743800068253352,0.1394985443321119,confidence,confidence,confidence,confidence
1303,9,90,0.01560036407576667,0.0011171057079359475,1.2695205689631766,0.4439124092435184,0.13073559138509963,0.0009721560359994744,0.3311289754178789,0.0018041132173892862,0.17591243916087682,0.18667560815811157,0.06549036340459981,0.005678116340028918,0.0007534801780063162,0.0002620372470915122,0.9777777777777777,1.0,0.0018593860088775569,0.0016808197047214497,1,0.02643432378591507,0.004259131161239291,0.1611151501578576,confidence,confidence,confidence,confidence
1304,9,90,0.011265658670001559,0.0016972804282357186,2.1234506697856723,0.14358976133883186,0.13330807122919294,0.0018122590024532183,0.33200619618097943,0.004929466026274593,0.19369528227382235,0.19106918308469983,0.08302710426660063,0.029073480160493714,0.0017822082377659029,0.0016376358839157558,0.8444444444444444,0.9666666666666667,0.0009324205582993036,0.003834796333240243,6,0.055652190895493746,0.008480498298816848,0.15238116920809863,confidence,confidence,confidence,confidence
1305,9,90,0.011201161808437771,0.0009222289363537779,1.9922078015058742,0.11112074004897779,0.13255259659555224,0.0011458593061206919,0.3340150521861182,0.002663452132010088,0.19400398996141222,0.19984202517403496,0.04506243199716771,0.0015638743895124718,0.00018185529824193557,0.00019385958295362654,0.9555555555555556,1.0,0.0008154720367629856,0.002291982226669953,3,0.02574806938446441,0.005728674407054467,0.22248083305530403,confidence,confidence,confidence,confidence
1306,9,90,0.01430063247680664,0.002173365369131295,1.5314164450119712,0.5582747642407132,0.13047653867138756,0.002072129834392207,0.3306745184792413,0.005656287715007128,0.20148828559451634,0.21154271297984653,0.08316142777986099,0.025495670937516247,0.0018889387583892634,0.001477674460828036,0.8,1.0,0.0030797945700591447,0.004681121934435675,3,0.056201614768293606,0.006149392563875968,0.10941470586783292,confidence,confidence,confidence,confidence
1307,9,90,0.012941879696316189,0.004627710232752072,1.7390551845243545,0.38693973778245755,0.13734840949376423,0.002383859989771148,0.3363113949696223,0.0020410112239342536,0.15149176451894972,0.10427519480387369,0.11340305010518552,0.035905715347346524,0.0019501053252230624,0.0029739063602333055,0.9333333333333333,0.9555555555555556,0.0017621802795274595,0.002510187859642135,1,0.042386209369530775,0.00771951176382972,0.1821188957388344,confidence,confidence,confidence,confidence
1308,9,90,0.02055228485001458,0.005650769258453678,2.776328721168284,2.8770564506629106,0.13600040872891744,0.0034740051481543083,0.33625386191738976,0.004626745134334323,0.11104820370674133,0.10796691311730279,0.09262357371847035,0.03147214080391904,0.005309636462908214,0.004889397805457305,0.6444444444444445,0.7777777777777778,0.008204669165133233,0.006847873839058212,1,0.11844680291324614,0.02715172023088041,0.2292294121383319,confidence,confidence,confidence,confidence
1309,9,90,0.02387423184182909,0.011061219411383504,-1.191789297766791,1.1081967126510401,0.13435056342018975,0.003254811340312775,0.3362463295459747,0.004600470301981735,0.14954639938142564,0.21190487345059714,0.08356924977808881,0.0404533026340877,0.004209979716629733,0.0019164576629206434,0.5888888888888889,0.8888888888888888,0.015058563249418502,0.007589916053840818,2,0.13234825088286664,0.029309275685022826,0.22145403536105,confidence,confidence,confidence,confidence
1310,9,90,0.013130357530381944,0.0012478943733789506,1.039118941370567,0.6395607185013725,0.1309550060166253,0.0012580665489218125,0.3195156286160151,0.012183138854134466,0.21316946744918824,0.22228026588757832,0.09012751778301308,0.037883433749551346,0.0016256673668131312,0.0016071664020724026,0.7444444444444445,0.9555555555555556,0.004192314894518411,0.011538374474047774,5,0.09756005346396207,0.0131484277975214,0.13477127737635877,confidence,confidence,confidence,confidence
1311,9,90,0.014439752366807725,0.002502375678663352,1.0736889495038566,0.2964986762200711,0.12995371388064492,0.0012590686453196021,0.32982138892014823,0.0016192295973223346,0.19334191216362848,0.20173117187288073,0.06364439992398498,0.0032715055120273334,0.0006866451696329503,0.0005722443144512542,1.0,1.0,0.0007618115385910605,0.002004290471291604,4,0.042476792754500246,0.005053510213889058,0.11896828639604094,confidence,confidence,confidence,confidence
1312,9,90,0.014661235279507107,0.005312540999665428,0.7071829870544623,0.31450379410884605,0.1306501825650533,0.0010230618454846135,0.3188608235783047,0.009379141461192939,0.19306203789181178,0.21677626172701517,0.09247655382210249,0.027196685527983978,0.0012913693505678422,0.0012702920144445266,0.8222222222222222,0.9888888888888889,0.0013967046048735086,0.010346569641429307,7,0.08160593271493272,0.026072916890949798,0.3194938962113312,confidence,confidence,confidence,confidence
1313,9,90,0.004847627215915256,0.006451546485633061,1.917953637823027,0.4922878332639164,0.13034612205293444,0.002178911861668033,0.32018272512488893,0.006160915813277202,0.23327239354451498,0.23354131513171725,0.06619053735714522,0.014508047603554659,0.0017595339765785925,0.0018811962270984415,0.9888888888888889,1.0,0.008640205758400158,0.006525197964758022,3,0.09390199644728078,0.05050950135201721,0.5378901980020878,confidence,confidence,confidence,confidence
1314,9,90,0.010986477136611937,0.01670805709683545,0.5305953240674898,1.1868660420440253,0.14722953140735626,0.015719550109396335,0.36142858697308433,0.028231652533807206,0.2231557912296719,0.2376039273209042,0.10306374293092235,0.05033666279138048,0.0071939382454040465,0.003964830825278964,0.5222222222222223,1.0,0.10381424707040912,0.012369533357727855,1,0.3328917448514503,0.29605411159288125,0.8893378307928944,confidence,confidence,confidence,confidence
1315,9,90,-0.019745565785302056,0.014272116576593318,-1.3772358421538053,0.5430075320396162,0.17670472595426773,0.010071733819130744,0.4351323849625058,0.02412761932480902,0.27544837031099534,0.2701588792933358,0.09301986285985235,0.023797341110670514,0.0038317979699178935,0.006805737639552992,0.8666666666666667,0.45555555555555555,0.05906383833930353,0.011849082955630263,1,0.2821202381494311,0.11813131222712075,0.41872534305464154,confidence,confidence,confidence,confidence
1316,9,90,-0.027126592397689848,0.004868646238485155,-1.1424521793361802,0.6167091177999302,0.16715898281998104,0.0052553934964046254,0.4106080065170924,0.005989387559731166,0.2785290453169081,0.257321212026808,0.10240826362561191,0.031410366185859705,0.003223537470835272,0.005071863832910899,1.0,0.6666666666666666,0.006069182530851665,0.00490094785296469,1,0.08417719571732918,0.02054148824433446,0.2440238599709702,confidence,confidence,confidence,confidence
1317,9,90,-0.019526863760418366,0.005518828192230287,-1.544411299750297,0.6815876387686735,0.16539000272750853,0.006036872708230132,0.3845443477233251,0.006264143459223001,0.39654518233405217,0.3574396663241916,0.20277538589357463,0.010083172744729748,0.0018941020779114283,0.0016528211941512136,1.0,1.0,0.015134965543424686,0.005716877282855748,4,0.12127004991002804,0.04242936365366273,0.34987215568053065,confidence,confidence,confidence,confidence
1318,9,90,-0.0182975172996521,0.002945599480511122,-1.3471578995155107,0.6237139689536026,0.152810118926896,0.002890883234925267,0.36772110296620264,0.001655542376076901,0.3796847310331133,0.3439378692044152,0.1817038872571036,0.007654807674396968,0.0007539395511927734,0.0005288681205237389,1.0,1.0,0.005076868375444675,0.0029436037187591454,3,0.046461667669321784,0.015616671422711994,0.33611224249664245,confidence,confidence,confidence,confidence
1319,9,90,-0.01631009578704834,0.0024372760669102013,-0.742820556494215,0.24854163447883748,0.15215837359428405,0.0030086363988647523,0.37130222353670334,0.006334061530748627,0.30844048659006756,0.3033767925368415,0.13197977640960015,0.04505875947946633,0.0029880347701873697,0.0021894089901318254,1.0,0.9666666666666667,0.0013674955685616594,0.0037270754141817382,2,0.04701464334841579,0.007072993513915875,0.15043915195418042,confidence,confidence,confidence,confidence
1320,9,90,-0.020453970962100557,0.0016548796950154048,-0.9253235137062692,0.07739681363386196,0.14563876887162527,0.0007632015764113349,0.3777812553776635,0.0006946516408096611,0.25336202846633066,0.21542021963331434,0.06773525985403238,0.003823058589395626,0.00025752687542979387,0.00040650012893750186,1.0,0.9777777777777777,0.0005291542232465292,0.0008989765268047762,6,0.014250351941397614,0.002023009282639412,0.1419520962613332,confidence,confidence,confidence,confidence
1321,9,90,-0.025714286830690172,0.0065054699701798105,-1.4328120822660464,0.38019160671792845,0.15761798388428158,0.008047540120254477,0.3742429809437858,0.0031928779398816515,0.27020314402050444,0.23348285026020474,0.12725114079339375,0.03222432986026545,0.0029921748723930547,0.002891942119030265,0.6555555555555556,0.4,0.0012038563408591006,0.003882806274120853,3,0.03711424043613193,0.0026570366890965925,0.0715888313769335,confidence,confidence,confidence,confidence
1322,9,90,-0.004645146263970269,0.015418622767293172,-0.08742047220995833,1.1775871605371486,0.1646676417854097,0.009875289799575913,0.3851806167099211,0.009403329323969806,0.18842548992898728,0.166675023900138,0.08948862369292589,0.025420296877006622,0.003818742570609482,0.004952260922728409,0.8777777777777778,0.8555555555555555,0.006903828027295896,0.012116261462545054,1,0.09458373841083155,0.023760836130280412,0.2512121567337273,confidence,confidence,confidence,confidence
1323,9,90,0.004784050252702501,0.009714686260554828,-2.994820616575638,1.2757870992328304,0.1432317313220766,0.008366986754537054,0.3709255218505859,0.0027241815603629978,0.13575276798672145,0.19069208833906387,0.12407925469088274,0.05607421350422605,0.007038804115691976,0.003629384591297015,0.6444444444444445,0.8111111111111111,0.012474222674178586,0.0041620816042648974,2,0.10731390722205923,0.02506873719108322,0.23359976577354938,confidence,confidence,confidence,confidence
1324,9,90,-0.019458631012174817,0.003498271730443227,-1.1018374353506923,0.6209323506237395,0.15618400507503086,0.004735260769762198,0.36873523592948915,0.0035288749247193497,0.2531136115392049,0.22745596832699247,0.17196773749948346,0.03765320479861699,0.005970074752062369,0.0063975149848777965,0.5666666666666667,0.5333333333333333,0.006478267433073896,0.005453828835273563,2,0.10020703720951864,0.007352202209226096,0.07336938646801196,confidence,confidence,confidence,confidence
1325,9,90,-0.011639920870463054,0.00527222770301498,-0.6090993487714504,0.42826353630827885,0.157289880183008,0.004192849214585675,0.3783238225513034,0.0044136780904878055,0.17692404323154026,0.20092472301589118,0.1040668289263037,0.030050168351676912,0.0035766486187007616,0.0033265861723266337,1.0,0.8444444444444444,0.0022862151894380615,0.0049164929397926905,3,0.062308144283463256,0.007893287326596641,0.126679437141484,confidence,confidence,confidence,confidence
1326,9,90,-0.01606923540433248,0.004446521829812094,-1.2112303770893607,0.34013127567986756,0.1499556885825263,0.0016620797958134008,0.3717463225126266,0.0030017118665540115,0.1959202037917243,0.20270752310752868,0.07219181101238815,0.009550155189351886,0.0008405005627849081,0.0009178770383724492,1.0,0.9888888888888889,0.005187824684320213,0.004381399386087985,1,0.044889269680875116,0.016214782727453834,0.36120929641823735,confidence,confidence,confidence,confidence
1327,9,90,-0.020719330178366767,0.0018539559529889241,-0.10874939552165469,0.48998152670707307,0.1462563802798589,0.0035402093245331524,0.36829195651743146,0.005361959501868581,0.21226296756002638,0.21645642518997193,0.10331459306358659,0.023814637964680814,0.0026096431102205146,0.002580018031576645,0.9888888888888889,0.6777777777777778,0.003909425425489418,0.005392930981795865,1,0.07501915753050183,0.014653143393857274,0.1953227489278408,confidence,confidence,confidence,confidence
1328,9,90,-0.017777799235449896,0.001721038911177362,-0.6462737026093502,0.3027944792003599,0.1396415481964747,0.002077838758268351,0.36419456203778583,0.00476596327382154,0.23398636844423082,0.20747869610786437,0.06451192055579939,0.011755236848886564,0.0007051436454876098,0.0008964220735474996,0.9777777777777777,1.0,0.00080912744848741,0.0035924327943796974,3,0.034623458256676336,0.01017380726849219,0.2938329660805729,confidence,confidence,confidence,confidence
1329,9,90,-0.021141815847820707,0.006764929626234062,-0.9550271890630571,0.24748426435572607,0.14604007237487368,0.004018424295000758,0.372651763425933,0.004705665419828172,0.20165488786167568,0.1954252494706048,0.0946730292835994,0.01322316382934489,0.005883398197069745,0.004383932092769478,0.8666666666666667,0.8444444444444444,0.001301902824968869,0.004020822798285123,7,0.06865144131791251,0.003471722765525063,0.05056954565458746,confidence,confidence,confidence,confidence
1330,9,90,-0.009898504283693101,0.002493429642359572,-0.8921835505766893,0.24335091848543244,0.1525622586409251,0.0036033808180472035,0.3752080632580651,0.003190226909419107,0.2092958450317383,0.1935955325762431,0.11842446294340468,0.03338746608534934,0.00379628717670787,0.003908705211923673,0.8888888888888888,0.8333333333333334,0.0023699342917806064,0.003282248623198846,3,0.059733547167907776,0.010717910818821449,0.17942566449352138,confidence,confidence,confidence,confidence
1331,9,90,-0.012569870551427205,0.009160095800337291,0.34043190422873604,0.6504222089479059,0.1617253581682841,0.009743223622128577,0.39430623981687757,0.02327567480086546,0.32838101155228083,0.29361889792813195,0.12353647908446114,0.06881483447413014,0.005087994583603779,0.004932036618162848,0.5888888888888889,0.7,0.0612076379139341,0.005513398998553283,1,0.27294527176055566,0.13510348720276194,0.4949819842979302,confidence,confidence,confidence,confidence
1332,9,90,-6.81456592347819e-05,0.015018012957159738,-0.24583286318288225,0.8827341266461922,0.19953568710221184,0.01040630663359954,0.5016239250699679,0.013210514704097584,0.3161085665225983,0.32237930132283105,0.14432903971756347,0.06306823346349633,0.006624585509428324,0.006391654298803395,0.37777777777777777,0.8,0.028852338596824557,0.015516766182558775,1,0.17241650269777725,0.10018758263504803,0.5810754770683708,confidence,confidence,confidence,confidence
1333,9,90,-0.010393471519152323,0.010176869966584203,0.29719198230621624,0.6030500743637777,0.19564573847585254,0.004625053589219791,0.4879624477691121,0.003825814828158958,0.2496012932724423,0.26002447108427684,0.13907054030282703,0.05804588888410934,0.004395362948557814,0.004225805650839905,0.9,0.9222222222222223,0.01116957765053707,0.01171255313396695,1,0.08682028894802418,0.04148991809003768,0.47787724177736796,confidence,confidence,confidence,confidence
1334,9,90,-0.016607131891780428,0.004852863319541708,0.39678589733817826,0.11767372678828149,0.1944856772820155,0.003709047109066483,0.49655078169372346,0.002480448536504466,0.3101004421710968,0.2940291970968246,0.09544408361150473,0.011073265535962148,0.0014823459375067646,0.001779048243900867,0.9888888888888889,0.9333333333333333,0.002554336497871419,0.0016088182577216575,1,0.024598250342730048,0.01068822215801673,0.43449381623840744,confidence,confidence,confidence,confidence
1335,9,90,-0.018820882505840724,0.005720259703502513,0.38012365180618257,0.2929661758476622,0.19141231659385893,0.003478443336813157,0.49259156518512304,0.005560832358534167,0.300287456313769,0.2768952624665366,0.1447582002914341,0.041097199233903384,0.002394534342720349,0.002822444155964974,1.0,0.7,0.004356000905201739,0.003188097066298005,1,0.04665526088158544,0.013294254686942739,0.2849404224801433,confidence,confidence,confidence,confidence
1336,9,90,-0.010255557960934105,0.008735421137566283,0.1674031178232804,0.92356524691421,0.1879759637845887,0.0056957781293363995,0.486127574245135,0.008415111817496974,0.3165493084324731,0.30865413745244347,0.19020759159908762,0.06640470680066239,0.0049537330154431946,0.0032714575219425163,0.9,1.0,0.00694717400081045,0.005002060461968148,2,0.07131123447430567,0.01701072262615207,0.23853862877177354,confidence,confidence,confidence,confidence
1337,9,90,-0.002048235469394259,0.005455198388684467,-0.6071552191063299,0.4598818515418736,0.18893519855207866,0.004455563894431364,0.4831745707326465,0.0025937557005527782,0.24037780231899686,0.2442153321372138,0.07976880084371463,0.00687111016555519,0.0014610685323491709,0.0015679319048288603,1.0,0.9777777777777777,0.007418963154031596,0.008687582591849959,1,0.06848737091170365,0.046533431631253265,0.6794355160125642,confidence,confidence,confidence,confidence
1338,9,90,-0.0014230532778633977,0.005794333033789531,-0.034136060183369,0.4784959088279202,0.1985746431681845,0.006549616639216167,0.49356808380948175,0.005024544295693653,0.32696950336297353,0.33122023940086365,0.14315146269739024,0.06490437187103208,0.003557288744949427,0.0035373683243287816,0.9333333333333333,0.9777777777777777,0.004324732470583779,0.005798266583860469,3,0.07617269692125438,0.022040426909230474,0.28934432487916495,confidence,confidence,confidence,confidence
1339,9,90,0.005328169796201921,0.00908406794752564,-0.18005626823155374,0.2127787299396176,0.2057898226711485,0.002302557291843214,0.4884617739253574,0.0026808977996746926,0.3000086489650938,0.3127633310026593,0.09121040042167547,0.010121926833249787,0.001970298800365017,0.0013513779191951653,0.9888888888888889,1.0,0.002158757612112592,0.005021033439676971,1,0.04093527129539341,0.011644486021560142,0.2844539977159694,confidence,confidence,confidence,confidence
1340,9,90,0.0035167098045349146,0.01196885703505219,-0.31956326133375573,0.2067417326489051,0.20875946068101459,0.0030827705012848555,0.4913937369982401,0.004532852468330254,0.3184095438983705,0.3312895890739229,0.19625968807899644,0.05177488808397319,0.00533452696331725,0.004825091605542962,0.8,1.0,0.0036927360883553667,0.004446558213770521,2,0.09299585166262507,0.004130416405893023,0.04441458320414319,confidence,confidence,confidence,confidence
1341,9,90,0.004493766360812712,0.024049030843418907,-0.3714994716839394,0.4741354106221655,0.19714231888453165,0.00495095654497254,0.4883960713942846,0.006582892595340635,0.26139853133095636,0.2579149650202857,0.10876633544538365,0.027381323450654277,0.0051437726931090055,0.004392784865879582,0.8777777777777778,0.9333333333333333,0.003026301272825188,0.00668822614056788,3,0.09527531047964764,0.029940884841570457,0.31425319358862297,confidence,confidence,confidence,confidence
1342,9,90,-0.017042651110225255,0.012100736528681235,-0.0857041140295279,0.4658893456820823,0.19551930129528045,0.006474229686391219,0.491452233824465,0.006930197319891657,0.2853294018242094,0.3011617620786031,0.16762147263824534,0.05806755501522837,0.005225306112709917,0.003493891534134033,0.9555555555555556,0.9666666666666667,0.004315933802891137,0.008180859537803007,1,0.07342778580363057,0.0262361552207656,0.3573006816554005,confidence,confidence,confidence,confidence
1343,9,90,0.010647906197441947,0.009446225088315247,-1.0607749139917353,0.6597465386569735,0.1958682123157713,0.00584370406403139,0.4842198501030604,0.00354547216543031,0.15236203339364793,0.1793357445134057,0.15696890486665513,0.01973051087818097,0.00685658335212252,0.008151837545581894,0.9777777777777777,0.8777777777777778,0.0026913764860884105,0.004233725424529423,3,0.05332405358249369,0.008515358727923559,0.15968776692835995,confidence,confidence,confidence,confidence
1344,9,90,0.015743922524982024,0.0074591057019207496,-0.42540195057273067,0.47342941863202836,0.1900391462776396,0.0033940263786222647,0.48937845329443613,0.006305999183020605,0.28241224388281505,0.3125514484114117,0.10845126026055757,0.03980067913124678,0.002881754878671916,0.0013443218265399822,0.8333333333333334,1.0,0.0034447218136573515,0.0014292222379218072,2,0.03370932252092874,0.004618575721163814,0.13700775832970494,confidence,confidence,confidence,confidence
1345,9,90,0.02829732530646855,0.00815409918990078,-0.8248648516383585,0.528207750991158,0.19018534090783862,0.012194634615174487,0.48218573944436177,0.010445151628684346,0.28765496611595154,0.3260045650932524,0.12425446618365571,0.07460363770879015,0.004908062683537258,0.003925608635140318,0.8222222222222222,0.9888888888888889,0.025362496842905622,0.005450694689966377,1,0.13322710531069837,0.09446851404866176,0.7090734633533502,confidence,confidence,confidence,confidence
1346,9,90,0.0010289185576968735,0.027062872470399128,-1.1163396797573364,0.5667570318326973,0.21202680551343495,0.020506959850068295,0.49617411626709834,0.039954913823135416,0.32832486430803937,0.32544741961691115,0.10976995318098087,0.02919418759178422,0.0042699888944646045,0.004017037454184695,0.8777777777777778,0.9444444444444444,0.0346312010071801,0.004426916900919274,2,0.2223420928132652,0.0680558230503511,0.30608471884263916,confidence,confidence,confidence,confidence
1347,9,90,-0.015442210767004244,0.0018835227176451732,-0.8190838304618222,0.33998492809676367,0.18108748015430237,0.005821506270136923,0.4328724127676752,0.0026845411832124894,0.26775121523274314,0.24963023993704053,0.10534874994902657,0.022968263083421283,0.002392378872651934,0.0029800698368442585,1.0,0.7,0.0032688521820904135,0.003791348488178869,2,0.05571302843057731,0.009808369219217532,0.17604846562907026,confidence,confidence,confidence,confidence
1348,9,90,-0.02168950339158379,0.002383421398032496,-0.7951663125950855,0.28969725408212244,0.17261062347226672,0.005101419976607932,0.42983159273862837,0.004140555674019736,0.2594595905807283,0.23464696738455032,0.0934622545066978,0.021939575494372202,0.0010504567371228419,0.001479072464052837,1.0,0.3888888888888889,0.002097064476226529,0.003604798728706496,1,0.036175928962484206,0.009486222683139325,0.262217467186798,confidence,confidence,confidence,confidence
1349,9,90,-0.02244526280297176,0.0033906257900745192,-0.36542764499574076,0.19730438560869867,0.17827216353681352,0.005115316793002679,0.4326459222369724,0.002885307497650575,0.24667516416973537,0.23032322128613789,0.13216319961550219,0.03493543351074769,0.0038246445863994697,0.0014890325562186531,1.0,0.7888888888888889,0.0014941615853946181,0.002569437125476697,3,0.048625771032860476,0.005814729834328613,0.11957877750918723,confidence,confidence,confidence,confidence
1350,9,90,-0.017155882385042003,0.0018043390489421583,-0.06035458084141272,0.2716293807973062,0.17191538512706755,0.0025825118938763644,0.4345170554187563,0.0035010835743156136,0.20654863781399196,0.21011896861924065,0.09920821201628038,0.025843997263735676,0.0017159966125230566,0.002423192730102263,0.9777777777777777,0.28888888888888886,0.0029382679366323217,0.0032428064981166443,2,0.0440352862229329,0.0033664380399169368,0.07644691068802681,confidence,confidence,confidence,confidence
1351,9,90,-0.015182394451565242,0.002282346488094067,-0.17476588916318228,0.30415985610764407,0.17456775340769026,0.001590139708795655,0.43085213171111214,0.005082459727916893,0.20880239009857177,0.2148462328645918,0.12008348406967259,0.038313566219070005,0.0027174156125343743,0.001457378785813017,0.9666666666666667,0.6555555555555556,0.003151638589072873,0.004648052660903672,2,0.05190865696915797,0.014838892864340059,0.2858599676965032,confidence,confidence,confidence,confidence
1352,9,90,-0.022490770618120853,0.002793855414588758,-1.2487116113215175,0.28915908854509687,0.1752860719958941,0.0021386616984573827,0.41902722401751413,0.001955483509574438,0.20704740054077572,0.20974013672934638,0.08454986287495614,0.02388804031987686,0.0023044766556894595,0.0016188836989796966,0.8111111111111111,0.35555555555555557,0.0022888496622915414,0.003946544088719491,1,0.04362449302600043,0.00863920136004094,0.19803103095916985,confidence,confidence,confidence,confidence
1353,9,90,-0.01539377305242753,0.0020386155933911627,-0.2506976520645671,0.3346496538327492,0.16938814851972792,0.0027445230877171166,0.41574188040362464,0.0023660580056353276,0.20944438113106623,0.22596055600378248,0.1445416410781637,0.028560576590929778,0.003184325377053332,0.001495367665027519,0.9444444444444444,0.9444444444444444,0.003118315573570421,0.002233928132131806,3,0.04777388989208005,0.007464467595852759,0.1562424866433903,confidence,confidence,confidence,confidence
1354,9,90,-0.014803647994995133,0.006343788090608967,0.56287651220113,0.9731460884597171,0.17483336296346452,0.005447484232723558,0.4228689147366418,0.0034983106192261583,0.2021666318178177,0.22761054072115156,0.09904428764849524,0.037109502964757284,0.0031010339228433083,0.003013404654032189,1.0,0.4444444444444444,0.005551645947580285,0.004014560580486883,2,0.06805266144819,0.008322007511736127,0.12228596279234384,confidence,confidence,confidence,confidence
1355,9,90,-0.019987640778223695,0.006697636121766637,-0.5694012380002176,1.0280450088334998,0.166427015264829,0.005023535407039644,0.41664505302906035,0.007848362400085662,0.18538079692257775,0.2163614508178499,0.12669310618184207,0.042891532959456795,0.007126953675232564,0.004770899278251148,0.8444444444444444,0.8,0.0058427000675125825,0.005015854768255478,1,0.09931738222704946,0.012906621892017424,0.12995199481312425,confidence,confidence,confidence,confidence
1356,9,90,-0.023385788334740563,0.0023855597006260136,-0.47408694558037073,0.3826910302867328,0.16702840758694543,0.005230537233822509,0.41913723780049217,0.004818999701620123,0.24096277289920384,0.24590194755130343,0.10395560380795625,0.04935713683508276,0.004762087395085569,0.003475790367015906,0.9666666666666667,0.8888888888888888,0.0014668750464052179,0.005343462124598191,5,0.08133963407318703,0.004928528683792958,0.0605912252830297,confidence,confidence,confidence,confidence
1357,9,90,-0.020655012130737324,0.0036176824762919695,-1.1387790374206368,0.6026661965646726,0.16784041225910187,0.007205622820934365,0.41583659880691104,0.008592492270895147,0.21773519151740603,0.20778672728273603,0.09399370143819931,0.04017797458648754,0.004821369706889248,0.0030926015460645264,0.9666666666666667,0.8888888888888888,0.002837318409860199,0.006083293104980223,2,0.055587711617745374,0.016802467332120662,0.3022640180557247,confidence,confidence,confidence,confidence
1358,9,90,-0.01049040622181363,0.009294248573943115,2.411803764906328,1.1611891631588005,0.17118512491385143,0.009664070201482054,0.4336965560913086,0.0026106115650208475,0.16963447696632808,0.12258064647515615,0.05479092368637247,0.03428027870346691,0.0035673197257846618,0.006766983070287396,0.8111111111111111,0.9888888888888889,0.008888063791911836,0.005932275487347767,2,0.08286951086902127,0.012068049533859253,0.1456253787663151,confidence,confidence,confidence,confidence
1359,9,90,-0.0009123477670881409,0.011933603445980009,-0.00682734967136605,2.138011294418614,0.1900491972764333,0.01255656107921369,0.42883965935972,0.008886309276180736,0.1834973371691174,0.20623647338814205,0.1072925177339838,0.04138056514397483,0.0040004441069972875,0.0030288368916837802,0.9666666666666667,0.5444444444444444,0.005698970833564596,0.01233787346897921,2,0.10233449507778325,0.012372220392873558,0.1208986225499732,confidence,confidence,confidence,confidence
1360,9,90,-0.015356672141287081,0.006345418381530634,-3.6153702405800088,1.0149353509475638,0.16555459118551677,0.0028345306790232023,0.4180539983842108,0.004670979088472133,0.1602793104118771,0.1931634051932229,0.11751095104582066,0.05755657437077736,0.003579943273109411,0.0017528085016978215,0.8666666666666667,0.8444444444444444,0.0036497694952375916,0.005772383914699348,3,0.08468172632486189,0.01961228218929937,0.2315971986313037,confidence,confidence,confidence,confidence
1361,9,90,-0.007510102126333466,0.0035984953103589718,-1.2171979403993494,0.6204307405809324,0.17216760135359235,0.0012021731736048405,0.42450934400161106,0.0017885162138574812,0.18550141784879898,0.20171206560399796,0.09322589314531188,0.028699552413094333,0.001287760382246844,0.0014368939356338719,0.9333333333333333,0.6333333333333333,0.00348107408846123,0.003373049075489587,1,0.039359037844477626,0.007927024443113134,0.2013977850944909,confidence,confidence,confidence,confidence
1362,9,90,-0.01527850694126555,0.0029007921723342212,-1.1683895496097871,0.18793939694507802,0.1703755603896247,0.0025107021704833194,0.4218173096577326,0.0030246708110264497,0.17595556014113956,0.22185222870773738,0.1108005813294878,0.04192903509671529,0.001716652398345146,0.003693447791073087,0.9555555555555556,0.5,0.0016923648069345737,0.0021006169276206145,2,0.040113087370444056,0.004075221451456458,0.10159078066073787,confidence,confidence,confidence,confidence
1363,9,90,-0.012279822760158137,0.002672066389739715,-0.779403513984705,0.3919600801066277,0.1716853815648291,0.004089408845468052,0.4207351957758268,0.0020734879150576687,0.18835891915692224,0.22644531263245476,0.13272078947946056,0.015554474224494274,0.003913859062016712,0.0026503047874383116,0.8888888888888888,0.8555555555555555,0.0045677952422866494,0.0028685303117717185,1,0.05436579965101903,0.012925076003624966,0.23773840076280273,confidence,confidence,confidence,confidence
1364,9,90,-0.01634510523743102,0.0024729295029453256,-0.7245922238600941,0.6109653747536268,0.1717205211520195,0.005878256438563183,0.4207939109868474,0.002779343630012553,0.26363621056079867,0.24236864513821071,0.1073273946360632,0.053209891926150596,0.0029814563421449694,0.002164469557844652,0.9333333333333333,0.8333333333333334,0.0035182692819820693,0.0050826302507594534,2,0.057819175340788384,0.010048407140269496,0.17378721321830715,confidence,confidence,confidence,confidence
1365,9,90,-0.036378174689081,0.014982870854252602,-1.5407231625518807,0.8576802814548501,0.1788197903169526,0.007258559591699095,0.4421930228670438,0.02193304693239015,0.2636658645338482,0.2625197205278609,0.08756870959572848,0.02195360827785091,0.002021377557716625,0.003921226930919059,1.0,0.5333333333333333,0.024925225274834675,0.003708525847360577,1,0.08637203097610467,0.06420300807519043,0.7433223929926965,confidence,confidence,confidence,confidence
1366,9,90,-0.04516102472941081,0.005862052786993288,-0.4551677649957443,0.6219443069511958,0.1781067007117801,0.005863182016019193,0.47387744353877176,0.004251203570016456,0.2933255940675735,0.2789373533593284,0.10258042028060811,0.03154476701286244,0.002227482672246829,0.0038488988482537775,0.9888888888888889,0.6444444444444445,0.004957714098520634,0.004827540624914217,2,0.05793116537074422,0.008748447386584784,0.151011917655727,confidence,confidence,confidence,confidence
1367,9,90,-0.02269647651248508,0.009271068812642693,-1.240690921932712,0.4723346767009969,0.1849093324608273,0.004741223068105933,0.4538735651307636,0.006698396295853243,0.28725548121664257,0.2749691095617082,0.15862751700380123,0.03275523256100746,0.0034747442931728277,0.004284752459945323,0.9777777777777777,0.8666666666666667,0.0052197493973511755,0.006350622602058083,2,0.08116813337132876,0.01329284423629762,0.1637672312637137,confidence,confidence,confidence,confidence
1368,9,90,-0.025660899612638694,0.008956785608433937,-1.8917867058967344,1.225798562483761,0.18593522840076024,0.008943482058247404,0.43459985587331984,0.017515671064080352,0.33401641845703123,0.3172117676999834,0.11176868577910223,0.054304189177487194,0.0038604270310136856,0.0036693673998374867,0.8666666666666667,0.9555555555555556,0.00993842968164309,0.009207544561733652,3,0.12560143477078348,0.04207401186810448,0.3349776773426956,confidence,confidence,confidence,confidence
1369,9,90,-0.010174452265103658,0.0035008561917601894,-0.19623338462607628,0.8785997113577607,0.15255564335319732,0.010646005359030708,0.3737636693649822,0.015158316810817835,0.35230230258570777,0.3327174484729767,0.1763034954526337,0.037491005458147715,0.0031773184325059245,0.004678902017485006,1.0,0.5777777777777777,0.05197616800310843,0.008848400756550643,1,0.2220203103404044,0.15640180073061596,0.7044449944503967,confidence,confidence,confidence,confidence
1370,9,90,-0.006667284170786539,0.0019384297364987695,0.4568991764776253,0.276012101175749,0.14431674910916223,0.0008528212934342713,0.3635559529066086,0.0021442250575510646,0.37439285450511506,0.3420027428203159,0.1849604666811342,0.0020875293450026496,0.0005430613774656824,0.0003603907971987977,1.0,1.0,0.00332300830032733,0.0033709736401422658,1,0.02917975193406662,0.011285487157245274,0.3867442203937934,confidence,confidence,confidence,confidence
1371,9,90,-0.006678044464853072,0.005140946226005172,-0.7185761246160006,1.1804327107233374,0.16092455486456553,0.019957582566106385,0.3814637338121732,0.03573325069707951,0.3462488571802775,0.343003487918112,0.15846222491375642,0.06926630984780317,0.005974415875894455,0.00436148315704293,0.7888888888888889,0.9,0.016688118930347835,0.011882084065224912,3,0.16605335738271046,0.0652486490896118,0.392935482802365,confidence,confidence,confidence,confidence
